customer_id,segment_name,behavioral_state,primary_country,lifetime_orders,total_value,recency_days,average_order_value,recent_90d_value,prior_90d_value,value_momentum_pct,frequency_momentum_pct,product_count,primary_active_signal,insufficient_history
12346,High-Value Stable,DORMANT,United Kingdom,12,77556.46,325,6463.0383,0.0,0.0,0.0,0.0,27,HISTORICAL_VALUE_DORMANT,False
12347,High-Value Stable,ENGAGED,Iceland,8,4921.53,2,615.1912,1519.14,584.91,1.5972,1.0,126,POSITIVE_MOMENTUM,False
12348,Emerging Engagement,SOFTENING,Finland,5,2019.4,75,403.88,310.0,0.0,1.0,1.0,25,POSITIVE_MOMENTUM,False
12349,Emerging Engagement,ENGAGED,Italy,4,4428.69,18,1107.1725,1757.55,0.0,1.0,1.0,138,POSITIVE_MOMENTUM,False
12350,Unsegmented (Insufficient History),DORMANT,Norway,1,334.4,310,334.4,0.0,0.0,0.0,0.0,17,None,True
12351,Unsegmented (Insufficient History),DORMANT,Unspecified,1,300.93,375,300.93,0.0,0.0,0.0,0.0,21,None,True
12352,High-Value Stable,SOFTENING,Norway,10,2849.84,36,284.984,944.23,0.0,1.0,1.0,70,POSITIVE_MOMENTUM,False
12353,Low-Activity / Long-Recency,DORMANT,Bahrain,2,406.76,204,203.38,0.0,0.0,0.0,0.0,23,None,False
12354,Unsegmented (Insufficient History),DORMANT,Spain,1,1079.4,232,1079.4,0.0,0.0,0.0,0.0,58,None,True
12355,Low-Activity / Long-Recency,DORMANT,Bahrain,2,947.61,214,473.805,0.0,0.0,0.0,0.0,35,None,False
12356,High-Value Stable,ENGAGED,Portugal,6,6371.73,22,1061.955,58.35,0.0,1.0,1.0,104,POSITIVE_MOMENTUM,False
12357,Emerging Engagement,ENGAGED,Switzerland,3,18287.66,33,6095.8867,6207.67,0.0,1.0,1.0,261,POSITIVE_MOMENTUM,False
12358,Emerging Engagement,REACTIVATED,Austria,5,3887.07,1,777.414,683.2,484.86,0.4091,0.0,56,None,False
12359,High-Value Stable,ENGAGED,Cyprus,10,8873.39,57,887.339,2814.3,0.0,1.0,1.0,305,POSITIVE_MOMENTUM,False
12360,High-Value Stable,ENGAGED,Austria,8,4252.89,52,531.6112,1043.78,534.7,0.9521,0.0,160,None,False
12361,Low-Activity / Long-Recency,DORMANT,Belgium,4,511.25,287,127.8125,0.0,0.0,0.0,0.0,18,None,False
12362,Emerging Engagement,ENGAGED,Belgium,11,5356.23,3,486.93,3478.88,773.01,3.5004,2.0,201,POSITIVE_MOMENTUM,False
12363,Low-Activity / Long-Recency,DORMANT,Unspecified,2,552.0,109,276.0,0.0,252.9,-1.0,-1.0,23,None,False
12364,Emerging Engagement,ENGAGED,Belgium,4,1313.1,7,328.275,689.18,623.92,0.1046,2.0,70,None,False
12365,Low-Activity / Long-Recency,DORMANT,Cyprus,2,641.38,291,320.69,0.0,0.0,0.0,0.0,22,None,False
12366,Unsegmented (Insufficient History),DORMANT,Cyprus,1,500.24,633,500.24,0.0,0.0,0.0,0.0,3,None,True
12367,Unsegmented (Insufficient History),EMERGING,Denmark,1,168.9,4,168.9,168.9,0.0,1.0,1.0,11,EMERGING_BROADENING,True
12368,Unsegmented (Insufficient History),DORMANT,Cyprus,1,917.7,628,917.7,0.0,0.0,0.0,0.0,18,None,True
12369,Low-Activity / Long-Recency,DORMANT,Austria,3,1791.15,413,597.05,0.0,0.0,0.0,0.0,90,None,False
12370,High-Value Stable,ENGAGED,Austria,7,4316.56,51,616.6514,739.28,0.0,1.0,1.0,168,POSITIVE_MOMENTUM,False
12371,Emerging Engagement,ENGAGED,Switzerland,5,4067.38,44,813.476,1887.96,0.0,1.0,1.0,134,POSITIVE_MOMENTUM,False
12372,Emerging Engagement,SOFTENING,Denmark,3,1298.04,71,432.68,383.12,0.0,1.0,1.0,34,POSITIVE_MOMENTUM,False
12373,Low-Activity / Long-Recency,DORMANT,Austria,3,1127.65,311,375.8833,0.0,0.0,0.0,0.0,36,None,False
12374,Emerging Engagement,ENGAGED,Austria,4,2989.22,25,747.305,742.93,0.0,1.0,1.0,79,POSITIVE_MOMENTUM,False
12375,Low-Activity / Long-Recency,ENGAGED,Finland,2,457.5,10,228.75,227.2,230.3,-0.0135,0.0,14,None,False
12376,Low-Activity / Long-Recency,DORMANT,Switzerland,2,503.15,389,251.575,0.0,0.0,0.0,0.0,11,None,False
12377,Low-Activity / Long-Recency,DORMANT,Switzerland,4,3426.32,315,856.58,0.0,0.0,0.0,0.0,129,HISTORICAL_VALUE_DORMANT,False
12378,Low-Activity / Long-Recency,DORMANT,Switzerland,2,5416.32,129,2708.16,0.0,4008.62,-1.0,-1.0,281,HIGH_VALUE_SOFTENING,False
12379,Low-Activity / Long-Recency,SOFTENING,Belgium,4,1620.22,81,405.055,392.4,459.84,-0.1467,0.0,58,None,False
12380,High-Value Stable,ENGAGED,Belgium,11,9676.3,21,879.6636,2117.26,0.0,1.0,1.0,156,POSITIVE_MOMENTUM,False
12381,Emerging Engagement,ENGAGED,Norway,5,1845.31,4,369.062,576.57,1268.74,-0.5456,3.0,70,None,False
12383,Low-Activity / Long-Recency,DORMANT,Belgium,5,1850.56,184,370.112,0.0,0.0,0.0,0.0,84,None,False
12384,Low-Activity / Long-Recency,ENGAGED,Switzerland,2,585.27,28,292.635,292.58,292.69,-0.0004,0.0,26,None,False
12385,Unsegmented (Insufficient History),DORMANT,Belgium,1,1938.4,379,1938.4,0.0,0.0,0.0,0.0,65,None,True
12386,Low-Activity / Long-Recency,DORMANT,Australia,2,401.9,337,200.95,0.0,0.0,0.0,0.0,10,None,False
12387,Unsegmented (Insufficient History),DORMANT,Australia,1,143.94,415,143.94,0.0,0.0,0.0,0.0,9,None,True
12388,High-Value Stable,SOFTENING,Australia,8,3901.11,15,487.6388,1112.32,902.09,0.233,1.0,83,None,False
12389,Low-Activity / Long-Recency,DORMANT,Australia,3,1433.33,402,477.7767,0.0,0.0,0.0,0.0,41,None,False
12390,Unsegmented (Insufficient History),SOFTENING,Belgium,1,549.84,79,549.84,549.84,0.0,1.0,1.0,32,POSITIVE_MOMENTUM,True
12391,Emerging Engagement,ENGAGED,Cyprus,6,2724.84,21,454.14,439.66,0.0,1.0,1.0,241,POSITIVE_MOMENTUM,False
12392,Unsegmented (Insufficient History),DORMANT,Australia,1,234.75,591,234.75,0.0,0.0,0.0,0.0,7,None,True
12393,Emerging Engagement,SOFTENING,Australia,6,2399.45,72,399.9083,521.5,0.0,1.0,1.0,63,POSITIVE_MOMENTUM,False
12394,Emerging Engagement,ENGAGED,Belgium,2,1272.48,63,636.24,891.4,0.0,1.0,1.0,26,POSITIVE_MOMENTUM,False
12395,High-Value Stable,ENGAGED,Belgium,15,4721.17,19,314.7447,1119.06,329.85,2.3926,1.0,145,POSITIVE_MOMENTUM,False
12396,Unsegmented (Insufficient History),DORMANT,RSA,1,931.43,674,931.43,0.0,0.0,0.0,0.0,65,None,True
12397,Low-Activity / Long-Recency,ENGAGED,Belgium,2,2409.9,35,1204.95,1195.09,1214.81,-0.0162,0.0,110,None,False
12398,Unsegmented (Insufficient History),EMERGING,Switzerland,1,1635.66,45,1635.66,1635.66,0.0,1.0,1.0,85,EMERGING_BROADENING,True
12399,Low-Activity / Long-Recency,DORMANT,Belgium,7,1962.3,119,280.3286,0.0,209.62,-1.0,-1.0,67,None,False
12400,Unsegmented (Insufficient History),DORMANT,Australia,1,205.25,414,205.25,0.0,0.0,0.0,0.0,11,None,True
12401,Unsegmented (Insufficient History),DORMANT,Belgium,1,84.3,303,84.3,0.0,0.0,0.0,0.0,5,None,True
12402,Low-Activity / Long-Recency,DORMANT,Belgium,6,1256.9,323,209.4833,0.0,0.0,0.0,0.0,43,None,False
12403,Emerging Engagement,ENGAGED,Denmark,2,1019.36,49,509.68,427.7,0.0,1.0,1.0,5,POSITIVE_MOMENTUM,False
12404,Unsegmented (Insufficient History),DORMANT,Finland,1,63.24,682,63.24,0.0,0.0,0.0,0.0,1,None,True
12405,Unsegmented (Insufficient History),DORMANT,Finland,1,1710.39,148,1710.39,0.0,1710.39,-1.0,-1.0,54,None,True
12406,Emerging Engagement,ENGAGED,Denmark,5,6390.36,22,1278.072,1794.05,0.0,1.0,1.0,114,POSITIVE_MOMENTUM,False
12407,Low-Activity / Long-Recency,SOFTENING,Belgium,5,1708.12,49,341.624,300.76,911.4,-0.67,-0.5,57,None,False
12408,High-Value Stable,ENGAGED,Belgium,8,4340.77,32,542.5962,754.5,1296.46,-0.418,-0.5,104,BROAD_ENGAGEMENT_SOFTENING,False
12409,High-Value Stable,SOFTENING,Switzerland,7,23419.29,78,3345.6129,4865.59,0.0,1.0,1.0,177,POSITIVE_MOMENTUM,False
12410,Low-Activity / Long-Recency,DORMANT,Switzerland,3,1013.71,308,337.9033,0.0,0.0,0.0,0.0,36,None,False
12411,Unsegmented (Insufficient History),DORMANT,Australia,1,346.9,409,346.9,0.0,0.0,0.0,0.0,22,None,True
12412,Low-Activity / Long-Recency,SOFTENING,Denmark,6,2596.93,74,432.8217,336.14,890.74,-0.6226,-0.5,82,None,False
12413,Emerging Engagement,ENGAGED,France,4,999.45,66,249.8625,194.2,0.0,1.0,1.0,41,POSITIVE_MOMENTUM,False
12414,Low-Activity / Long-Recency,DORMANT,Austria,6,952.41,217,158.735,0.0,0.0,0.0,0.0,21,None,False
12415,High-Value Stable,ENGAGED,Australia,28,144458.37,24,5159.2275,22826.65,51203.98,-0.5542,-0.25,498,HIGH_VALUE_SOFTENING,False
12416,Unsegmented (Insufficient History),DORMANT,Australia,1,202.56,656,202.56,0.0,0.0,0.0,0.0,11,None,True
12417,High-Value Stable,ENGAGED,Belgium,20,6797.41,3,339.8705,832.58,918.25,-0.0933,0.0,270,None,False
12418,Low-Activity / Long-Recency,DORMANT,Switzerland,4,2021.2,112,505.3,0.0,668.58,-1.0,-1.0,90,BROAD_ENGAGEMENT_SOFTENING,False
12419,Low-Activity / Long-Recency,DORMANT,Spain,2,503.01,385,251.505,0.0,0.0,0.0,0.0,23,None,False
12420,Unsegmented (Insufficient History),EMERGING,Cyprus,1,600.39,63,600.39,600.39,0.0,1.0,1.0,29,EMERGING_BROADENING,True
12421,Low-Activity / Long-Recency,ENGAGED,Spain,6,1098.6,15,183.1,178.48,471.11,-0.6212,-0.5,44,None,False
12422,High-Value Stable,SOFTENING,Switzerland,17,5231.8,95,307.7529,0.0,565.06,-1.0,-1.0,137,HIGH_VALUE_SOFTENING,False
12423,High-Value Stable,ENGAGED,Belgium,10,2622.39,0,262.239,208.64,198.98,0.0485,0.0,128,None,False
12424,Low-Activity / Long-Recency,DORMANT,Australia,4,3340.03,162,835.0075,0.0,1760.96,-1.0,-1.0,78,HIGH_VALUE_SOFTENING,False
12425,Emerging Engagement,SOFTENING,Portugal,2,1741.41,78,870.705,777.2,0.0,1.0,1.0,87,POSITIVE_MOMENTUM,False
12426,Low-Activity / Long-Recency,DORMANT,Germany,2,1345.21,194,672.605,0.0,0.0,0.0,0.0,73,None,False
12427,Emerging Engagement,ENGAGED,Germany,3,825.8,21,275.2667,522.3,0.0,1.0,1.0,26,POSITIVE_MOMENTUM,False
12428,High-Value Stable,SOFTENING,Finland,9,7956.46,25,884.0511,408.34,1237.58,-0.67,-0.5,258,HIGH_VALUE_SOFTENING,False
12429,High-Value Stable,ENGAGED,Denmark,8,6204.41,9,775.5512,905.52,1125.4,-0.1954,0.0,124,None,False
12430,Unsegmented (Insufficient History),EMERGING,Norway,1,256.4,43,256.4,256.4,0.0,1.0,1.0,11,EMERGING_BROADENING,True
12431,High-Value Stable,ENGAGED,Australia,27,10432.22,35,386.3785,1612.88,1716.04,-0.0601,0.0,244,None,False
12432,High-Value Stable,ENGAGED,Norway,5,5059.32,42,1011.864,1042.66,4016.66,-0.7404,-0.3333,107,HIGH_VALUE_SOFTENING,False
12433,High-Value Stable,ENGAGED,Norway,10,16794.14,0,1679.414,6980.64,2608.11,1.6765,3.0,285,POSITIVE_MOMENTUM,False
12434,Emerging Engagement,SOFTENING,Australia,3,1103.43,84,367.81,519.89,0.0,1.0,1.0,62,POSITIVE_MOMENTUM,False
12435,High-Value Stable,SOFTENING,Denmark,6,13925.93,79,2320.9883,3850.9,0.0,1.0,1.0,88,POSITIVE_MOMENTUM,False
12436,Unsegmented (Insufficient History),SOFTENING,Norway,1,509.01,99,509.01,0.0,509.01,-1.0,-1.0,16,None,True
12437,High-Value Stable,ENGAGED,France,39,12683.4,1,325.2154,2140.0,836.32,1.5588,1.3333,273,POSITIVE_MOMENTUM,False
12438,Emerging Engagement,ENGAGED,Norway,2,2906.85,14,1453.425,2016.78,890.07,1.2659,0.0,84,None,False
12439,Low-Activity / Long-Recency,DORMANT,Cyprus,2,1142.88,682,571.44,0.0,0.0,0.0,0.0,69,None,False
12440,Low-Activity / Long-Recency,DORMANT,Austria,2,859.2,462,429.6,0.0,0.0,0.0,0.0,21,None,False
12441,Unsegmented (Insufficient History),DORMANT,France,1,173.55,366,173.55,0.0,0.0,0.0,0.0,11,None,True
12442,Unsegmented (Insufficient History),EMERGING,Spain,1,172.06,3,172.06,172.06,0.0,1.0,1.0,12,EMERGING_BROADENING,True
12443,Unsegmented (Insufficient History),DORMANT,Norway,1,485.31,732,485.31,0.0,0.0,0.0,0.0,21,None,True
12444,High-Value Stable,ENGAGED,Norway,5,5005.46,21,1001.092,2378.19,2627.27,-0.0948,0.5,138,None,False
12445,Emerging Engagement,ENGAGED,Spain,2,434.98,22,217.49,133.4,0.0,1.0,1.0,24,POSITIVE_MOMENTUM,False
12446,Unsegmented (Insufficient History),EMERGING,RSA,1,1002.31,57,1002.31,1002.31,0.0,1.0,1.0,57,EMERGING_BROADENING,True
12447,Unsegmented (Insufficient History),DORMANT,Belgium,1,476.49,243,476.49,0.0,0.0,0.0,0.0,26,None,True
12448,Unsegmented (Insufficient History),EMERGING,Spain,1,449.45,44,449.45,449.45,0.0,1.0,1.0,22,EMERGING_BROADENING,True
12449,High-Value Stable,SOFTENING,Belgium,6,4835.89,22,805.9817,1342.71,1865.65,-0.2803,-0.5,125,BROAD_ENGAGEMENT_SOFTENING,False
12450,Low-Activity / Long-Recency,DORMANT,Spain,5,688.2,156,137.64,0.0,197.88,-1.0,-1.0,31,None,False
12451,High-Value Stable,ENGAGED,Switzerland,8,12669.88,10,1583.735,3727.7,0.0,1.0,1.0,352,POSITIVE_MOMENTUM,False
12452,Unsegmented (Insufficient History),EMERGING,Switzerland,2,430.57,16,215.285,430.57,0.0,1.0,1.0,21,EMERGING_BROADENING,True
12453,Unsegmented (Insufficient History),DORMANT,Austria,1,707.09,134,707.09,0.0,707.09,-1.0,-1.0,43,None,True
12454,Emerging Engagement,ENGAGED,Spain,5,16679.78,56,3335.956,3528.34,0.0,1.0,1.0,24,POSITIVE_MOMENTUM,False
12455,High-Value Stable,SOFTENING,Cyprus,10,5879.95,73,587.995,290.5,213.06,0.3635,-0.5,199,BROAD_ENGAGEMENT_SOFTENING,False
12456,Low-Activity / Long-Recency,ENGAGED,Switzerland,3,3181.04,44,1060.3467,915.64,1325.23,-0.3091,0.0,105,HIGH_VALUE_SOFTENING,False
12457,Emerging Engagement,SOFTENING,Switzerland,8,2995.91,66,374.4887,1295.98,0.0,1.0,1.0,63,POSITIVE_MOMENTUM,False
12458,Emerging Engagement,SOFTENING,Switzerland,4,1777.49,71,444.3725,505.48,0.0,1.0,1.0,71,POSITIVE_MOMENTUM,False
12459,Unsegmented (Insufficient History),DORMANT,Spain,1,454.36,605,454.36,0.0,0.0,0.0,0.0,23,None,True
12460,Unsegmented (Insufficient History),DORMANT,Belgium,1,326.65,456,326.65,0.0,0.0,0.0,0.0,18,None,True
12461,Low-Activity / Long-Recency,SOFTENING,Switzerland,2,826.88,94,413.44,0.0,826.88,-1.0,-1.0,35,None,False
12462,Emerging Engagement,ENGAGED,Spain,2,1189.59,18,594.795,427.48,0.0,1.0,1.0,51,POSITIVE_MOMENTUM,False
12463,Low-Activity / Long-Recency,ENGAGED,Belgium,4,1344.78,53,336.195,358.99,337.84,0.0626,0.0,65,None,False
12464,Low-Activity / Long-Recency,ENGAGED,Belgium,8,1212.05,10,151.5062,431.5,235.7,0.8307,0.0,6,HIGH_FREQUENCY_LOW_VALUE,False
12465,Low-Activity / Long-Recency,ENGAGED,Belgium,2,742.19,17,371.095,301.25,440.94,-0.3168,0.0,46,None,False
12466,Unsegmented (Insufficient History),DORMANT,France,1,56.73,682,56.73,0.0,0.0,0.0,0.0,1,None,True
12467,Unsegmented (Insufficient History),DORMANT,USA,1,132.8,423,132.8,0.0,0.0,0.0,0.0,9,None,True
12468,High-Value Stable,DORMANT,Germany,5,3670.74,187,734.148,0.0,0.0,0.0,0.0,127,HISTORICAL_VALUE_DORMANT,False
12469,Low-Activity / Long-Recency,DORMANT,Thailand,2,3070.54,522,1535.27,0.0,0.0,0.0,0.0,76,HISTORICAL_VALUE_DORMANT,False
12470,Unsegmented (Insufficient History),DORMANT,Unspecified,1,211.95,689,211.95,0.0,0.0,0.0,0.0,23,None,True
12471,High-Value Stable,ENGAGED,Germany,79,39918.19,2,505.2935,8707.65,2719.08,2.2024,0.8333,255,POSITIVE_MOMENTUM,False
12472,High-Value Stable,ENGAGED,Germany,19,16249.29,32,855.2258,1644.51,1878.76,-0.1247,0.0,397,None,False
12473,Emerging Engagement,ENGAGED,Germany,5,3928.05,29,785.61,2752.3,514.06,4.354,2.0,140,POSITIVE_MOMENTUM,False
12474,High-Value Stable,ENGAGED,Germany,31,12372.75,17,399.121,2962.03,1642.93,0.8029,0.0,369,None,False
12475,Emerging Engagement,ENGAGED,Germany,2,1149.64,53,574.82,723.38,0.0,1.0,1.0,54,POSITIVE_MOMENTUM,False
12476,Emerging Engagement,ENGAGED,Germany,23,14083.91,15,612.3439,3624.75,746.57,3.8552,4.0,358,POSITIVE_MOMENTUM,False
12477,High-Value Stable,ENGAGED,Germany,9,20276.37,22,2252.93,4385.71,4257.06,0.0302,2.0,295,None,False
12478,Unsegmented (Insufficient History),EMERGING,Greece,1,680.99,3,680.99,680.99,0.0,1.0,1.0,36,EMERGING_BROADENING,True
12479,Unsegmented (Insufficient History),EMERGING,Germany,1,527.2,11,527.2,527.2,0.0,1.0,1.0,31,EMERGING_BROADENING,True
12480,High-Value Stable,ENGAGED,Germany,7,5464.85,28,780.6929,1136.68,557.68,1.0382,0.0,177,None,False
12481,High-Value Stable,ENGAGED,Germany,15,12185.51,22,812.3673,1494.56,1001.21,0.4928,1.0,248,POSITIVE_MOMENTUM,False
12482,High-Value Stable,DORMANT,Sweden,29,23691.4,576,816.9448,0.0,0.0,0.0,0.0,42,HISTORICAL_VALUE_DORMANT,False
12483,High-Value Stable,ENGAGED,Sweden,19,5097.18,17,268.2726,860.92,309.45,1.7821,1.0,68,POSITIVE_MOMENTUM,False
12484,High-Value Stable,ENGAGED,Spain,12,6354.1,32,529.5083,868.67,2519.98,-0.6553,-0.3333,329,HIGH_VALUE_SOFTENING,False
12485,Unsegmented (Insufficient History),DORMANT,Sweden,1,708.1,529,708.1,0.0,0.0,0.0,0.0,34,None,True
12486,Unsegmented (Insufficient History),DORMANT,Sweden,1,1037.28,431,1037.28,0.0,0.0,0.0,0.0,49,None,True
12487,Unsegmented (Insufficient History),DORMANT,Sweden,1,285.3,730,285.3,0.0,0.0,0.0,0.0,2,None,True
12488,Unsegmented (Insufficient History),ENGAGED,France,3,1298.66,9,432.8867,1298.66,0.0,1.0,1.0,46,POSITIVE_MOMENTUM,True
12489,Unsegmented (Insufficient History),DORMANT,France,1,334.93,336,334.93,0.0,0.0,0.0,0.0,15,None,True
12490,High-Value Stable,ENGAGED,France,21,9823.64,5,467.7924,1865.34,2356.87,-0.2086,0.0,195,None,False
12491,Unsegmented (Insufficient History),EMERGING,France,1,460.4,38,460.4,460.4,0.0,1.0,1.0,25,EMERGING_BROADENING,True
12492,Low-Activity / Long-Recency,ENGAGED,Germany,3,715.21,63,238.4033,136.82,126.39,0.0825,0.0,38,None,False
12493,Low-Activity / Long-Recency,DORMANT,France,2,433.74,165,216.87,0.0,201.24,-1.0,-1.0,20,None,False
12494,Emerging Engagement,ENGAGED,France,9,1815.27,15,201.6967,377.24,153.22,1.4621,1.0,83,POSITIVE_MOMENTUM,False
12495,Unsegmented (Insufficient History),DORMANT,Sweden,1,357.4,640,357.4,0.0,0.0,0.0,0.0,17,None,True
12496,Low-Activity / Long-Recency,DORMANT,Spain,2,45.34,620,22.67,0.0,0.0,0.0,0.0,10,None,False
12497,Emerging Engagement,SOFTENING,Germany,3,6248.5,81,2082.8333,1043.1,0.0,1.0,1.0,41,POSITIVE_MOMENTUM,False
12498,Unsegmented (Insufficient History),EMERGING,Germany,3,403.7,21,134.5667,403.7,0.0,1.0,1.0,21,EMERGING_BROADENING,True
12499,Unsegmented (Insufficient History),DORMANT,Germany,1,393.72,560,393.72,0.0,0.0,0.0,0.0,27,None,True
12500,Emerging Engagement,ENGAGED,Germany,19,5955.21,23,313.4321,2483.98,563.64,3.407,1.5,88,POSITIVE_MOMENTUM,False
12501,Unsegmented (Insufficient History),DORMANT,Germany,1,2169.39,336,2169.39,0.0,0.0,0.0,0.0,149,None,True
12502,Low-Activity / Long-Recency,SOFTENING,Spain,5,3723.87,95,744.774,0.0,1881.22,-1.0,-1.0,102,HIGH_VALUE_SOFTENING,False
12503,Unsegmented (Insufficient History),DORMANT,Spain,1,1126.0,584,1126.0,0.0,0.0,0.0,0.0,2,None,True
12504,Emerging Engagement,ENGAGED,Germany,4,779.05,18,194.7625,482.05,0.0,1.0,1.0,11,POSITIVE_MOMENTUM,False
12505,Unsegmented (Insufficient History),DORMANT,Italy,1,955.2,408,955.2,0.0,0.0,0.0,0.0,42,None,True
12506,Unsegmented (Insufficient History),DORMANT,France,1,73.5,232,73.5,0.0,0.0,0.0,0.0,23,None,True
12507,Low-Activity / Long-Recency,DORMANT,Spain,4,1844.06,134,461.015,0.0,858.65,-1.0,-1.0,46,None,False
12508,Unsegmented (Insufficient History),EMERGING,France,2,397.88,26,198.94,397.88,0.0,1.0,1.0,57,EMERGING_BROADENING,True
12509,Unsegmented (Insufficient History),DORMANT,France,1,176.5,284,176.5,0.0,0.0,0.0,0.0,7,None,True
12510,High-Value Stable,DORMANT,Spain,9,5178.02,142,575.3356,0.0,301.52,-1.0,-1.0,94,HIGH_VALUE_SOFTENING,False
12511,Unsegmented (Insufficient History),DORMANT,Greece,1,3084.02,428,3084.02,0.0,0.0,0.0,0.0,190,HISTORICAL_VALUE_DORMANT,True
12512,Unsegmented (Insufficient History),EMERGING,Israel,2,132.18,66,66.09,132.18,0.0,1.0,1.0,31,EMERGING_BROADENING,True
12513,Unsegmented (Insufficient History),DORMANT,France,1,612.29,112,612.29,0.0,612.29,-1.0,-1.0,35,None,True
12514,Low-Activity / Long-Recency,DORMANT,Italy,2,1597.76,267,798.88,0.0,0.0,0.0,0.0,76,None,False
12515,Unsegmented (Insufficient History),DORMANT,Italy,1,383.7,353,383.7,0.0,0.0,0.0,0.0,16,None,True
12516,Emerging Engagement,SOFTENING,Germany,4,2648.62,77,662.155,728.86,0.0,1.0,1.0,49,POSITIVE_MOMENTUM,False
12517,Emerging Engagement,ENGAGED,Germany,5,2481.6,28,496.32,960.15,771.75,0.2441,2.0,232,None,False
12518,Emerging Engagement,ENGAGED,Germany,5,2056.89,0,411.378,1732.06,324.83,4.3322,3.0,84,POSITIVE_MOMENTUM,False
12519,Emerging Engagement,ENGAGED,Germany,2,716.54,63,358.27,330.84,0.0,1.0,1.0,34,POSITIVE_MOMENTUM,False
12520,High-Value Stable,SOFTENING,Germany,5,2634.26,79,526.852,588.41,348.29,0.6894,0.0,121,None,False
12521,Unsegmented (Insufficient History),DORMANT,Germany,1,599.68,142,599.68,0.0,599.68,-1.0,-1.0,38,None,True
12522,Unsegmented (Insufficient History),EMERGING,Germany,2,192.72,39,96.36,192.72,0.0,1.0,1.0,11,EMERGING_BROADENING,True
12523,High-Value Stable,SOFTENING,France,23,4352.35,19,189.2326,772.02,517.56,0.4917,0.3333,176,HIGH_FREQUENCY_LOW_VALUE,False
12524,High-Value Stable,ENGAGED,Germany,17,11126.11,9,654.4771,1363.24,289.1,3.7155,1.0,157,POSITIVE_MOMENTUM,False
12525,Low-Activity / Long-Recency,DORMANT,France,3,973.73,498,324.5767,0.0,0.0,0.0,0.0,56,None,False
12526,Emerging Engagement,ENGAGED,Germany,3,1316.66,0,438.8867,796.36,520.3,0.5306,1.0,64,POSITIVE_MOMENTUM,False
12527,Emerging Engagement,SOFTENING,Germany,5,735.51,81,147.102,63.79,0.0,1.0,1.0,26,POSITIVE_MOMENTUM,False
12528,High-Value Stable,ENGAGED,Germany,6,1933.48,9,322.2467,646.11,515.71,0.2529,0.0,50,None,False
12529,Unsegmented (Insufficient History),DORMANT,France,1,316.48,528,316.48,0.0,0.0,0.0,0.0,21,None,True
12530,High-Value Stable,ENGAGED,Germany,9,3759.26,59,417.6956,440.63,416.65,0.0576,0.0,94,None,False
12531,Emerging Engagement,ENGAGED,Germany,2,1933.2,14,966.6,125.22,0.0,1.0,1.0,126,POSITIVE_MOMENTUM,False
12532,Unsegmented (Insufficient History),EMERGING,France,1,349.83,30,349.83,349.83,0.0,1.0,1.0,16,EMERGING_BROADENING,True
12533,Low-Activity / Long-Recency,DORMANT,Germany,2,1367.89,627,683.945,0.0,0.0,0.0,0.0,63,None,False
12534,Unsegmented (Insufficient History),DORMANT,Germany,1,1089.18,130,1089.18,0.0,1089.18,-1.0,-1.0,63,None,True
12535,Low-Activity / Long-Recency,SOFTENING,France,2,716.35,91,358.175,0.0,344.9,-1.0,-1.0,28,None,False
12536,Unsegmented (Insufficient History),EMERGING,France,3,12601.83,43,4200.61,12601.83,0.0,1.0,1.0,260,EMERGING_BROADENING,True
12537,Unsegmented (Insufficient History),DORMANT,Sweden,1,732.94,408,732.94,0.0,0.0,0.0,0.0,43,None,True
12538,Emerging Engagement,ENGAGED,Spain,2,640.45,29,320.225,363.95,0.0,1.0,1.0,33,POSITIVE_MOMENTUM,False
12539,High-Value Stable,ENGAGED,Spain,7,11214.75,22,1602.1071,1050.66,0.0,1.0,1.0,276,POSITIVE_MOMENTUM,False
12540,High-Value Stable,SOFTENING,Spain,33,22254.49,19,674.3785,4153.38,2744.34,0.5134,0.5,354,POSITIVE_MOMENTUM,False
12541,Emerging Engagement,ENGAGED,Spain,3,981.18,29,327.06,445.04,223.74,0.9891,0.0,46,None,False
12542,Low-Activity / Long-Recency,DORMANT,Spain,2,481.88,484,240.94,0.0,0.0,0.0,0.0,39,None,False
12543,Unsegmented (Insufficient History),DORMANT,Spain,1,980.25,448,980.25,0.0,0.0,0.0,0.0,43,None,True
12544,Unsegmented (Insufficient History),EMERGING,Spain,1,372.7,36,372.7,372.7,0.0,1.0,1.0,19,EMERGING_BROADENING,True
12545,Emerging Engagement,SOFTENING,Spain,2,1000.39,75,500.195,372.24,0.0,1.0,1.0,42,POSITIVE_MOMENTUM,False
12546,Unsegmented (Insufficient History),ENGAGED,Spain,2,1161.5,46,580.75,1161.5,0.0,1.0,1.0,59,POSITIVE_MOMENTUM,True
12547,Low-Activity / Long-Recency,DORMANT,Spain,3,383.58,197,127.86,0.0,0.0,0.0,0.0,13,None,False
12548,Unsegmented (Insufficient History),DORMANT,Spain,1,95.2,166,95.2,0.0,95.2,-1.0,-1.0,5,None,True
12549,Low-Activity / Long-Recency,DORMANT,USA,6,1575.68,575,262.6133,0.0,0.0,0.0,0.0,38,None,False
12550,Unsegmented (Insufficient History),SOFTENING,Spain,1,964.83,79,964.83,964.83,0.0,1.0,1.0,57,POSITIVE_MOMENTUM,True
12551,Unsegmented (Insufficient History),DORMANT,Spain,1,168.0,357,168.0,0.0,0.0,0.0,0.0,10,None,True
12552,Unsegmented (Insufficient History),EMERGING,Italy,2,437.82,38,218.91,437.82,0.0,1.0,1.0,20,EMERGING_BROADENING,True
12553,High-Value Stable,ENGAGED,France,12,4608.75,8,384.0625,1272.69,684.97,0.858,0.5,109,POSITIVE_MOMENTUM,False
12554,Unsegmented (Insufficient History),DORMANT,Spain,1,468.5,448,468.5,0.0,0.0,0.0,0.0,26,None,True
12555,Unsegmented (Insufficient History),DORMANT,Spain,1,129.23,682,129.23,0.0,0.0,0.0,0.0,1,None,True
12556,Low-Activity / Long-Recency,ENGAGED,Spain,2,599.56,50,299.78,290.81,308.75,-0.0581,0.0,100,None,False
12557,High-Value Stable,ENGAGED,Spain,8,18096.14,16,2262.0175,2990.0,4146.34,-0.2789,0.0,15,HIGH_VALUE_SOFTENING,False
12558,Unsegmented (Insufficient History),EMERGING,USA,1,269.96,7,269.96,269.96,0.0,1.0,1.0,11,EMERGING_BROADENING,True
12559,Low-Activity / Long-Recency,DORMANT,Germany,2,561.71,310,280.855,0.0,0.0,0.0,0.0,21,None,False
12560,Low-Activity / Long-Recency,SOFTENING,Germany,3,2134.01,5,711.3367,697.7,1436.31,-0.5142,-0.5,91,BROAD_ENGAGEMENT_SOFTENING,False
12561,Unsegmented (Insufficient History),DORMANT,Germany,1,238.85,302,238.85,0.0,0.0,0.0,0.0,16,None,True
12562,High-Value Stable,ENGAGED,France,9,4966.92,8,551.88,2176.51,1160.27,0.8759,1.0,113,POSITIVE_MOMENTUM,False
12563,Unsegmented (Insufficient History),DORMANT,Italy,1,249.24,408,249.24,0.0,0.0,0.0,0.0,13,None,True
12564,Unsegmented (Insufficient History),DORMANT,France,1,456.9,261,456.9,0.0,0.0,0.0,0.0,21,None,True
12565,Unsegmented (Insufficient History),DORMANT,Saudi Arabia,1,145.92,288,145.92,0.0,0.0,0.0,0.0,9,None,True
12566,Unsegmented (Insufficient History),SOFTENING,Germany,1,351.65,86,351.65,351.65,0.0,1.0,1.0,19,POSITIVE_MOMENTUM,True
12567,High-Value Stable,SOFTENING,France,15,11767.48,22,784.4987,1551.3,3392.98,-0.5428,-0.6667,365,HIGH_VALUE_SOFTENING,False
12568,Unsegmented (Insufficient History),DORMANT,Germany,1,70.0,644,70.0,0.0,0.0,0.0,0.0,5,None,True
12569,High-Value Stable,ENGAGED,Germany,32,4124.69,2,128.8966,1957.01,861.22,1.2724,0.8889,92,HIGH_FREQUENCY_LOW_VALUE,False
12570,Unsegmented (Insufficient History),DORMANT,Spain,1,77.52,682,77.52,0.0,0.0,0.0,0.0,1,None,True
12571,Low-Activity / Long-Recency,ENGAGED,France,2,519.61,39,259.805,271.26,248.35,0.0922,0.0,31,None,False
12572,Unsegmented (Insufficient History),EMERGING,Germany,2,1020.42,8,510.21,1020.42,0.0,1.0,1.0,53,EMERGING_BROADENING,True
12573,Low-Activity / Long-Recency,DORMANT,France,5,717.41,227,143.482,0.0,0.0,0.0,0.0,107,None,False
12574,Unsegmented (Insufficient History),DORMANT,France,1,218.45,315,218.45,0.0,0.0,0.0,0.0,11,None,True
12575,Low-Activity / Long-Recency,DORMANT,France,2,622.82,457,311.41,0.0,0.0,0.0,0.0,34,None,False
12576,High-Value Stable,SOFTENING,Poland,8,2142.72,35,267.84,379.28,514.9,-0.2634,-0.5,114,BROAD_ENGAGEMENT_SOFTENING,False
12577,Emerging Engagement,ENGAGED,France,8,1617.1,35,202.1375,430.71,0.0,1.0,1.0,259,POSITIVE_MOMENTUM,False
12578,Emerging Engagement,ENGAGED,Italy,4,4642.45,21,1160.6125,1185.85,0.0,1.0,1.0,149,POSITIVE_MOMENTUM,False
12579,Unsegmented (Insufficient History),SOFTENING,France,1,440.42,78,440.42,440.42,0.0,1.0,1.0,29,POSITIVE_MOMENTUM,True
12580,Low-Activity / Long-Recency,DORMANT,Germany,2,1052.9,246,526.45,0.0,0.0,0.0,0.0,52,None,False
12581,Unsegmented (Insufficient History),EMERGING,Germany,1,197.71,39,197.71,197.71,0.0,1.0,1.0,15,EMERGING_BROADENING,True
12582,Low-Activity / Long-Recency,DORMANT,Finland,4,1980.4,238,495.1,0.0,0.0,0.0,0.0,88,None,False
12583,High-Value Stable,ENGAGED,France,27,13591.58,2,503.3919,3049.17,829.64,2.6753,1.0,141,POSITIVE_MOMENTUM,False
12584,Emerging Engagement,ENGAGED,Italy,9,2338.15,3,259.7944,1555.56,159.85,8.7314,1.5,44,POSITIVE_MOMENTUM,False
12585,Low-Activity / Long-Recency,DORMANT,Germany,2,2040.1,234,1020.05,0.0,0.0,0.0,0.0,77,None,False
12586,Emerging Engagement,ENGAGED,Italy,4,2062.67,17,515.6675,196.94,0.0,1.0,1.0,82,POSITIVE_MOMENTUM,False
12587,Unsegmented (Insufficient History),EMERGING,Finland,1,144.0,7,144.0,144.0,0.0,1.0,1.0,4,EMERGING_BROADENING,True
12588,Emerging Engagement,ENGAGED,Finland,4,958.78,39,239.695,214.9,0.0,1.0,1.0,31,POSITIVE_MOMENTUM,False
12589,Emerging Engagement,ENGAGED,France,8,4695.66,28,586.9575,515.18,131.5,2.9177,0.0,121,None,False
12590,Low-Activity / Long-Recency,DORMANT,Germany,2,9864.26,211,4932.13,0.0,0.0,0.0,0.0,68,HISTORICAL_VALUE_DORMANT,False
12591,Low-Activity / Long-Recency,DORMANT,Italy,3,1338.95,317,446.3167,0.0,0.0,0.0,0.0,63,None,False
12592,Low-Activity / Long-Recency,SOFTENING,Germany,5,2582.66,92,516.532,0.0,205.8,-1.0,-1.0,42,None,False
12593,Low-Activity / Long-Recency,DORMANT,France,3,418.1,108,139.3667,0.0,182.1,-1.0,-1.0,14,None,False
12594,High-Value Stable,ENGAGED,Italy,15,5090.11,37,339.3407,808.32,721.95,0.1196,1.0,78,None,False
12595,Unsegmented (Insufficient History),DORMANT,Germany,1,299.02,504,299.02,0.0,0.0,0.0,0.0,19,None,True
12596,Emerging Engagement,ENGAGED,Spain,2,618.27,51,309.135,348.32,0.0,1.0,1.0,25,POSITIVE_MOMENTUM,False
12597,Emerging Engagement,ENGAGED,Spain,4,3811.22,19,952.805,2382.41,0.0,1.0,1.0,184,POSITIVE_MOMENTUM,False
12598,Emerging Engagement,ENGAGED,France,11,4534.09,9,412.19,1438.7,298.64,3.8175,3.0,130,POSITIVE_MOMENTUM,False
12599,High-Value Stable,SOFTENING,France,13,2296.72,29,176.6708,175.54,393.18,-0.5535,-0.6667,47,HIGH_FREQUENCY_LOW_VALUE,False
12600,High-Value Stable,SOFTENING,Germany,21,4967.42,28,236.5438,662.48,620.6,0.0675,0.0,53,None,False
12601,Low-Activity / Long-Recency,DORMANT,Germany,6,681.26,189,113.5433,0.0,0.0,0.0,0.0,24,None,False
12602,Unsegmented (Insufficient History),EMERGING,France,1,153.12,58,153.12,153.12,0.0,1.0,1.0,12,EMERGING_BROADENING,True
12603,Unsegmented (Insufficient History),EMERGING,Germany,1,739.2,21,739.2,739.2,0.0,1.0,1.0,2,EMERGING_BROADENING,True
12604,Emerging Engagement,SOFTENING,France,2,254.18,79,127.09,75.68,0.0,1.0,1.0,15,POSITIVE_MOMENTUM,False
12605,Low-Activity / Long-Recency,DORMANT,Germany,4,1232.95,376,308.2375,0.0,0.0,0.0,0.0,63,None,False
12606,Unsegmented (Insufficient History),DORMANT,Spain,1,21.0,682,21.0,0.0,0.0,0.0,0.0,1,None,True
12607,Unsegmented (Insufficient History),EMERGING,USA,1,1579.51,60,1579.51,1579.51,0.0,1.0,1.0,101,EMERGING_BROADENING,True
12608,Unsegmented (Insufficient History),DORMANT,United Kingdom,1,415.79,404,415.79,0.0,0.0,0.0,0.0,16,None,True
12609,High-Value Stable,SOFTENING,Germany,9,3435.86,78,381.7622,326.12,0.0,1.0,1.0,129,POSITIVE_MOMENTUM,False
12610,High-Value Stable,ENGAGED,Italy,5,2099.54,22,419.908,843.29,1256.25,-0.3287,0.5,85,None,False
12611,Unsegmented (Insufficient History),EMERGING,Italy,1,1193.32,52,1193.32,1193.32,0.0,1.0,1.0,65,EMERGING_BROADENING,True
12612,Unsegmented (Insufficient History),SOFTENING,Germany,1,704.04,74,704.04,704.04,0.0,1.0,1.0,19,POSITIVE_MOMENTUM,True
12613,High-Value Stable,ENGAGED,Germany,10,6817.37,57,681.737,1881.86,0.0,1.0,1.0,218,POSITIVE_MOMENTUM,False
12614,Unsegmented (Insufficient History),DORMANT,Germany,1,315.6,277,315.6,0.0,0.0,0.0,0.0,20,None,True
12615,Emerging Engagement,ENGAGED,France,8,5740.98,2,717.6225,1656.45,634.74,1.6097,2.0,198,POSITIVE_MOMENTUM,False
12616,Low-Activity / Long-Recency,SOFTENING,France,3,1131.1,95,377.0333,0.0,457.7,-1.0,-1.0,32,None,False
12617,Unsegmented (Insufficient History),EMERGING,France,1,352.98,29,352.98,352.98,0.0,1.0,1.0,39,EMERGING_BROADENING,True
12618,Unsegmented (Insufficient History),EMERGING,Italy,1,177.31,21,177.31,177.31,0.0,1.0,1.0,11,EMERGING_BROADENING,True
12619,High-Value Stable,SOFTENING,Germany,10,3781.38,16,378.138,1553.78,1455.8,0.0673,0.3333,55,None,False
12620,Emerging Engagement,ENGAGED,France,3,1339.41,14,446.47,777.75,0.0,1.0,1.0,89,POSITIVE_MOMENTUM,False
12621,High-Value Stable,SOFTENING,Germany,35,24311.2,1,694.6057,3494.63,2839.22,0.2308,0.0,344,None,False
12622,Unsegmented (Insufficient History),DORMANT,Germany,1,180.1,232,180.1,0.0,0.0,0.0,0.0,11,None,True
12623,High-Value Stable,DORMANT,Germany,7,3747.84,276,535.4057,0.0,0.0,0.0,0.0,112,HISTORICAL_VALUE_DORMANT,False
12624,Low-Activity / Long-Recency,DORMANT,France,2,641.13,106,320.565,0.0,641.13,-1.0,-1.0,36,None,False
12625,High-Value Stable,DORMANT,Germany,4,5164.88,211,1291.22,0.0,0.0,0.0,0.0,144,HISTORICAL_VALUE_DORMANT,False
12626,High-Value Stable,ENGAGED,Germany,9,6620.48,23,735.6089,1846.48,3499.9,-0.4724,-0.25,232,HIGH_VALUE_SOFTENING,False
12627,High-Value Stable,SOFTENING,Germany,7,4478.53,10,639.79,1750.7,2727.83,-0.3582,-0.6,162,BROAD_ENGAGEMENT_SOFTENING,False
12628,Unsegmented (Insufficient History),EMERGING,Germany,3,786.46,4,262.1533,786.46,0.0,1.0,1.0,34,EMERGING_BROADENING,True
12629,Low-Activity / Long-Recency,DORMANT,Sweden,2,1558.22,385,779.11,0.0,0.0,0.0,0.0,40,None,False
12630,Unsegmented (Insufficient History),EMERGING,Finland,2,1270.88,9,635.44,1270.88,0.0,1.0,1.0,60,EMERGING_BROADENING,True
12631,Emerging Engagement,ENGAGED,Finland,6,3481.57,57,580.2617,640.5,0.0,1.0,1.0,131,POSITIVE_MOMENTUM,False
12632,Low-Activity / Long-Recency,DORMANT,Germany,2,804.88,520,402.44,0.0,0.0,0.0,0.0,32,None,False
12633,High-Value Stable,ENGAGED,Germany,7,5678.16,58,811.1657,215.23,219.2,-0.0181,0.0,220,None,False
12634,Low-Activity / Long-Recency,DORMANT,USA,2,490.0,535,245.0,0.0,0.0,0.0,0.0,20,None,False
12635,High-Value Stable,SOFTENING,Germany,4,2930.41,89,732.6025,1005.54,683.64,0.4709,0.0,159,None,False
12636,Unsegmented (Insufficient History),DORMANT,USA,1,141.0,738,141.0,0.0,0.0,0.0,0.0,1,None,True
12637,High-Value Stable,SOFTENING,France,12,8283.81,67,690.3175,344.0,3271.75,-0.8949,-0.6667,295,HIGH_VALUE_SOFTENING,False
12638,Emerging Engagement,ENGAGED,Sweden,2,921.49,33,460.745,671.69,0.0,1.0,1.0,47,POSITIVE_MOMENTUM,False
12639,Low-Activity / Long-Recency,DORMANT,Sweden,3,1312.37,238,437.4567,0.0,0.0,0.0,0.0,58,None,False
12640,Unsegmented (Insufficient History),ENGAGED,France,3,1174.58,23,391.5267,1174.58,0.0,1.0,1.0,47,POSITIVE_MOMENTUM,True
12641,Unsegmented (Insufficient History),DORMANT,Sweden,1,185.9,115,185.9,0.0,185.9,-1.0,-1.0,10,None,True
12642,Emerging Engagement,ENGAGED,Germany,3,1013.26,25,337.7533,646.81,366.45,0.7651,1.0,39,POSITIVE_MOMENTUM,False
12643,Low-Activity / Long-Recency,DORMANT,France,12,8304.82,128,692.0683,0.0,1452.72,-1.0,-1.0,14,HIGH_VALUE_SOFTENING,False
12644,Low-Activity / Long-Recency,DORMANT,Germany,4,1918.49,129,479.6225,0.0,477.91,-1.0,-1.0,106,BROAD_ENGAGEMENT_SOFTENING,False
12645,High-Value Stable,ENGAGED,Germany,8,3539.3,33,442.4125,464.32,511.96,-0.0931,0.0,111,None,False
12646,Unsegmented (Insufficient History),EMERGING,USA,2,1346.97,4,673.485,1346.97,0.0,1.0,1.0,43,EMERGING_BROADENING,True
12647,High-Value Stable,SOFTENING,Germany,36,16955.55,22,470.9875,836.11,584.4,0.4307,0.5,240,POSITIVE_MOMENTUM,False
12648,Low-Activity / Long-Recency,DORMANT,Germany,4,1112.0,154,278.0,0.0,318.05,-1.0,-1.0,38,None,False
12649,Low-Activity / Long-Recency,DORMANT,Germany,8,2294.65,107,286.8313,0.0,248.51,-1.0,-1.0,94,BROAD_ENGAGEMENT_SOFTENING,False
12650,Unsegmented (Insufficient History),EMERGING,France,1,314.44,3,314.44,314.44,0.0,1.0,1.0,20,EMERGING_BROADENING,True
12651,Low-Activity / Long-Recency,DORMANT,France,4,377.75,334,94.4375,0.0,0.0,0.0,0.0,30,None,False
12652,Low-Activity / Long-Recency,DORMANT,France,2,1017.03,331,508.515,0.0,0.0,0.0,0.0,51,None,False
12653,Low-Activity / Long-Recency,DORMANT,Israel,3,4160.83,148,1386.9433,0.0,1430.75,-1.0,-1.0,76,HIGH_VALUE_SOFTENING,False
12654,Emerging Engagement,ENGAGED,Germany,5,601.98,10,120.396,264.23,0.0,1.0,1.0,31,POSITIVE_MOMENTUM,False
12655,Unsegmented (Insufficient History),DORMANT,France,1,261.35,423,261.35,0.0,0.0,0.0,0.0,16,None,True
12656,High-Value Stable,SOFTENING,France,8,6407.83,17,800.9787,1230.5,1161.07,0.0598,1.0,174,None,False
12657,Unsegmented (Insufficient History),ENGAGED,France,4,1643.18,11,410.795,1643.18,0.0,1.0,1.0,35,POSITIVE_MOMENTUM,True
12658,Unsegmented (Insufficient History),EMERGING,Germany,1,686.05,18,686.05,686.05,0.0,1.0,1.0,36,EMERGING_BROADENING,True
12659,Unsegmented (Insufficient History),EMERGING,France,1,91.68,29,91.68,91.68,0.0,1.0,1.0,5,EMERGING_BROADENING,True
12660,Unsegmented (Insufficient History),EMERGING,France,1,245.1,11,245.1,245.1,0.0,1.0,1.0,13,EMERGING_BROADENING,True
12661,Unsegmented (Insufficient History),DORMANT,Sweden,1,162.0,436,162.0,0.0,0.0,0.0,0.0,11,None,True
12662,High-Value Stable,ENGAGED,Germany,20,6726.54,0,336.327,1196.12,815.58,0.4666,1.0,163,POSITIVE_MOMENTUM,False
12663,Low-Activity / Long-Recency,DORMANT,Germany,2,239.4,624,119.7,0.0,0.0,0.0,0.0,9,None,False
12664,Emerging Engagement,ENGAGED,Finland,11,6070.04,8,551.8218,2924.4,653.9,3.4722,5.0,10,POSITIVE_MOMENTUM,False
12665,Low-Activity / Long-Recency,DORMANT,Germany,3,313.6,324,104.5333,0.0,0.0,0.0,0.0,13,None,False
12666,Unsegmented (Insufficient History),DORMANT,Israel,1,1248.42,394,1248.42,0.0,0.0,0.0,0.0,31,None,True
12667,Unsegmented (Insufficient History),EMERGING,Finland,1,620.13,58,620.13,620.13,0.0,1.0,1.0,33,EMERGING_BROADENING,True
12668,High-Value Stable,ENGAGED,Germany,10,11383.03,11,1138.303,882.68,0.0,1.0,1.0,263,POSITIVE_MOMENTUM,False
12669,Low-Activity / Long-Recency,DORMANT,France,3,2744.03,150,914.6767,0.0,471.43,-1.0,-1.0,98,BROAD_ENGAGEMENT_SOFTENING,False
12670,Emerging Engagement,ENGAGED,France,7,3760.29,10,537.1843,1361.58,608.08,1.2391,1.0,71,POSITIVE_MOMENTUM,False
12671,Unsegmented (Insufficient History),DORMANT,Germany,1,2622.481,606,2622.481,0.0,0.0,0.0,0.0,45,None,True
12672,Low-Activity / Long-Recency,DORMANT,France,2,437.05,329,218.525,0.0,0.0,0.0,0.0,22,None,False
12673,Emerging Engagement,REACTIVATED,Germany,3,1230.02,5,410.0067,389.62,0.0,1.0,1.0,68,POSITIVE_MOMENTUM,False
12674,Low-Activity / Long-Recency,ENGAGED,France,4,1970.6,38,492.65,568.6,815.26,-0.3026,-0.5,52,None,False
12675,Low-Activity / Long-Recency,DORMANT,Italy,2,957.25,553,478.625,0.0,0.0,0.0,0.0,111,None,False
12676,High-Value Stable,SOFTENING,Sweden,11,2843.09,24,258.4627,333.34,169.1,0.9713,1.0,67,POSITIVE_MOMENTUM,False
12677,Low-Activity / Long-Recency,DORMANT,France,2,395.1,555,197.55,0.0,0.0,0.0,0.0,13,None,False
12678,High-Value Stable,SOFTENING,France,21,34281.18,42,1632.4371,9346.2,2390.9,2.9091,0.0,199,None,False
12679,Emerging Engagement,ENGAGED,France,4,1113.02,58,278.255,206.64,0.0,1.0,1.0,43,POSITIVE_MOMENTUM,False
12680,Emerging Engagement,SOFTENING,France,4,880.81,0,220.2025,569.03,311.78,0.8251,2.0,33,POSITIVE_MOMENTUM,False
12681,High-Value Stable,ENGAGED,France,45,29834.76,14,662.9947,3920.96,1111.74,2.5269,2.5,459,POSITIVE_MOMENTUM,False
12682,High-Value Stable,ENGAGED,France,52,22950.22,3,441.3504,4059.9,2942.63,0.3797,0.2222,327,None,False
12683,High-Value Stable,ENGAGED,France,21,11633.7,4,553.9857,1854.38,1535.26,0.2079,0.5,236,None,False
12684,Emerging Engagement,ENGAGED,France,7,2283.63,7,326.2329,904.15,462.38,0.9554,2.0,61,POSITIVE_MOMENTUM,False
12685,High-Value Stable,ENGAGED,France,6,2863.08,28,477.18,1256.66,1606.42,-0.2177,1.0,117,None,False
12686,Unsegmented (Insufficient History),DORMANT,France,1,89.14,371,89.14,0.0,0.0,0.0,0.0,7,None,True
12687,Low-Activity / Long-Recency,DORMANT,Sweden,2,2138.91,480,1069.455,0.0,0.0,0.0,0.0,126,None,False
12688,Unsegmented (Insufficient History),DORMANT,Israel,1,4873.81,113,4873.81,0.0,4873.81,-1.0,-1.0,171,HIGH_VALUE_SOFTENING,True
12689,Low-Activity / Long-Recency,ENGAGED,France,2,1247.61,25,623.805,736.58,511.03,0.4414,0.0,57,None,False
12690,Unsegmented (Insufficient History),DORMANT,France,1,389.01,205,389.01,0.0,0.0,0.0,0.0,16,None,True
12691,Emerging Engagement,ENGAGED,France,7,1170.4,28,167.2,479.5,150.1,2.1945,1.0,24,POSITIVE_MOMENTUM,False
12692,Unsegmented (Insufficient History),DORMANT,France,1,110.95,637,110.95,0.0,0.0,0.0,0.0,13,None,True
12693,Low-Activity / Long-Recency,DORMANT,Germany,7,1703.02,127,243.2886,0.0,225.14,-1.0,-1.0,63,None,False
12694,Emerging Engagement,SOFTENING,France,3,1843.35,70,614.45,430.17,0.0,1.0,1.0,69,POSITIVE_MOMENTUM,False
12695,Emerging Engagement,ENGAGED,France,7,1407.12,7,201.0171,248.2,244.65,0.0145,1.0,46,None,False
12696,Low-Activity / Long-Recency,DORMANT,Finland,2,851.91,434,425.955,0.0,0.0,0.0,0.0,43,None,False
12697,Low-Activity / Long-Recency,ENGAGED,Sweden,3,957.59,28,319.1967,223.68,733.91,-0.6952,-0.5,37,None,False
12698,Unsegmented (Insufficient History),DORMANT,Germany,1,339.75,590,339.75,0.0,0.0,0.0,0.0,16,None,True
12699,Unsegmented (Insufficient History),DORMANT,Germany,1,638.11,417,638.11,0.0,0.0,0.0,0.0,41,None,True
12700,Emerging Engagement,ENGAGED,France,4,4939.99,7,1234.9975,2790.94,1056.62,1.6414,1.0,193,POSITIVE_MOMENTUM,False
12701,Emerging Engagement,SOFTENING,Germany,6,2446.41,79,407.735,460.63,0.0,1.0,1.0,118,POSITIVE_MOMENTUM,False
12702,Unsegmented (Insufficient History),EMERGING,Germany,1,219.0,19,219.0,219.0,0.0,1.0,1.0,12,EMERGING_BROADENING,True
12703,Emerging Engagement,SOFTENING,Germany,4,1006.53,71,251.6325,283.55,0.0,1.0,1.0,56,POSITIVE_MOMENTUM,False
12704,High-Value Stable,ENGAGED,Finland,8,2340.84,7,292.605,1239.92,1100.92,0.1263,0.6667,64,None,False
12705,Emerging Engagement,ENGAGED,Germany,14,11762.1,15,840.15,2705.77,998.42,1.7101,4.0,320,POSITIVE_MOMENTUM,False
12707,Unsegmented (Insufficient History),DORMANT,France,1,603.42,291,603.42,0.0,0.0,0.0,0.0,33,None,True
12708,High-Value Stable,ENGAGED,Germany,18,5117.66,29,284.3144,681.14,693.6,-0.018,0.5,130,None,False
12709,High-Value Stable,SOFTENING,Germany,34,30291.76,15,890.9341,2505.73,2077.66,0.206,0.3333,189,None,False
12710,Low-Activity / Long-Recency,SOFTENING,Germany,3,1149.02,96,383.0067,0.0,430.06,-1.0,-1.0,75,None,False
12711,Low-Activity / Long-Recency,DORMANT,Germany,2,1339.05,611,669.525,0.0,0.0,0.0,0.0,56,None,False
12712,High-Value Stable,ENGAGED,Germany,21,6723.03,28,320.1443,483.05,1018.2,-0.5256,0.0,126,HIGH_VALUE_SOFTENING,False
12713,Unsegmented (Insufficient History),EMERGING,Germany,1,848.55,0,848.55,848.55,0.0,1.0,1.0,38,EMERGING_BROADENING,True
12714,High-Value Stable,ENGAGED,France,12,14093.71,9,1174.4758,1319.16,1627.78,-0.1896,-0.5,436,BROAD_ENGAGEMENT_SOFTENING,False
12715,Unsegmented (Insufficient History),DORMANT,Sweden,1,343.36,106,343.36,0.0,343.36,-1.0,-1.0,20,None,True
12716,Low-Activity / Long-Recency,REACTIVATED,France,2,1053.49,3,526.745,375.59,677.9,-0.446,0.0,60,None,False
12717,Low-Activity / Long-Recency,DORMANT,Greece,3,1308.91,151,436.3033,0.0,421.24,-1.0,-1.0,60,None,False
12718,Unsegmented (Insufficient History),SOFTENING,France,1,238.25,71,238.25,238.25,0.0,1.0,1.0,19,POSITIVE_MOMENTUM,True
12719,Unsegmented (Insufficient History),EMERGING,France,2,644.95,5,322.475,644.95,0.0,1.0,1.0,34,EMERGING_BROADENING,True
12720,High-Value Stable,ENGAGED,Germany,30,7787.28,2,259.576,2091.89,1348.07,0.5518,0.1429,262,None,False
12721,High-Value Stable,ENGAGED,France,8,4013.08,31,501.635,957.22,0.0,1.0,1.0,183,POSITIVE_MOMENTUM,False
12722,Low-Activity / Long-Recency,SOFTENING,France,4,997.63,85,249.4075,67.98,929.65,-0.9269,-0.6667,50,None,False
12723,Unsegmented (Insufficient History),EMERGING,France,5,725.07,3,145.014,725.07,0.0,1.0,1.0,53,EMERGING_BROADENING,True
12724,Emerging Engagement,ENGAGED,France,7,2317.52,5,331.0743,751.05,125.46,4.9864,1.0,94,POSITIVE_MOMENTUM,False
12725,Low-Activity / Long-Recency,DORMANT,Italy,4,2266.76,371,566.69,0.0,0.0,0.0,0.0,92,None,False
12726,High-Value Stable,ENGAGED,France,11,4014.6,28,364.9636,1141.78,0.0,1.0,1.0,63,POSITIVE_MOMENTUM,False
12727,High-Value Stable,ENGAGED,France,10,5679.53,10,567.953,643.0,537.3,0.1967,0.0,132,None,False
12728,Emerging Engagement,SOFTENING,France,5,1070.17,71,214.034,219.02,0.0,1.0,1.0,48,POSITIVE_MOMENTUM,False
12729,Unsegmented (Insufficient History),DORMANT,France,1,453.01,113,453.01,0.0,453.01,-1.0,-1.0,26,None,True
12730,Unsegmented (Insufficient History),DORMANT,Germany,1,829.25,521,829.25,0.0,0.0,0.0,0.0,47,None,True
12731,High-Value Stable,SOFTENING,France,17,25775.71,23,1516.2182,7571.66,3094.16,1.4471,1.0,137,POSITIVE_MOMENTUM,False
12732,Unsegmented (Insufficient History),DORMANT,France,1,236.26,179,236.26,0.0,236.26,-1.0,-1.0,12,None,True
12733,Low-Activity / Long-Recency,DORMANT,USA,4,2424.87,234,606.2175,0.0,0.0,0.0,0.0,117,None,False
12734,Low-Activity / Long-Recency,DORMANT,France,3,639.65,352,213.2167,0.0,0.0,0.0,0.0,17,None,False
12735,Low-Activity / Long-Recency,DORMANT,France,2,779.57,315,389.785,0.0,0.0,0.0,0.0,38,None,False
12736,Unsegmented (Insufficient History),DORMANT,France,1,234.0,332,234.0,0.0,0.0,0.0,0.0,4,None,True
12737,Low-Activity / Long-Recency,DORMANT,France,2,3710.5,498,1855.25,0.0,0.0,0.0,0.0,2,HISTORICAL_VALUE_DORMANT,False
12738,Unsegmented (Insufficient History),DORMANT,Germany,1,155.35,372,155.35,0.0,0.0,0.0,0.0,11,None,True
12739,Low-Activity / Long-Recency,SOFTENING,United Arab Emirates,4,2726.73,78,681.6825,37.5,975.54,-0.9616,0.0,85,None,False
12740,Unsegmented (Insufficient History),EMERGING,France,1,427.6,63,427.6,427.6,0.0,1.0,1.0,27,EMERGING_BROADENING,True
12741,Low-Activity / Long-Recency,DORMANT,USA,2,406.07,529,203.035,0.0,0.0,0.0,0.0,16,None,False
12742,Unsegmented (Insufficient History),DORMANT,United Arab Emirates,1,1201.52,625,1201.52,0.0,0.0,0.0,0.0,67,None,True
12743,Low-Activity / Long-Recency,DORMANT,Unspecified,2,540.13,134,270.065,0.0,540.13,-1.0,-1.0,114,BROAD_ENGAGEMENT_SOFTENING,False
12744,High-Value Stable,ENGAGED,Singapore,11,25317.06,51,2301.5509,7067.32,3949.32,0.7895,1.0,245,POSITIVE_MOMENTUM,False
12745,Low-Activity / Long-Recency,DORMANT,United Kingdom,3,925.41,486,308.47,0.0,0.0,0.0,0.0,21,None,False
12746,Unsegmented (Insufficient History),DORMANT,United Kingdom,1,254.55,540,254.55,0.0,0.0,0.0,0.0,17,None,True
12747,High-Value Stable,ENGAGED,United Kingdom,26,8898.48,2,342.2492,1426.61,678.0,1.1041,0.5,85,POSITIVE_MOMENTUM,False
12748,High-Value Stable,ENGAGED,United Kingdom,336,53539.64,0,159.3442,19179.98,4003.27,3.7911,0.925,2286,POSITIVE_MOMENTUM,False
12749,High-Value Stable,ENGAGED,United Kingdom,9,6897.36,3,766.3733,1335.65,1896.13,-0.2956,0.0,260,HIGH_VALUE_SOFTENING,False
12750,Unsegmented (Insufficient History),DORMANT,Poland,1,275.88,128,275.88,0.0,275.88,-1.0,-1.0,15,None,True
12751,Unsegmented (Insufficient History),DORMANT,Brazil,1,268.27,444,268.27,0.0,0.0,0.0,0.0,61,None,True
12752,Unsegmented (Insufficient History),SOFTENING,Norway,1,4366.78,81,4366.78,4366.78,0.0,1.0,1.0,53,POSITIVE_MOMENTUM,True
12753,High-Value Stable,ENGAGED,Japan,6,21429.39,22,3571.565,4808.48,3680.4,0.3065,0.0,132,None,False
12754,Low-Activity / Long-Recency,DORMANT,Japan,3,3010.74,235,1003.58,0.0,0.0,0.0,0.0,49,HISTORICAL_VALUE_DORMANT,False
12755,High-Value Stable,DORMANT,Japan,11,5236.26,280,476.0236,0.0,0.0,0.0,0.0,34,HISTORICAL_VALUE_DORMANT,False
12756,Unsegmented (Insufficient History),SOFTENING,Japan,1,112.08,86,112.08,112.08,0.0,1.0,1.0,4,POSITIVE_MOMENTUM,True
12757,Emerging Engagement,ENGAGED,Portugal,13,7834.65,15,602.6654,2553.57,835.65,2.0558,5.0,237,POSITIVE_MOMENTUM,False
12758,High-Value Stable,DORMANT,Portugal,7,9903.24,116,1414.7486,0.0,1221.4,-1.0,-1.0,187,HIGH_VALUE_SOFTENING,False
12759,High-Value Stable,ENGAGED,Netherlands,8,5020.74,52,627.5925,448.92,637.72,-0.2961,0.0,206,HIGH_VALUE_SOFTENING,False
12760,Unsegmented (Insufficient History),DORMANT,Netherlands,1,347.8,455,347.8,0.0,0.0,0.0,0.0,21,None,True
12761,Low-Activity / Long-Recency,DORMANT,Netherlands,2,782.95,457,391.475,0.0,0.0,0.0,0.0,27,None,False
12762,Unsegmented (Insufficient History),EMERGING,Portugal,2,1898.52,7,949.26,1898.52,0.0,1.0,1.0,62,EMERGING_BROADENING,True
12763,Low-Activity / Long-Recency,DORMANT,Japan,2,494.08,138,247.04,0.0,174.0,-1.0,-1.0,16,None,False
12764,Unsegmented (Insufficient History),DORMANT,Lebanon,1,1693.88,316,1693.88,0.0,0.0,0.0,0.0,45,None,True
12765,Low-Activity / Long-Recency,DORMANT,Netherlands,6,1404.58,472,234.0967,0.0,0.0,0.0,0.0,49,None,False
12766,High-Value Stable,ENGAGED,Portugal,9,8918.99,3,990.9989,2037.44,936.48,1.1756,1.0,253,POSITIVE_MOMENTUM,False
12767,Unsegmented (Insufficient History),DORMANT,Korea,1,949.82,375,949.82,0.0,0.0,0.0,0.0,43,None,True
12768,Unsegmented (Insufficient History),DORMANT,Korea,1,168.69,450,168.69,0.0,0.0,0.0,0.0,10,None,True
12769,Unsegmented (Insufficient History),DORMANT,Brazil,1,1143.6,238,1143.6,0.0,0.0,0.0,0.0,32,None,True
12770,Low-Activity / Long-Recency,DORMANT,Japan,2,3246.45,210,1623.225,0.0,0.0,0.0,0.0,19,HISTORICAL_VALUE_DORMANT,False
12771,Unsegmented (Insufficient History),DORMANT,Portugal,1,282.3,485,282.3,0.0,0.0,0.0,0.0,15,None,True
12772,Unsegmented (Insufficient History),EMERGING,Portugal,1,892.47,59,892.47,892.47,0.0,1.0,1.0,55,EMERGING_BROADENING,True
12773,Unsegmented (Insufficient History),DORMANT,Portugal,1,124.25,564,124.25,0.0,0.0,0.0,0.0,6,None,True
12774,Unsegmented (Insufficient History),DORMANT,Netherlands,1,98.7,535,98.7,0.0,0.0,0.0,0.0,6,None,True
12775,Emerging Engagement,ENGAGED,Netherlands,7,1686.12,17,240.8743,221.36,0.0,1.0,1.0,55,POSITIVE_MOMENTUM,False
12776,Unsegmented (Insufficient History),DORMANT,Portugal,1,55.5,667,55.5,0.0,0.0,0.0,0.0,4,None,True
12777,Unsegmented (Insufficient History),DORMANT,United Kingdom,1,519.45,457,519.45,0.0,0.0,0.0,0.0,26,None,True
12778,Emerging Engagement,ENGAGED,Netherlands,9,1775.68,19,197.2978,330.17,0.0,1.0,1.0,77,POSITIVE_MOMENTUM,False
12779,High-Value Stable,ENGAGED,Poland,14,6474.11,37,462.4364,981.95,0.0,1.0,1.0,142,POSITIVE_MOMENTUM,False
12780,Unsegmented (Insufficient History),DORMANT,Netherlands,1,337.4,598,337.4,0.0,0.0,0.0,0.0,20,None,True
12781,Emerging Engagement,ENGAGED,Czech Republic,2,826.74,63,413.37,277.48,0.0,1.0,1.0,25,POSITIVE_MOMENTUM,False
12782,High-Value Stable,REACTIVATED,Portugal,11,4618.24,4,419.84,252.25,515.72,-0.5109,0.0,142,HIGH_VALUE_SOFTENING,False
12783,Unsegmented (Insufficient History),ENGAGED,Portugal,6,2225.91,2,370.985,2225.91,0.0,1.0,1.0,76,POSITIVE_MOMENTUM,True
12784,Emerging Engagement,ENGAGED,Portugal,3,1763.15,9,587.7167,532.82,0.0,1.0,1.0,121,POSITIVE_MOMENTUM,False
12785,Low-Activity / Long-Recency,DORMANT,Portugal,3,1100.4,364,366.8,0.0,0.0,0.0,0.0,42,None,False
12786,Unsegmented (Insufficient History),DORMANT,Netherlands,1,728.5,609,728.5,0.0,0.0,0.0,0.0,18,None,True
12787,Low-Activity / Long-Recency,ENGAGED,Netherlands,4,862.18,9,215.545,119.0,186.56,-0.3621,0.0,30,None,False
12788,Low-Activity / Long-Recency,DORMANT,Netherlands,4,444.9,463,111.225,0.0,0.0,0.0,0.0,20,None,False
12789,Emerging Engagement,ENGAGED,Netherlands,3,273.35,65,91.1167,91.85,0.0,1.0,1.0,5,POSITIVE_MOMENTUM,False
12790,Low-Activity / Long-Recency,DORMANT,Netherlands,2,591.85,192,295.925,0.0,0.0,0.0,0.0,36,None,False
12791,Low-Activity / Long-Recency,DORMANT,Netherlands,6,863.51,373,143.9183,0.0,0.0,0.0,0.0,17,None,False
12792,Low-Activity / Long-Recency,DORMANT,Portugal,2,827.01,256,413.505,0.0,0.0,0.0,0.0,39,None,False
12793,Low-Activity / Long-Recency,DORMANT,Portugal,3,885.53,334,295.1767,0.0,0.0,0.0,0.0,34,None,False
12794,Low-Activity / Long-Recency,ENGAGED,Portugal,2,860.41,53,430.205,543.41,317.0,0.7142,0.0,43,None,False
12795,Unsegmented (Insufficient History),EMERGING,Portugal,1,430.48,18,430.48,430.48,0.0,1.0,1.0,14,EMERGING_BROADENING,True
12796,Unsegmented (Insufficient History),DORMANT,Netherlands,1,381.0,628,381.0,0.0,0.0,0.0,0.0,7,None,True
12797,Low-Activity / Long-Recency,DORMANT,Portugal,2,552.08,365,276.04,0.0,0.0,0.0,0.0,27,None,False
12798,Emerging Engagement,ENGAGED,Japan,4,8510.93,10,2127.7325,5370.0,1607.04,2.3415,1.0,27,POSITIVE_MOMENTUM,False
12799,Unsegmented (Insufficient History),DORMANT,Japan,1,219.35,529,219.35,0.0,0.0,0.0,0.0,15,None,True
12800,Low-Activity / Long-Recency,DORMANT,Portugal,3,584.25,470,194.75,0.0,0.0,0.0,0.0,31,None,False
12801,Unsegmented (Insufficient History),DORMANT,Sweden,1,1071.82,500,1071.82,0.0,0.0,0.0,0.0,50,None,True
12802,High-Value Stable,DORMANT,Netherlands,7,2416.42,186,345.2029,0.0,0.0,0.0,0.0,108,None,False
12803,Unsegmented (Insufficient History),DORMANT,Netherlands,1,1092.81,393,1092.81,0.0,0.0,0.0,0.0,55,None,True
12804,Low-Activity / Long-Recency,DORMANT,Netherlands,2,325.37,465,162.685,0.0,0.0,0.0,0.0,60,None,False
12805,Low-Activity / Long-Recency,DORMANT,Netherlands,4,1434.95,381,358.7375,0.0,0.0,0.0,0.0,44,None,False
12806,Low-Activity / Long-Recency,DORMANT,Netherlands,4,2878.96,435,719.74,0.0,0.0,0.0,0.0,58,None,False
12807,Unsegmented (Insufficient History),DORMANT,Sweden,1,330.35,383,330.35,0.0,0.0,0.0,0.0,16,None,True
12808,Emerging Engagement,ENGAGED,Portugal,5,776.7,36,155.34,202.3,0.0,1.0,1.0,46,POSITIVE_MOMENTUM,False
12809,Low-Activity / Long-Recency,DORMANT,Portugal,3,1755.94,177,585.3133,0.0,489.31,-1.0,-1.0,75,None,False
12810,Low-Activity / Long-Recency,DORMANT,Japan,2,534.99,534,267.495,0.0,0.0,0.0,0.0,32,None,False
12811,Low-Activity / Long-Recency,DORMANT,Portugal,5,1033.9,260,206.78,0.0,0.0,0.0,0.0,47,None,False
12812,Unsegmented (Insufficient History),EMERGING,Japan,1,229.64,44,229.64,229.64,0.0,1.0,1.0,15,EMERGING_BROADENING,True
12813,Low-Activity / Long-Recency,DORMANT,Netherlands,3,1687.8,501,562.6,0.0,0.0,0.0,0.0,37,None,False
12814,Unsegmented (Insufficient History),DORMANT,Poland,1,125.92,101,125.92,0.0,125.92,-1.0,-1.0,2,None,True
12815,Low-Activity / Long-Recency,DORMANT,Poland,2,1063.46,147,531.73,0.0,448.1,-1.0,-1.0,38,None,False
12816,Low-Activity / Long-Recency,SOFTENING,Poland,2,572.2,95,286.1,0.0,572.2,-1.0,-1.0,27,None,False
12817,Low-Activity / Long-Recency,DORMANT,Austria,3,690.98,281,230.3267,0.0,0.0,0.0,0.0,16,None,False
12818,Unsegmented (Insufficient History),DORMANT,Austria,1,1542.08,261,1542.08,0.0,0.0,0.0,0.0,14,None,True
12819,Unsegmented (Insufficient History),DORMANT,United Kingdom,1,540.52,458,540.52,0.0,0.0,0.0,0.0,19,None,True
12820,High-Value Stable,ENGAGED,United Kingdom,11,2689.52,3,244.5018,771.88,0.0,1.0,1.0,131,POSITIVE_MOMENTUM,False
12821,Low-Activity / Long-Recency,DORMANT,United Kingdom,2,220.8,214,110.4,0.0,0.0,0.0,0.0,13,None,False
12822,Unsegmented (Insufficient History),SOFTENING,United Kingdom,2,948.88,70,474.44,948.88,0.0,1.0,1.0,41,POSITIVE_MOMENTUM,True
12823,High-Value Stable,SOFTENING,United Kingdom,18,6501.5,74,361.1944,535.5,229.5,1.3333,0.0,1,None,False
12824,Unsegmented (Insufficient History),EMERGING,United Kingdom,1,397.12,59,397.12,397.12,0.0,1.0,1.0,25,EMERGING_BROADENING,True
12825,Low-Activity / Long-Recency,DORMANT,United Kingdom,2,518.63,521,259.315,0.0,0.0,0.0,0.0,20,None,False
12826,Emerging Engagement,ENGAGED,United Kingdom,12,2800.75,2,233.3958,656.1,121.52,4.3991,2.0,93,POSITIVE_MOMENTUM,False
12827,Unsegmented (Insufficient History),EMERGING,United Kingdom,3,430.15,5,143.3833,430.15,0.0,1.0,1.0,19,EMERGING_BROADENING,True
12828,Low-Activity / Long-Recency,ENGAGED,United Kingdom,6,1018.71,2,169.785,603.2,415.51,0.4517,0.0,46,None,False
12829,Low-Activity / Long-Recency,DORMANT,United Kingdom,3,385.3,336,128.4333,0.0,0.0,0.0,0.0,17,None,False
12830,Low-Activity / Long-Recency,SOFTENING,United Kingdom,6,6814.64,37,1135.7733,400.32,6414.32,-0.9376,-0.8,13,HIGH_VALUE_SOFTENING,False
12831,Low-Activity / Long-Recency,DORMANT,United Kingdom,3,451.11,262,150.37,0.0,0.0,0.0,0.0,16,None,False
12832,Low-Activity / Long-Recency,ENGAGED,United Kingdom,2,383.03,32,191.515,115.23,267.8,-0.5697,0.0,27,None,False
12833,Unsegmented (Insufficient History),DORMANT,United Kingdom,1,417.38,145,417.38,0.0,417.38,-1.0,-1.0,24,None,True
12834,Unsegmented (Insufficient History),DORMANT,United Kingdom,1,312.38,282,312.38,0.0,0.0,0.0,0.0,18,None,True
12835,High-Value Stable,DORMANT,United Kingdom,41,5996.83,427,146.2641,0.0,0.0,0.0,0.0,138,HISTORICAL_VALUE_DORMANT,False
12836,High-Value Stable,ENGAGED,United Kingdom,15,6559.73,59,437.3153,497.83,451.13,0.1035,0.0,280,None,False
12837,Low-Activity / Long-Recency,DORMANT,United Kingdom,2,662.66,173,331.33,0.0,134.1,-1.0,-1.0,83,None,False
12838,High-Value Stable,ENGAGED,United Kingdom,10,2975.91,33,297.591,281.16,0.0,1.0,1.0,230,POSITIVE_MOMENTUM,False
12839,High-Value Stable,ENGAGED,United Kingdom,26,9669.12,2,371.8892,2494.03,1397.02,0.7853,0.25,156,POSITIVE_MOMENTUM,False
12840,High-Value Stable,DORMANT,United Kingdom,7,4041.97,143,577.4243,0.0,576.0,-1.0,-1.0,109,HIGH_VALUE_SOFTENING,False
12841,High-Value Stable,ENGAGED,United Kingdom,40,6958.2,4,173.955,1161.67,690.45,0.6825,1.0,307,POSITIVE_MOMENTUM,False
12842,Emerging Engagement,SOFTENING,United Kingdom,4,1917.99,70,479.4975,808.26,0.0,1.0,1.0,45,POSITIVE_MOMENTUM,False
12843,High-Value Stable,ENGAGED,United Kingdom,30,6583.36,65,219.4453,9.95,620.8,-0.984,-0.6667,130,HIGH_VALUE_SOFTENING,False
12844,Low-Activity / Long-Recency,ENGAGED,United Kingdom,4,648.6,29,162.15,151.08,174.88,-0.1361,0.0,88,None,False
12845,Low-Activity / Long-Recency,DORMANT,United Kingdom,4,354.09,267,88.5225,0.0,0.0,0.0,0.0,26,None,False
12846,Unsegmented (Insufficient History),DORMANT,United Kingdom,1,15.58,682,15.58,0.0,0.0,0.0,0.0,1,None,True
12847,Emerging Engagement,ENGAGED,United Kingdom,2,1609.0,22,804.5,843.64,0.0,1.0,1.0,100,POSITIVE_MOMENTUM,False
12848,Unsegmented (Insufficient History),DORMANT,United Kingdom,1,208.0,675,208.0,0.0,0.0,0.0,0.0,16,None,True
12849,Emerging Engagement,ENGAGED,United Kingdom,6,3042.47,31,507.0783,341.44,0.0,1.0,1.0,123,POSITIVE_MOMENTUM,False
12850,Unsegmented (Insufficient History),DORMANT,United Kingdom,1,330.0,445,330.0,0.0,0.0,0.0,0.0,2,None,True
12851,Low-Activity / Long-Recency,SOFTENING,United Kingdom,2,280.76,96,140.38,0.0,131.81,-1.0,-1.0,71,None,False
12852,Unsegmented (Insufficient History),DORMANT,United Kingdom,1,311.55,294,311.55,0.0,0.0,0.0,0.0,17,None,True
12853,High-Value Stable,DORMANT,United Kingdom,11,3907.5,134,355.2273,0.0,1072.1,-1.0,-1.0,111,HIGH_VALUE_SOFTENING,False
12854,Emerging Engagement,SOFTENING,United Kingdom,7,2970.97,78,424.4243,505.88,0.0,1.0,1.0,188,POSITIVE_MOMENTUM,False
12855,Low-Activity / Long-Recency,DORMANT,United Kingdom,4,612.84,372,153.21,0.0,0.0,0.0,0.0,65,None,False
12856,Unsegmented (Insufficient History),EMERGING,United Kingdom,6,2170.78,7,361.7967,2170.78,0.0,1.0,1.0,155,EMERGING_BROADENING,True
12857,Low-Activity / Long-Recency,DORMANT,United Kingdom,6,3688.0,210,614.6667,0.0,0.0,0.0,0.0,71,HISTORICAL_VALUE_DORMANT,False
12858,Unsegmented (Insufficient History),DORMANT,United Kingdom,1,147.27,383,147.27,0.0,0.0,0.0,0.0,36,None,True
12859,Unsegmented (Insufficient History),DORMANT,United Kingdom,1,575.1,458,575.1,0.0,0.0,0.0,0.0,21,None,True
12860,Unsegmented (Insufficient History),DORMANT,United Kingdom,1,54.22,693,54.22,0.0,0.0,0.0,0.0,16,None,True
12861,Unsegmented (Insufficient History),DORMANT,United Kingdom,1,68.25,619,68.25,0.0,0.0,0.0,0.0,4,None,True
12862,Low-Activity / Long-Recency,DORMANT,United Kingdom,2,984.62,425,492.31,0.0,0.0,0.0,0.0,119,None,False
12863,Emerging Engagement,ENGAGED,United Kingdom,6,2792.55,52,465.425,521.2,0.0,1.0,1.0,24,POSITIVE_MOMENTUM,False
12864,Low-Activity / Long-Recency,DORMANT,United Kingdom,2,299.57,138,149.785,0.0,147.12,-1.0,-1.0,5,None,False
12865,High-Value Stable,ENGAGED,Austria,4,3323.47,26,830.8675,586.85,981.38,-0.402,0.0,156,HIGH_VALUE_SOFTENING,False
12866,Low-Activity / Long-Recency,DORMANT,Belgium,3,1227.35,283,409.1167,0.0,0.0,0.0,0.0,58,None,False
12867,High-Value Stable,ENGAGED,United Kingdom,13,7829.26,26,602.2508,993.38,1286.57,-0.2279,-0.5,365,BROAD_ENGAGEMENT_SOFTENING,False
12868,High-Value Stable,DORMANT,United Kingdom,8,2043.76,185,255.47,0.0,0.0,0.0,0.0,86,None,False
12869,Unsegmented (Insufficient History),DORMANT,United Kingdom,1,337.67,681,337.67,0.0,0.0,0.0,0.0,35,None,True
12870,Low-Activity / Long-Recency,DORMANT,United Kingdom,3,1676.95,375,558.9833,0.0,0.0,0.0,0.0,85,None,False
12871,Emerging Engagement,SOFTENING,United Kingdom,3,744.02,84,248.0067,248.64,0.0,1.0,1.0,13,POSITIVE_MOMENTUM,False
12872,High-Value Stable,DORMANT,United Kingdom,12,3283.96,326,273.6633,0.0,0.0,0.0,0.0,217,HISTORICAL_VALUE_DORMANT,False
12873,Low-Activity / Long-Recency,DORMANT,United Kingdom,3,2027.3,282,675.7667,0.0,0.0,0.0,0.0,33,None,False
12874,Low-Activity / Long-Recency,DORMANT,Belgium,2,948.42,385,474.21,0.0,0.0,0.0,0.0,44,None,False
12875,Low-Activity / Long-Recency,DORMANT,United Kingdom,5,1356.99,143,271.398,0.0,49.47,-1.0,-1.0,2,None,False
12876,Emerging Engagement,ENGAGED,Belgium,4,4081.79,57,1020.4475,1491.59,0.0,1.0,1.0,117,POSITIVE_MOMENTUM,False
12877,High-Value Stable,ENGAGED,United Kingdom,20,2942.14,3,147.107,476.54,377.19,0.2634,0.5,149,POSITIVE_MOMENTUM,False
12878,Low-Activity / Long-Recency,DORMANT,United Kingdom,2,854.99,236,427.495,0.0,0.0,0.0,0.0,38,None,False
12879,Emerging Engagement,SOFTENING,United Kingdom,3,573.22,44,191.0733,432.72,140.5,2.0799,1.0,7,POSITIVE_MOMENTUM,False
12880,Low-Activity / Long-Recency,DORMANT,United Kingdom,2,640.13,381,320.065,0.0,0.0,0.0,0.0,32,None,False
12881,Unsegmented (Insufficient History),DORMANT,United Kingdom,1,298.0,275,298.0,0.0,0.0,0.0,0.0,7,None,True
12882,Unsegmented (Insufficient History),EMERGING,United Kingdom,2,1463.04,9,731.52,1463.04,0.0,1.0,1.0,12,EMERGING_BROADENING,True
12883,Unsegmented (Insufficient History),ENGAGED,United Kingdom,4,703.47,24,175.8675,703.47,0.0,1.0,1.0,39,POSITIVE_MOMENTUM,True
12884,Unsegmented (Insufficient History),SOFTENING,United Kingdom,1,309.05,88,309.05,309.05,0.0,1.0,1.0,7,POSITIVE_MOMENTUM,True
12885,Emerging Engagement,ENGAGED,United Kingdom,3,1175.22,63,391.74,529.87,645.35,-0.1789,1.0,66,None,False
12886,Emerging Engagement,ENGAGED,United Kingdom,2,1378.4,67,689.2,603.4,0.0,1.0,1.0,75,POSITIVE_MOMENTUM,False
12887,Unsegmented (Insufficient History),DORMANT,United Kingdom,1,222.4,383,222.4,0.0,0.0,0.0,0.0,13,None,True
12888,Low-Activity / Long-Recency,DORMANT,United Kingdom,2,354.12,214,177.06,0.0,0.0,0.0,0.0,4,None,False
12889,Low-Activity / Long-Recency,DORMANT,United Kingdom,4,385.46,381,96.365,0.0,0.0,0.0,0.0,25,None,False
12890,Emerging Engagement,ENGAGED,United Kingdom,2,706.02,24,353.01,376.72,0.0,1.0,1.0,124,POSITIVE_MOMENTUM,False
12891,Low-Activity / Long-Recency,DORMANT,United Kingdom,11,840.5,185,76.4091,0.0,0.0,0.0,0.0,2,HIGH_FREQUENCY_LOW_VALUE,False
12892,Unsegmented (Insufficient History),DORMANT,United Kingdom,1,263.38,396,263.38,0.0,0.0,0.0,0.0,18,None,True
12893,Unsegmented (Insufficient History),EMERGING,United Kingdom,1,176.55,30,176.55,176.55,0.0,1.0,1.0,27,EMERGING_BROADENING,True
12894,Unsegmented (Insufficient History),DORMANT,United Kingdom,1,157.35,575,157.35,0.0,0.0,0.0,0.0,21,None,True
12895,Unsegmented (Insufficient History),ENGAGED,United Kingdom,2,372.8,42,186.4,372.8,0.0,1.0,1.0,22,POSITIVE_MOMENTUM,True
12897,Low-Activity / Long-Recency,DORMANT,United Kingdom,4,514.25,204,128.5625,0.0,0.0,0.0,0.0,10,None,False
12898,Low-Activity / Long-Recency,DORMANT,United Kingdom,2,296.21,463,148.105,0.0,0.0,0.0,0.0,27,None,False
12899,Unsegmented (Insufficient History),DORMANT,United Kingdom,1,366.4,413,366.4,0.0,0.0,0.0,0.0,17,None,True
12900,Unsegmented (Insufficient History),DORMANT,United Kingdom,1,340.33,422,340.33,0.0,0.0,0.0,0.0,13,None,True
12901,High-Value Stable,ENGAGED,United Kingdom,28,17654.54,8,630.5193,6015.07,3577.67,0.6813,0.2857,30,POSITIVE_MOMENTUM,False
12902,Unsegmented (Insufficient History),DORMANT,United Kingdom,1,138.68,264,138.68,0.0,0.0,0.0,0.0,10,None,True
12903,Unsegmented (Insufficient History),DORMANT,United Kingdom,1,833.53,428,833.53,0.0,0.0,0.0,0.0,41,None,True
12904,Low-Activity / Long-Recency,ENGAGED,United Kingdom,2,496.06,18,248.03,251.37,244.69,0.0273,0.0,59,None,False
12905,Low-Activity / Long-Recency,DORMANT,United Kingdom,2,1018.42,576,509.21,0.0,0.0,0.0,0.0,52,None,False
12906,Unsegmented (Insufficient History),ENGAGED,United Kingdom,5,2919.81,11,583.962,2919.81,0.0,1.0,1.0,55,POSITIVE_MOMENTUM,True
12907,Low-Activity / Long-Recency,DORMANT,United Kingdom,2,508.91,395,254.455,0.0,0.0,0.0,0.0,23,None,False
12908,Low-Activity / Long-Recency,DORMANT,United Kingdom,5,1776.0,176,355.2,0.0,432.0,-1.0,-1.0,1,None,False
12909,Emerging Engagement,ENGAGED,United Kingdom,8,3088.34,39,386.0425,650.3,0.0,1.0,1.0,120,POSITIVE_MOMENTUM,False
12910,Emerging Engagement,ENGAGED,United Kingdom,13,5796.52,23,445.8862,1588.14,344.4,3.6113,3.0,75,POSITIVE_MOMENTUM,False
12911,Unsegmented (Insufficient History),DORMANT,United Kingdom,1,1651.72,551,1651.72,0.0,0.0,0.0,0.0,220,None,True
12912,Unsegmented (Insufficient History),EMERGING,United Kingdom,5,1662.3,2,332.46,1662.3,0.0,1.0,1.0,17,EMERGING_BROADENING,True
12913,High-Value Stable,ENGAGED,United Kingdom,13,6283.24,4,483.3262,1617.24,0.0,1.0,1.0,52,POSITIVE_MOMENTUM,False
12914,Unsegmented (Insufficient History),DORMANT,United Kingdom,1,223.98,400,223.98,0.0,0.0,0.0,0.0,9,None,True
12915,Low-Activity / Long-Recency,DORMANT,United Kingdom,4,975.1,148,243.775,0.0,164.0,-1.0,-1.0,46,None,False
12916,Low-Activity / Long-Recency,DORMANT,United Kingdom,7,4479.73,138,639.9614,0.0,693.37,-1.0,-1.0,82,HIGH_VALUE_SOFTENING,False
12917,Low-Activity / Long-Recency,DORMANT,United Kingdom,6,4359.2,128,726.5333,0.0,594.0,-1.0,-1.0,45,HIGH_VALUE_SOFTENING,False
12918,Unsegmented (Insufficient History),DORMANT,United Kingdom,1,10953.5,626,10953.5,0.0,0.0,0.0,0.0,1,HISTORICAL_VALUE_DORMANT,True
12919,Emerging Engagement,ENGAGED,United Kingdom,6,1335.19,8,222.5317,893.54,441.65,1.0232,0.0,34,None,False
12920,Emerging Engagement,ENGAGED,United Kingdom,4,486.64,17,121.66,162.78,0.0,1.0,1.0,59,POSITIVE_MOMENTUM,False
12921,High-Value Stable,ENGAGED,United Kingdom,74,35233.24,9,476.1249,6503.62,4012.15,0.621,0.4444,322,POSITIVE_MOMENTUM,False
12922,Unsegmented (Insufficient History),DORMANT,United Kingdom,1,405.38,161,405.38,0.0,405.38,-1.0,-1.0,28,None,True
12923,Emerging Engagement,ENGAGED,United Kingdom,3,770.42,64,256.8067,172.82,0.0,1.0,1.0,54,POSITIVE_MOMENTUM,False
12924,High-Value Stable,SOFTENING,United Kingdom,12,2469.4,88,205.7833,278.43,0.0,1.0,1.0,56,POSITIVE_MOMENTUM,False
12925,Emerging Engagement,ENGAGED,United Kingdom,3,729.33,4,243.11,694.05,0.0,1.0,1.0,46,POSITIVE_MOMENTUM,False
12926,Low-Activity / Long-Recency,DORMANT,United Kingdom,4,1523.97,411,380.9925,0.0,0.0,0.0,0.0,202,None,False
12927,Unsegmented (Insufficient History),DORMANT,United Kingdom,1,197.31,394,197.31,0.0,0.0,0.0,0.0,11,None,True
12928,High-Value Stable,ENGAGED,United Kingdom,12,4304.89,35,358.7408,926.56,356.1,1.602,1.0,94,POSITIVE_MOMENTUM,False
12929,Unsegmented (Insufficient History),DORMANT,United Kingdom,1,117.85,311,117.85,0.0,0.0,0.0,0.0,8,None,True
12930,Low-Activity / Long-Recency,SOFTENING,United Kingdom,2,415.8,78,207.9,194.24,221.56,-0.1233,0.0,20,None,False
12931,High-Value Stable,ENGAGED,United Kingdom,57,91810.34,21,1610.7077,8988.26,28610.0,-0.6858,0.0,37,HIGH_VALUE_SOFTENING,False
12932,Low-Activity / Long-Recency,DORMANT,United Kingdom,8,1698.56,539,212.32,0.0,0.0,0.0,0.0,69,HIGH_FREQUENCY_LOW_VALUE,False
12933,High-Value Stable,ENGAGED,United Kingdom,8,1636.63,24,204.5788,250.04,246.74,0.0134,0.0,227,HIGH_FREQUENCY_LOW_VALUE,False
12934,Unsegmented (Insufficient History),DORMANT,United Kingdom,1,181.65,736,181.65,0.0,0.0,0.0,0.0,2,None,True
12935,High-Value Stable,ENGAGED,United Kingdom,15,4243.86,2,282.924,625.36,669.11,-0.0654,0.5,113,None,False
12936,Unsegmented (Insufficient History),ENGAGED,United Kingdom,4,1063.9,17,265.975,1063.9,0.0,1.0,1.0,56,POSITIVE_MOMENTUM,True
12937,High-Value Stable,ENGAGED,United Kingdom,9,3097.61,15,344.1789,1076.04,0.0,1.0,1.0,128,POSITIVE_MOMENTUM,False
12938,Unsegmented (Insufficient History),EMERGING,United Kingdom,1,114.14,25,114.14,114.14,0.0,1.0,1.0,9,EMERGING_BROADENING,True
12939,Emerging Engagement,SOFTENING,United Kingdom,20,25264.8,64,1263.24,3591.72,761.76,3.715,3.0,24,POSITIVE_MOMENTUM,False
12940,Unsegmented (Insufficient History),ENGAGED,United Kingdom,2,899.69,54,449.845,899.69,0.0,1.0,1.0,87,POSITIVE_MOMENTUM,True
12941,Unsegmented (Insufficient History),DORMANT,United Kingdom,1,377.49,724,377.49,0.0,0.0,0.0,0.0,27,None,True
12942,Low-Activity / Long-Recency,DORMANT,United Kingdom,3,675.6,131,225.2,0.0,279.08,-1.0,-1.0,68,None,False
12943,Low-Activity / Long-Recency,DORMANT,United Kingdom,2,496.5,558,248.25,0.0,0.0,0.0,0.0,22,None,False
12944,Emerging Engagement,ENGAGED,United Kingdom,2,604.51,35,302.255,317.56,0.0,1.0,1.0,29,POSITIVE_MOMENTUM,False
12945,Low-Activity / Long-Recency,DORMANT,United Kingdom,2,900.11,288,450.055,0.0,0.0,0.0,0.0,47,None,False
12946,Unsegmented (Insufficient History),DORMANT,United Kingdom,1,324.45,436,324.45,0.0,0.0,0.0,0.0,20,None,True
12947,Low-Activity / Long-Recency,DORMANT,United Kingdom,6,1603.99,143,267.3317,0.0,224.3,-1.0,-1.0,83,None,False
12948,Emerging Engagement,ENGAGED,United Kingdom,9,2317.43,16,257.4922,640.99,537.7,0.1921,2.0,89,None,False
12949,High-Value Stable,SOFTENING,United Kingdom,22,15526.7,30,705.7591,717.8,1198.72,-0.4012,-0.75,347,BROAD_ENGAGEMENT_SOFTENING,False
12950,Unsegmented (Insufficient History),EMERGING,United Kingdom,3,1843.0,2,614.3333,1843.0,0.0,1.0,1.0,13,EMERGING_BROADENING,True
12951,High-Value Stable,REACTIVATED,United Kingdom,15,3213.72,8,214.248,312.29,126.9,1.4609,0.0,110,HIGH_FREQUENCY_LOW_VALUE,False
12952,Unsegmented (Insufficient History),ENGAGED,United Kingdom,4,1387.79,5,346.9475,1387.79,0.0,1.0,1.0,64,POSITIVE_MOMENTUM,True
12953,Emerging Engagement,ENGAGED,United Kingdom,2,828.81,9,414.405,329.85,0.0,1.0,1.0,45,POSITIVE_MOMENTUM,False
12954,Unsegmented (Insufficient History),DORMANT,United Kingdom,1,162.45,638,162.45,0.0,0.0,0.0,0.0,10,None,True
12955,High-Value Stable,ENGAGED,United Kingdom,11,4757.16,1,432.4691,2913.8,1145.94,1.5427,0.6667,81,POSITIVE_MOMENTUM,False
12956,Low-Activity / Long-Recency,DORMANT,United Kingdom,4,521.89,306,130.4725,0.0,0.0,0.0,0.0,42,None,False
12957,High-Value Stable,ENGAGED,United Kingdom,13,8706.97,9,669.7669,2302.25,0.0,1.0,1.0,402,POSITIVE_MOMENTUM,False
12958,Low-Activity / Long-Recency,DORMANT,United Kingdom,2,467.34,400,233.67,0.0,0.0,0.0,0.0,45,None,False
12959,Unsegmented (Insufficient History),DORMANT,United Kingdom,1,150.95,484,150.95,0.0,0.0,0.0,0.0,8,None,True
12960,Low-Activity / Long-Recency,DORMANT,United Kingdom,4,1322.07,413,330.5175,0.0,0.0,0.0,0.0,49,None,False
12961,Unsegmented (Insufficient History),DORMANT,United Kingdom,1,211.99,379,211.99,0.0,0.0,0.0,0.0,37,None,True
12962,Low-Activity / Long-Recency,ENGAGED,United Kingdom,2,266.39,7,133.195,95.85,170.54,-0.438,0.0,15,None,False
12963,High-Value Stable,ENGAGED,United Kingdom,12,3235.79,8,269.6492,1490.83,0.0,1.0,1.0,129,POSITIVE_MOMENTUM,False
12964,Unsegmented (Insufficient History),DORMANT,United Kingdom,1,132.24,437,132.24,0.0,0.0,0.0,0.0,26,None,True
12965,Unsegmented (Insufficient History),SOFTENING,United Kingdom,1,769.81,89,769.81,769.81,0.0,1.0,1.0,108,POSITIVE_MOMENTUM,True
12966,Unsegmented (Insufficient History),EMERGING,United Kingdom,1,160.18,9,160.18,160.18,0.0,1.0,1.0,10,EMERGING_BROADENING,True
12967,Low-Activity / Long-Recency,DORMANT,United Kingdom,3,2938.52,358,979.5067,0.0,0.0,0.0,0.0,47,HISTORICAL_VALUE_DORMANT,False
12968,Unsegmented (Insufficient History),DORMANT,United Kingdom,1,135.95,112,135.95,0.0,135.95,-1.0,-1.0,5,None,True
12969,Unsegmented (Insufficient History),DORMANT,United Kingdom,1,122.45,602,122.45,0.0,0.0,0.0,0.0,5,None,True
12970,Emerging Engagement,REACTIVATED,United Kingdom,10,1453.6,7,145.36,381.67,0.0,1.0,1.0,280,POSITIVE_MOMENTUM,False
12971,High-Value Stable,ENGAGED,United Kingdom,116,15704.6,3,135.3845,3024.59,3305.98,-0.0851,-0.0435,102,HIGH_FREQUENCY_LOW_VALUE,False
12972,Low-Activity / Long-Recency,DORMANT,United Kingdom,4,1161.2,413,290.3,0.0,0.0,0.0,0.0,69,None,False
12973,Unsegmented (Insufficient History),DORMANT,United Kingdom,1,385.55,413,385.55,0.0,0.0,0.0,0.0,6,None,True
12974,Low-Activity / Long-Recency,DORMANT,United Kingdom,2,408.95,197,204.475,0.0,0.0,0.0,0.0,27,None,False
12975,Low-Activity / Long-Recency,DORMANT,United Kingdom,6,2100.09,436,350.015,0.0,0.0,0.0,0.0,92,None,False
12976,High-Value Stable,DORMANT,United Kingdom,8,3156.38,211,394.5475,0.0,0.0,0.0,0.0,106,HISTORICAL_VALUE_DORMANT,False
12977,Low-Activity / Long-Recency,DORMANT,United Kingdom,4,513.88,156,128.47,0.0,39.24,-1.0,-1.0,54,None,False
12978,Low-Activity / Long-Recency,DORMANT,United Kingdom,5,2502.82,385,500.564,0.0,0.0,0.0,0.0,126,None,False
12979,Unsegmented (Insufficient History),DORMANT,United Arab Emirates,1,517.7,729,517.7,0.0,0.0,0.0,0.0,56,None,True
12980,High-Value Stable,DORMANT,United Kingdom,21,16245.78,157,773.6086,0.0,1915.92,-1.0,-1.0,7,HIGH_VALUE_SOFTENING,False
12981,Low-Activity / Long-Recency,ENGAGED,United Kingdom,2,372.22,29,186.11,185.04,187.18,-0.0114,0.0,12,None,False
12982,High-Value Stable,DORMANT,United Kingdom,8,2744.81,242,343.1012,0.0,0.0,0.0,0.0,139,None,False
12983,Unsegmented (Insufficient History),DORMANT,United Kingdom,1,490.08,598,490.08,0.0,0.0,0.0,0.0,30,None,True
12984,Unsegmented (Insufficient History),EMERGING,United Kingdom,1,97.5,18,97.5,97.5,0.0,1.0,1.0,4,EMERGING_BROADENING,True
12985,Unsegmented (Insufficient History),EMERGING,United Kingdom,2,1239.38,0,619.69,1239.38,0.0,1.0,1.0,73,EMERGING_BROADENING,True
12986,Low-Activity / Long-Recency,DORMANT,United Kingdom,10,2729.84,428,272.984,0.0,0.0,0.0,0.0,61,None,False
12987,Emerging Engagement,SOFTENING,United Kingdom,5,1312.21,73,262.442,254.4,0.0,1.0,1.0,61,POSITIVE_MOMENTUM,False
12988,Unsegmented (Insufficient History),DORMANT,United Kingdom,1,505.82,292,505.82,0.0,0.0,0.0,0.0,75,None,True
12989,Emerging Engagement,ENGAGED,United Kingdom,33,13551.75,3,410.6591,2454.97,1141.2,1.1512,6.0,50,POSITIVE_MOMENTUM,False
12990,Emerging Engagement,ENGAGED,United Kingdom,7,955.5,31,136.5,145.6,0.0,1.0,1.0,9,POSITIVE_MOMENTUM,False
12991,Low-Activity / Long-Recency,ENGAGED,United Kingdom,3,764.82,23,254.94,200.2,303.56,-0.3405,0.0,45,None,False
12992,Unsegmented (Insufficient History),DORMANT,United Kingdom,1,93.35,725,93.35,0.0,0.0,0.0,0.0,6,None,True
12993,Low-Activity / Long-Recency,ENGAGED,United Kingdom,8,1259.63,23,157.4537,42.36,197.1,-0.7851,0.0,57,HIGH_FREQUENCY_LOW_VALUE,False
12994,Low-Activity / Long-Recency,ENGAGED,United Kingdom,3,974.42,4,324.8067,328.95,292.87,0.1232,0.0,52,None,False
12995,Unsegmented (Insufficient History),SOFTENING,United Kingdom,1,211.32,85,211.32,211.32,0.0,1.0,1.0,3,POSITIVE_MOMENTUM,True
12996,Unsegmented (Insufficient History),DORMANT,United Kingdom,1,355.5,375,355.5,0.0,0.0,0.0,0.0,22,None,True
12997,Emerging Engagement,ENGAGED,United Kingdom,8,2110.91,22,263.8637,618.42,0.0,1.0,1.0,65,POSITIVE_MOMENTUM,False
12998,Low-Activity / Long-Recency,DORMANT,United Kingdom,3,920.08,492,306.6933,0.0,0.0,0.0,0.0,58,None,False
12999,Low-Activity / Long-Recency,DORMANT,United Kingdom,3,455.88,196,151.96,0.0,0.0,0.0,0.0,25,None,False
13000,Low-Activity / Long-Recency,DORMANT,United Kingdom,4,1032.5,106,258.125,0.0,76.32,-1.0,-1.0,57,None,False
13001,High-Value Stable,ENGAGED,United Kingdom,33,24042.65,4,728.5652,1203.4,770.07,0.5627,1.0,300,POSITIVE_MOMENTUM,False
13002,Low-Activity / Long-Recency,DORMANT,United Kingdom,3,414.13,318,138.0433,0.0,0.0,0.0,0.0,19,None,False
13003,Low-Activity / Long-Recency,DORMANT,United Kingdom,3,149.05,105,49.6833,0.0,90.0,-1.0,-1.0,4,None,False
13004,High-Value Stable,ENGAGED,United Kingdom,36,11650.85,11,323.6347,1870.82,1024.07,0.8268,0.5,417,POSITIVE_MOMENTUM,False
13005,Low-Activity / Long-Recency,DORMANT,United Kingdom,4,999.68,173,249.92,0.0,192.05,-1.0,-1.0,41,None,False
13006,Unsegmented (Insufficient History),EMERGING,United Kingdom,1,81.57,56,81.57,81.57,0.0,1.0,1.0,4,EMERGING_BROADENING,True
13007,Unsegmented (Insufficient History),DORMANT,United Kingdom,1,175.25,579,175.25,0.0,0.0,0.0,0.0,11,None,True
13008,Low-Activity / Long-Recency,DORMANT,United Kingdom,3,612.13,323,204.0433,0.0,0.0,0.0,0.0,31,None,False
13009,Unsegmented (Insufficient History),DORMANT,United Kingdom,1,234.0,672,234.0,0.0,0.0,0.0,0.0,4,None,True
13010,Low-Activity / Long-Recency,DORMANT,United Kingdom,2,330.12,374,165.06,0.0,0.0,0.0,0.0,10,None,False
13011,Unsegmented (Insufficient History),DORMANT,United Kingdom,1,50.55,372,50.55,0.0,0.0,0.0,0.0,3,None,True
13012,Emerging Engagement,ENGAGED,United Kingdom,11,2957.83,9,268.8936,634.53,304.92,1.081,3.0,95,POSITIVE_MOMENTUM,False
13013,High-Value Stable,ENGAGED,United Kingdom,29,11097.43,1,382.67,1124.85,1313.8,-0.1438,-0.2,289,None,False
13014,High-Value Stable,ENGAGED,United Kingdom,11,5381.08,10,489.1891,1443.8,694.45,1.0791,1.5,140,POSITIVE_MOMENTUM,False
13015,High-Value Stable,ENGAGED,United Kingdom,11,6579.78,53,598.1618,1576.6,0.0,1.0,1.0,260,POSITIVE_MOMENTUM,False
13016,Low-Activity / Long-Recency,SOFTENING,United Kingdom,3,789.89,73,263.2967,364.64,425.25,-0.1425,1.0,39,None,False
13017,Unsegmented (Insufficient History),EMERGING,United Kingdom,1,204.0,7,204.0,204.0,0.0,1.0,1.0,1,EMERGING_BROADENING,True
13018,High-Value Stable,ENGAGED,United Kingdom,35,9763.16,16,278.9474,2201.99,1401.75,0.5709,0.4286,401,POSITIVE_MOMENTUM,False
13019,Low-Activity / Long-Recency,DORMANT,United Kingdom,6,1229.95,379,204.9917,0.0,0.0,0.0,0.0,46,None,False
13020,Low-Activity / Long-Recency,DORMANT,United Kingdom,2,618.96,562,309.48,0.0,0.0,0.0,0.0,38,None,False
13021,Emerging Engagement,ENGAGED,United Kingdom,17,4887.24,4,287.4847,1463.91,387.47,2.7781,4.0,166,POSITIVE_MOMENTUM,False
13022,Unsegmented (Insufficient History),DORMANT,Belgium,1,65.3,429,65.3,0.0,0.0,0.0,0.0,5,None,True
13023,Low-Activity / Long-Recency,ENGAGED,United Kingdom,3,1449.03,64,483.01,353.5,336.4,0.0508,0.0,69,None,False
13024,Low-Activity / Long-Recency,DORMANT,United Kingdom,2,555.87,470,277.935,0.0,0.0,0.0,0.0,26,None,False
13025,Unsegmented (Insufficient History),DORMANT,United Kingdom,1,323.39,731,323.39,0.0,0.0,0.0,0.0,13,None,True
13026,Emerging Engagement,ENGAGED,United Kingdom,9,1733.08,1,192.5644,371.16,360.48,0.0296,1.0,52,HIGH_FREQUENCY_LOW_VALUE,False
13027,High-Value Stable,DORMANT,United Kingdom,19,17239.2,113,907.3263,0.0,3072.0,-1.0,-1.0,7,HIGH_VALUE_SOFTENING,False
13028,Unsegmented (Insufficient History),EMERGING,United Kingdom,2,661.32,22,330.66,661.32,0.0,1.0,1.0,40,EMERGING_BROADENING,True
13029,Low-Activity / Long-Recency,ENGAGED,United Kingdom,5,1927.3,30,385.46,474.3,390.7,0.214,0.0,13,None,False
13030,Emerging Engagement,ENGAGED,United Kingdom,2,752.44,11,376.22,350.08,0.0,1.0,1.0,76,POSITIVE_MOMENTUM,False
13031,Low-Activity / Long-Recency,DORMANT,United Kingdom,5,3292.84,407,658.568,0.0,0.0,0.0,0.0,275,HISTORICAL_VALUE_DORMANT,False
13032,High-Value Stable,ENGAGED,United Kingdom,9,2815.96,52,312.8844,1010.18,0.0,1.0,1.0,147,POSITIVE_MOMENTUM,False
13033,Low-Activity / Long-Recency,DORMANT,United Kingdom,2,220.55,357,110.275,0.0,0.0,0.0,0.0,12,None,False
13034,Emerging Engagement,ENGAGED,United Kingdom,3,756.82,54,252.2733,476.91,0.0,1.0,1.0,42,POSITIVE_MOMENTUM,False
13035,Emerging Engagement,SOFTENING,United Kingdom,3,1364.2,73,454.7333,588.88,0.0,1.0,1.0,27,POSITIVE_MOMENTUM,False
13036,Unsegmented (Insufficient History),DORMANT,United Kingdom,1,307.1,684,307.1,0.0,0.0,0.0,0.0,6,None,True
13037,High-Value Stable,DORMANT,United Kingdom,12,3914.95,138,326.2458,0.0,303.75,-1.0,-1.0,181,HIGH_VALUE_SOFTENING,False
13038,Emerging Engagement,SOFTENING,United Kingdom,3,908.46,80,302.82,316.7,0.0,1.0,1.0,24,POSITIVE_MOMENTUM,False
13039,Low-Activity / Long-Recency,DORMANT,United Kingdom,4,1010.73,584,252.6825,0.0,0.0,0.0,0.0,37,None,False
13040,Unsegmented (Insufficient History),EMERGING,United Kingdom,2,676.99,8,338.495,676.99,0.0,1.0,1.0,38,EMERGING_BROADENING,True
13041,Low-Activity / Long-Recency,DORMANT,United Kingdom,4,799.13,450,199.7825,0.0,0.0,0.0,0.0,23,None,False
13042,Low-Activity / Long-Recency,DORMANT,United Kingdom,3,1488.59,598,496.1967,0.0,0.0,0.0,0.0,164,None,False
13043,Unsegmented (Insufficient History),DORMANT,United Kingdom,1,516.42,273,516.42,0.0,0.0,0.0,0.0,13,None,True
13044,High-Value Stable,DORMANT,United Kingdom,11,4848.05,291,440.7318,0.0,0.0,0.0,0.0,356,HISTORICAL_VALUE_DORMANT,False
13045,Low-Activity / Long-Recency,SOFTENING,United Kingdom,3,808.92,99,269.64,0.0,305.28,-1.0,-1.0,41,None,False
13046,Emerging Engagement,ENGAGED,United Kingdom,3,949.25,30,316.4167,431.59,0.0,1.0,1.0,50,POSITIVE_MOMENTUM,False
13047,High-Value Stable,ENGAGED,United Kingdom,24,8428.53,31,351.1888,555.53,1010.33,-0.4501,0.0,190,HIGH_VALUE_SOFTENING,False
13048,High-Value Stable,ENGAGED,United Kingdom,9,4049.13,14,449.9033,460.86,435.13,0.0591,0.0,125,None,False
13049,Emerging Engagement,ENGAGED,United Kingdom,4,1408.24,64,352.06,502.9,0.0,1.0,1.0,19,POSITIVE_MOMENTUM,False
13050,High-Value Stable,ENGAGED,United Kingdom,35,11986.52,14,342.472,1327.12,1050.61,0.2632,0.3333,513,POSITIVE_MOMENTUM,False
13051,Low-Activity / Long-Recency,DORMANT,United Kingdom,2,155.8,578,77.9,0.0,0.0,0.0,0.0,4,None,False
13052,High-Value Stable,DORMANT,United Kingdom,7,3119.33,212,445.6186,0.0,0.0,0.0,0.0,161,HISTORICAL_VALUE_DORMANT,False
13053,Unsegmented (Insufficient History),DORMANT,United Kingdom,1,127.65,621,127.65,0.0,0.0,0.0,0.0,17,None,True
13055,Emerging Engagement,SOFTENING,United Kingdom,4,2321.11,78,580.2775,869.55,0.0,1.0,1.0,145,POSITIVE_MOMENTUM,False
13056,Unsegmented (Insufficient History),DORMANT,United Kingdom,1,209.48,551,209.48,0.0,0.0,0.0,0.0,18,None,True
13057,Low-Activity / Long-Recency,DORMANT,United Kingdom,3,709.59,530,236.53,0.0,0.0,0.0,0.0,34,None,False
13058,Emerging Engagement,ENGAGED,United Kingdom,3,271.4,24,90.4667,223.85,47.55,3.7077,1.0,5,POSITIVE_MOMENTUM,False
13059,High-Value Stable,DORMANT,United Kingdom,10,2291.77,249,229.177,0.0,0.0,0.0,0.0,155,HIGH_FREQUENCY_LOW_VALUE,False
13060,Unsegmented (Insufficient History),DORMANT,United Kingdom,1,307.53,253,307.53,0.0,0.0,0.0,0.0,15,None,True
13061,Unsegmented (Insufficient History),SOFTENING,United Kingdom,1,248.61,72,248.61,248.61,0.0,1.0,1.0,10,POSITIVE_MOMENTUM,True
13062,Unsegmented (Insufficient History),DORMANT,United Kingdom,1,346.98,191,346.98,0.0,0.0,0.0,0.0,11,None,True
13063,Unsegmented (Insufficient History),DORMANT,United Kingdom,1,188.4,480,188.4,0.0,0.0,0.0,0.0,12,None,True
13064,Emerging Engagement,SOFTENING,United Kingdom,6,1666.84,12,277.8067,446.34,455.95,-0.0211,1.0,58,None,False
13065,Low-Activity / Long-Recency,DORMANT,United Kingdom,5,1055.05,373,211.01,0.0,0.0,0.0,0.0,49,None,False
13066,Unsegmented (Insufficient History),EMERGING,United Kingdom,2,470.8,24,235.4,470.8,0.0,1.0,1.0,48,EMERGING_BROADENING,True
13067,Emerging Engagement,SOFTENING,United Kingdom,3,508.51,82,169.5033,115.46,0.0,1.0,1.0,24,POSITIVE_MOMENTUM,False
13068,Emerging Engagement,ENGAGED,United Kingdom,2,344.0,10,172.0,179.0,0.0,1.0,1.0,1,POSITIVE_MOMENTUM,False
13069,High-Value Stable,ENGAGED,United Kingdom,38,9284.45,0,244.3276,561.42,964.77,-0.4181,0.0,573,HIGH_VALUE_SOFTENING,False
13070,Low-Activity / Long-Recency,DORMANT,United Kingdom,4,751.7,192,187.925,0.0,0.0,0.0,0.0,12,None,False
13071,Unsegmented (Insufficient History),DORMANT,United Kingdom,1,129.22,612,129.22,0.0,0.0,0.0,0.0,12,None,True
13072,Unsegmented (Insufficient History),DORMANT,United Kingdom,1,177.15,266,177.15,0.0,0.0,0.0,0.0,7,None,True
13073,Low-Activity / Long-Recency,DORMANT,United Kingdom,2,418.08,411,209.04,0.0,0.0,0.0,0.0,25,None,False
13074,Low-Activity / Long-Recency,DORMANT,United Kingdom,4,1378.74,511,344.685,0.0,0.0,0.0,0.0,26,None,False
13075,Unsegmented (Insufficient History),DORMANT,United Kingdom,1,919.61,129,919.61,0.0,919.61,-1.0,-1.0,22,None,True
13076,Unsegmented (Insufficient History),DORMANT,United Kingdom,1,135.4,457,135.4,0.0,0.0,0.0,0.0,9,None,True
13077,High-Value Stable,REACTIVATED,United Kingdom,11,2740.65,1,249.15,151.83,0.0,1.0,1.0,208,POSITIVE_MOMENTUM,False
13078,High-Value Stable,ENGAGED,United Kingdom,57,29018.06,3,509.0888,5710.79,2147.75,1.659,1.75,153,POSITIVE_MOMENTUM,False
13079,Emerging Engagement,SOFTENING,United Kingdom,6,419.18,4,69.8633,160.6,59.5,1.6992,0.5,11,POSITIVE_MOMENTUM,False
13080,Low-Activity / Long-Recency,DORMANT,United Kingdom,4,280.73,179,70.1825,0.0,58.08,-1.0,-1.0,17,None,False
13081,High-Value Stable,ENGAGED,United Kingdom,28,56838.37,11,2029.9418,9467.26,4406.61,1.1484,2.0,738,POSITIVE_MOMENTUM,False
13082,High-Value Stable,DORMANT,United Kingdom,21,7335.75,126,349.3214,0.0,1653.45,-1.0,-1.0,99,HIGH_VALUE_SOFTENING,False
13083,Emerging Engagement,ENGAGED,United Kingdom,3,395.43,4,131.81,303.75,0.0,1.0,1.0,19,POSITIVE_MOMENTUM,False
13084,Unsegmented (Insufficient History),DORMANT,United Kingdom,1,122.4,491,122.4,0.0,0.0,0.0,0.0,2,None,True
13085,Low-Activity / Long-Recency,DORMANT,United Kingdom,8,2433.28,157,304.16,0.0,137.98,-1.0,-1.0,50,None,False
13086,Unsegmented (Insufficient History),DORMANT,United Kingdom,1,439.33,382,439.33,0.0,0.0,0.0,0.0,47,None,True
13087,Unsegmented (Insufficient History),DORMANT,United Kingdom,1,313.64,726,313.64,0.0,0.0,0.0,0.0,15,None,True
13088,Unsegmented (Insufficient History),DORMANT,United Kingdom,1,236.11,417,236.11,0.0,0.0,0.0,0.0,19,None,True
13089,High-Value Stable,ENGAGED,United Kingdom,203,113416.91,2,558.704,15501.34,13793.57,0.1238,0.5294,857,None,False
13090,High-Value Stable,ENGAGED,United Kingdom,24,13091.74,8,545.4892,3998.8,1800.42,1.221,1.5,163,POSITIVE_MOMENTUM,False
13091,Emerging Engagement,ENGAGED,United Kingdom,3,2321.82,28,773.94,345.82,0.0,1.0,1.0,41,POSITIVE_MOMENTUM,False
13092,High-Value Stable,SOFTENING,United Kingdom,12,2140.28,70,178.3567,38.08,0.0,1.0,1.0,52,POSITIVE_MOMENTUM,False
13093,High-Value Stable,DORMANT,United Kingdom,55,54144.25,275,984.4409,0.0,0.0,0.0,0.0,199,HISTORICAL_VALUE_DORMANT,False
13094,Low-Activity / Long-Recency,SOFTENING,United Kingdom,13,2209.44,21,169.9569,381.6,452.64,-0.1569,0.0,5,HIGH_FREQUENCY_LOW_VALUE,False
13095,Unsegmented (Insufficient History),SOFTENING,United Kingdom,1,74.4,70,74.4,74.4,0.0,1.0,1.0,6,POSITIVE_MOMENTUM,True
13096,Unsegmented (Insufficient History),DORMANT,United Kingdom,1,419.7,394,419.7,0.0,0.0,0.0,0.0,1,None,True
13097,High-Value Stable,SOFTENING,United Kingdom,28,13324.1,32,475.8607,1366.71,1634.35,-0.1638,-0.3333,390,BROAD_ENGAGEMENT_SOFTENING,False
13098,High-Value Stable,ENGAGED,United Kingdom,28,28882.44,1,1031.5157,13712.98,7434.49,0.8445,0.1111,156,None,False
13099,Unsegmented (Insufficient History),SOFTENING,United Kingdom,1,207.36,99,207.36,0.0,207.36,-1.0,-1.0,1,None,True
13101,Low-Activity / Long-Recency,DORMANT,United Kingdom,4,695.4,234,173.85,0.0,0.0,0.0,0.0,48,None,False
13102,High-Value Stable,ENGAGED,United Kingdom,37,11380.1,1,307.5703,1462.39,1192.54,0.2263,0.25,212,None,False
13103,Emerging Engagement,ENGAGED,United Kingdom,3,709.64,39,236.5467,243.94,0.0,1.0,1.0,27,POSITIVE_MOMENTUM,False
13104,Emerging Engagement,ENGAGED,United Kingdom,9,1709.1,3,189.9,722.04,162.72,3.4373,2.0,15,POSITIVE_MOMENTUM,False
13105,Unsegmented (Insufficient History),DORMANT,United Kingdom,1,72.0,436,72.0,0.0,0.0,0.0,0.0,1,None,True
13106,Low-Activity / Long-Recency,DORMANT,United Kingdom,2,603.46,133,301.73,0.0,76.5,-1.0,-1.0,15,None,False
13107,High-Value Stable,ENGAGED,United Kingdom,9,5253.07,44,583.6744,596.4,368.38,0.619,1.0,142,POSITIVE_MOMENTUM,False
13108,Low-Activity / Long-Recency,DORMANT,United Kingdom,2,748.46,372,374.23,0.0,0.0,0.0,0.0,27,None,False
13109,Low-Activity / Long-Recency,ENGAGED,United Kingdom,3,1134.03,59,378.01,416.69,369.85,0.1266,0.0,57,None,False
13110,High-Value Stable,ENGAGED,United Kingdom,12,2957.47,31,246.4558,446.43,309.75,0.4413,0.0,167,None,False
13111,Unsegmented (Insufficient History),DORMANT,United Kingdom,1,321.88,718,321.88,0.0,0.0,0.0,0.0,12,None,True
13112,Unsegmented (Insufficient History),DORMANT,United Kingdom,1,20.6,541,20.6,0.0,0.0,0.0,0.0,2,None,True
13113,High-Value Stable,ENGAGED,United Kingdom,37,18230.07,0,492.7046,1458.9,1930.9,-0.2444,0.0,166,None,False
13114,Unsegmented (Insufficient History),DORMANT,United Kingdom,1,234.38,730,234.38,0.0,0.0,0.0,0.0,16,None,True
13115,High-Value Stable,ENGAGED,United Kingdom,10,5494.7,11,549.47,1416.23,0.0,1.0,1.0,178,POSITIVE_MOMENTUM,False
13116,Unsegmented (Insufficient History),DORMANT,United Kingdom,1,501.14,138,501.14,0.0,501.14,-1.0,-1.0,30,None,True
13117,High-Value Stable,ENGAGED,United Kingdom,18,2255.66,21,125.3144,143.14,90.4,0.5834,0.0,122,HIGH_FREQUENCY_LOW_VALUE,False
13118,High-Value Stable,ENGAGED,United Kingdom,9,2415.41,19,268.3789,398.11,0.0,1.0,1.0,111,POSITIVE_MOMENTUM,False
13119,Unsegmented (Insufficient History),DORMANT,United Kingdom,1,134.9,668,134.9,0.0,0.0,0.0,0.0,11,None,True
13120,Unsegmented (Insufficient History),DORMANT,United Kingdom,1,30.6,238,30.6,0.0,0.0,0.0,0.0,1,None,True
13121,Unsegmented (Insufficient History),DORMANT,United Kingdom,1,283.73,269,283.73,0.0,0.0,0.0,0.0,50,None,True
13122,Low-Activity / Long-Recency,SOFTENING,United Kingdom,2,922.39,94,461.195,0.0,18.72,-1.0,-1.0,54,None,False
13123,Low-Activity / Long-Recency,DORMANT,United Kingdom,2,506.75,472,253.375,0.0,0.0,0.0,0.0,36,None,False
13124,Emerging Engagement,SOFTENING,United Kingdom,4,4641.66,89,1160.415,1239.86,0.0,1.0,1.0,216,POSITIVE_MOMENTUM,False
13125,Unsegmented (Insufficient History),DORMANT,United Kingdom,1,148.62,523,148.62,0.0,0.0,0.0,0.0,20,None,True
13126,High-Value Stable,ENGAGED,United Kingdom,13,3774.81,4,290.37,1022.22,0.0,1.0,1.0,183,POSITIVE_MOMENTUM,False
13127,Unsegmented (Insufficient History),SOFTENING,United Kingdom,1,259.17,77,259.17,259.17,0.0,1.0,1.0,15,POSITIVE_MOMENTUM,True
13128,Unsegmented (Insufficient History),DORMANT,United Kingdom,1,263.5,631,263.5,0.0,0.0,0.0,0.0,1,None,True
13129,Low-Activity / Long-Recency,DORMANT,United Kingdom,2,233.25,452,116.625,0.0,0.0,0.0,0.0,10,None,False
13130,Unsegmented (Insufficient History),SOFTENING,United Kingdom,1,64.0,94,64.0,0.0,64.0,-1.0,-1.0,2,None,True
13131,Emerging Engagement,ENGAGED,United Kingdom,7,3313.77,23,473.3957,748.4,0.0,1.0,1.0,107,POSITIVE_MOMENTUM,False
13132,Unsegmented (Insufficient History),DORMANT,United Kingdom,1,77.3,261,77.3,0.0,0.0,0.0,0.0,3,None,True
13133,Low-Activity / Long-Recency,DORMANT,United Kingdom,3,200.45,273,66.8167,0.0,0.0,0.0,0.0,12,None,False
13134,Emerging Engagement,SOFTENING,United Kingdom,6,2475.23,85,412.5383,907.84,0.0,1.0,1.0,110,POSITIVE_MOMENTUM,False
13135,Low-Activity / Long-Recency,DORMANT,United Kingdom,2,3371.45,196,1685.725,0.0,0.0,0.0,0.0,18,HISTORICAL_VALUE_DORMANT,False
13136,High-Value Stable,SOFTENING,United Kingdom,13,6274.56,56,482.6585,1380.93,652.22,1.1173,0.0,204,None,False
13137,High-Value Stable,ENGAGED,United Kingdom,16,7586.94,10,474.1837,1714.97,1040.88,0.6476,0.0,628,None,False
13138,Emerging Engagement,ENGAGED,United Kingdom,7,1274.01,22,182.0014,472.94,102.6,3.6096,2.0,41,POSITIVE_MOMENTUM,False
13139,Emerging Engagement,ENGAGED,United Kingdom,8,8202.98,16,1025.3725,3354.0,540.92,5.2005,3.0,214,POSITIVE_MOMENTUM,False
13140,Low-Activity / Long-Recency,DORMANT,United Kingdom,5,1054.92,108,210.984,0.0,264.21,-1.0,-1.0,89,BROAD_ENGAGEMENT_SOFTENING,False
13141,High-Value Stable,SOFTENING,United Kingdom,17,7656.08,84,450.3576,987.72,0.0,1.0,1.0,285,POSITIVE_MOMENTUM,False
13142,Unsegmented (Insufficient History),EMERGING,United Kingdom,1,307.09,19,307.09,307.09,0.0,1.0,1.0,23,EMERGING_BROADENING,True
13143,Unsegmented (Insufficient History),DORMANT,United Kingdom,1,405.1,584,405.1,0.0,0.0,0.0,0.0,23,None,True
13144,Low-Activity / Long-Recency,DORMANT,United Kingdom,2,135.35,332,67.675,0.0,0.0,0.0,0.0,6,None,False
13145,Low-Activity / Long-Recency,SOFTENING,United Kingdom,7,1128.52,39,161.2171,118.8,204.72,-0.4197,-0.5,5,None,False
13146,Unsegmented (Insufficient History),EMERGING,United Kingdom,1,228.91,26,228.91,228.91,0.0,1.0,1.0,16,EMERGING_BROADENING,True
13147,Emerging Engagement,ENGAGED,United Kingdom,4,712.8,10,178.2,594.0,118.8,4.0,2.0,1,POSITIVE_MOMENTUM,False
13148,High-Value Stable,SOFTENING,United Kingdom,26,8497.82,29,326.8392,917.25,986.63,-0.0703,-0.5,451,BROAD_ENGAGEMENT_SOFTENING,False
13149,Low-Activity / Long-Recency,SOFTENING,United Kingdom,4,1676.06,14,419.015,543.44,755.88,-0.281,-0.5,76,None,False
13150,Low-Activity / Long-Recency,DORMANT,United Kingdom,3,449.97,484,149.99,0.0,0.0,0.0,0.0,7,None,False
13151,Low-Activity / Long-Recency,DORMANT,United Kingdom,3,2465.21,295,821.7367,0.0,0.0,0.0,0.0,131,None,False
13152,Low-Activity / Long-Recency,DORMANT,United Kingdom,7,2146.38,417,306.6257,0.0,0.0,0.0,0.0,114,None,False
13153,Unsegmented (Insufficient History),EMERGING,United Kingdom,1,486.22,5,486.22,486.22,0.0,1.0,1.0,15,EMERGING_BROADENING,True
13154,Low-Activity / Long-Recency,DORMANT,United Kingdom,3,1624.84,399,541.6133,0.0,0.0,0.0,0.0,78,None,False
13155,Emerging Engagement,ENGAGED,United Kingdom,6,1370.48,33,228.4133,402.56,0.0,1.0,1.0,79,POSITIVE_MOMENTUM,False
13156,Low-Activity / Long-Recency,DORMANT,United Kingdom,3,1586.54,385,528.8467,0.0,0.0,0.0,0.0,94,None,False
13157,High-Value Stable,ENGAGED,United Kingdom,9,5687.36,49,631.9289,868.02,375.26,1.3131,0.0,173,None,False
13158,Low-Activity / Long-Recency,SOFTENING,United Kingdom,5,1508.18,94,301.636,0.0,944.65,-1.0,-1.0,70,None,False
13159,High-Value Stable,ENGAGED,United Kingdom,4,1429.35,8,357.3375,586.26,843.09,-0.3046,0.0,114,None,False
13160,Unsegmented (Insufficient History),EMERGING,United Kingdom,1,91.8,22,91.8,91.8,0.0,1.0,1.0,4,EMERGING_BROADENING,True
13161,Low-Activity / Long-Recency,DORMANT,United Kingdom,2,472.13,313,236.065,0.0,0.0,0.0,0.0,30,None,False
13162,High-Value Stable,DORMANT,United Kingdom,16,9275.49,122,579.7181,0.0,382.85,-1.0,-1.0,186,HIGH_VALUE_SOFTENING,False
13163,Unsegmented (Insufficient History),DORMANT,United Kingdom,1,17.65,610,17.65,0.0,0.0,0.0,0.0,2,None,True
13164,Low-Activity / Long-Recency,DORMANT,United Kingdom,2,372.2,569,186.1,0.0,0.0,0.0,0.0,7,None,False
13165,Emerging Engagement,ENGAGED,United Kingdom,3,1451.16,46,483.72,666.84,0.0,1.0,1.0,47,POSITIVE_MOMENTUM,False
13166,Low-Activity / Long-Recency,DORMANT,United Kingdom,2,875.93,283,437.965,0.0,0.0,0.0,0.0,55,None,False
13167,Low-Activity / Long-Recency,ENGAGED,United Kingdom,5,1125.15,18,225.03,373.78,417.55,-0.1048,0.0,64,None,False
13168,Emerging Engagement,ENGAGED,United Kingdom,5,1840.73,36,368.146,346.53,0.0,1.0,1.0,127,POSITIVE_MOMENTUM,False
13169,Emerging Engagement,ENGAGED,United Kingdom,3,840.08,63,280.0267,207.68,0.0,1.0,1.0,16,POSITIVE_MOMENTUM,False
13170,Unsegmented (Insufficient History),EMERGING,United Kingdom,1,108.81,26,108.81,108.81,0.0,1.0,1.0,29,EMERGING_BROADENING,True
13171,Emerging Engagement,ENGAGED,United Kingdom,3,468.41,21,156.1367,328.06,0.0,1.0,1.0,37,POSITIVE_MOMENTUM,False
13172,Unsegmented (Insufficient History),DORMANT,United Kingdom,1,69.6,400,69.6,0.0,0.0,0.0,0.0,1,None,True
13173,High-Value Stable,REACTIVATED,United Kingdom,11,2399.82,4,218.1655,187.71,0.0,1.0,1.0,160,POSITIVE_MOMENTUM,False
13174,High-Value Stable,ENGAGED,United Kingdom,12,7995.36,16,666.28,708.76,0.0,1.0,1.0,602,POSITIVE_MOMENTUM,False
13175,Low-Activity / Long-Recency,DORMANT,United Kingdom,2,831.45,582,415.725,0.0,0.0,0.0,0.0,40,None,False
13176,Unsegmented (Insufficient History),EMERGING,United Kingdom,1,481.49,46,481.49,481.49,0.0,1.0,1.0,66,EMERGING_BROADENING,True
13177,Emerging Engagement,ENGAGED,United Kingdom,2,512.2,64,256.1,282.45,0.0,1.0,1.0,23,POSITIVE_MOMENTUM,False
13178,High-Value Stable,SOFTENING,United Kingdom,21,14059.19,26,669.4852,1333.74,1672.53,-0.2026,0.0,194,None,False
13179,Unsegmented (Insufficient History),DORMANT,United Kingdom,1,572.31,618,572.31,0.0,0.0,0.0,0.0,34,None,True
13180,Unsegmented (Insufficient History),DORMANT,United Kingdom,1,86.1,607,86.1,0.0,0.0,0.0,0.0,4,None,True
13181,Unsegmented (Insufficient History),DORMANT,United Kingdom,1,359.69,381,359.69,0.0,0.0,0.0,0.0,19,None,True
13182,Unsegmented (Insufficient History),EMERGING,United Kingdom,1,121.18,45,121.18,121.18,0.0,1.0,1.0,11,EMERGING_BROADENING,True
13183,High-Value Stable,SOFTENING,United Kingdom,15,7036.18,7,469.0787,1562.8,867.9,0.8007,0.0,64,None,False
13184,High-Value Stable,SOFTENING,United Kingdom,10,1668.95,14,166.895,196.85,552.13,-0.6435,-0.75,138,BROAD_ENGAGEMENT_SOFTENING,False
13185,Unsegmented (Insufficient History),DORMANT,United Kingdom,1,71.4,267,71.4,0.0,0.0,0.0,0.0,1,None,True
13186,Low-Activity / Long-Recency,SOFTENING,United Kingdom,3,1575.89,39,525.2967,273.95,1301.94,-0.7896,-0.5,69,None,False
13187,Low-Activity / Long-Recency,DORMANT,United Kingdom,4,341.36,337,85.34,0.0,0.0,0.0,0.0,51,None,False
13188,Unsegmented (Insufficient History),EMERGING,United Kingdom,1,114.6,11,114.6,114.6,0.0,1.0,1.0,2,EMERGING_BROADENING,True
13189,Low-Activity / Long-Recency,ENGAGED,United Kingdom,2,260.68,18,130.34,133.68,127.0,0.0526,0.0,29,None,False
13190,Low-Activity / Long-Recency,DORMANT,United Kingdom,3,570.66,544,190.22,0.0,0.0,0.0,0.0,16,None,False
13191,Unsegmented (Insufficient History),DORMANT,United Kingdom,1,164.69,658,164.69,0.0,0.0,0.0,0.0,58,None,True
13192,Low-Activity / Long-Recency,SOFTENING,United Kingdom,6,2558.58,95,426.43,0.0,447.62,-1.0,-1.0,135,BROAD_ENGAGEMENT_SOFTENING,False
13193,Unsegmented (Insufficient History),EMERGING,United Kingdom,1,112.08,61,112.08,112.08,0.0,1.0,1.0,22,EMERGING_BROADENING,True
13194,Low-Activity / Long-Recency,DORMANT,United Kingdom,2,472.78,135,236.39,0.0,60.7,-1.0,-1.0,10,None,False
13195,Unsegmented (Insufficient History),DORMANT,United Kingdom,1,136.73,414,136.73,0.0,0.0,0.0,0.0,43,None,True
13196,Emerging Engagement,ENGAGED,United Kingdom,7,3068.84,11,438.4057,1285.65,0.0,1.0,1.0,141,POSITIVE_MOMENTUM,False
13197,Unsegmented (Insufficient History),DORMANT,United Kingdom,1,373.01,609,373.01,0.0,0.0,0.0,0.0,19,None,True
13198,High-Value Stable,SOFTENING,United Kingdom,8,4974.23,10,621.7787,392.06,921.43,-0.5745,-0.5,265,HIGH_VALUE_SOFTENING,False
13199,High-Value Stable,ENGAGED,United Kingdom,67,15964.21,3,238.2718,5076.96,1000.0,4.077,1.6667,61,POSITIVE_MOMENTUM,False
13200,Emerging Engagement,ENGAGED,United Kingdom,4,870.09,19,217.5225,550.77,319.32,0.7248,2.0,42,POSITIVE_MOMENTUM,False
13201,Low-Activity / Long-Recency,DORMANT,United Kingdom,4,1233.06,502,308.265,0.0,0.0,0.0,0.0,65,None,False
13202,Low-Activity / Long-Recency,DORMANT,United Kingdom,7,1580.3,394,225.7571,0.0,0.0,0.0,0.0,55,None,False
13203,Emerging Engagement,ENGAGED,United Kingdom,10,2648.25,9,264.825,559.6,144.15,2.8821,1.0,158,POSITIVE_MOMENTUM,False
13204,Unsegmented (Insufficient History),DORMANT,United Kingdom,1,966.66,731,966.66,0.0,0.0,0.0,0.0,57,None,True
13205,Unsegmented (Insufficient History),DORMANT,United Kingdom,1,2803.2,443,2803.2,0.0,0.0,0.0,0.0,1,None,True
13206,High-Value Stable,DORMANT,United Kingdom,13,8308.19,400,639.0915,0.0,0.0,0.0,0.0,393,HISTORICAL_VALUE_DORMANT,False
13207,Low-Activity / Long-Recency,ENGAGED,United Kingdom,4,535.86,15,133.965,52.74,197.52,-0.733,0.0,10,None,False
13208,Emerging Engagement,ENGAGED,United Kingdom,9,1976.3,58,219.5889,388.83,134.86,1.8832,1.0,198,POSITIVE_MOMENTUM,False
13209,High-Value Stable,ENGAGED,United Kingdom,13,8509.51,30,654.5777,1735.53,1793.64,-0.0324,0.5,284,None,False
13210,Unsegmented (Insufficient History),SOFTENING,United Kingdom,1,353.48,93,353.48,0.0,353.48,-1.0,-1.0,22,None,True
13211,High-Value Stable,ENGAGED,United Kingdom,10,2618.77,10,261.877,310.78,673.94,-0.5389,0.0,98,None,False
13212,Unsegmented (Insufficient History),EMERGING,United Kingdom,3,786.83,19,262.2767,786.83,0.0,1.0,1.0,128,EMERGING_BROADENING,True
13213,High-Value Stable,ENGAGED,United Kingdom,11,3851.52,56,350.1382,556.7,412.35,0.3501,0.0,181,None,False
13214,High-Value Stable,DORMANT,United Kingdom,7,3264.23,417,466.3186,0.0,0.0,0.0,0.0,207,HISTORICAL_VALUE_DORMANT,False
13215,Unsegmented (Insufficient History),DORMANT,United Kingdom,1,81.6,402,81.6,0.0,0.0,0.0,0.0,1,None,True
13216,Unsegmented (Insufficient History),DORMANT,United Kingdom,1,333.74,267,333.74,0.0,0.0,0.0,0.0,5,None,True
13217,Low-Activity / Long-Recency,DORMANT,United Kingdom,4,666.48,122,166.62,0.0,533.98,-1.0,-1.0,3,None,False
13218,Unsegmented (Insufficient History),DORMANT,United Kingdom,1,62.64,127,62.64,0.0,62.64,-1.0,-1.0,5,None,True
13219,Unsegmented (Insufficient History),DORMANT,United Kingdom,1,76.23,618,76.23,0.0,0.0,0.0,0.0,11,None,True
13220,Emerging Engagement,SOFTENING,United Kingdom,5,1336.09,78,267.218,92.8,0.0,1.0,1.0,46,POSITIVE_MOMENTUM,False
13221,Low-Activity / Long-Recency,DORMANT,United Kingdom,2,847.41,240,423.705,0.0,0.0,0.0,0.0,62,None,False
13222,Unsegmented (Insufficient History),DORMANT,United Kingdom,1,88.5,577,88.5,0.0,0.0,0.0,0.0,1,None,True
13223,Low-Activity / Long-Recency,DORMANT,United Kingdom,6,969.12,200,161.52,0.0,0.0,0.0,0.0,8,None,False
13224,Low-Activity / Long-Recency,ENGAGED,United Kingdom,2,2155.95,60,1077.975,943.69,1212.26,-0.2215,0.0,101,None,False
13225,High-Value Stable,ENGAGED,United Kingdom,16,16260.07,3,1016.2544,2164.28,557.68,2.8809,1.0,60,POSITIVE_MOMENTUM,False
13226,Low-Activity / Long-Recency,DORMANT,United Kingdom,2,312.46,273,156.23,0.0,0.0,0.0,0.0,28,None,False
13227,Unsegmented (Insufficient History),DORMANT,United Kingdom,1,257.7,201,257.7,0.0,0.0,0.0,0.0,9,None,True
13228,Unsegmented (Insufficient History),SOFTENING,United Kingdom,1,358.0,81,358.0,358.0,0.0,1.0,1.0,2,POSITIVE_MOMENTUM,True
13229,Unsegmented (Insufficient History),DORMANT,United Kingdom,1,160.95,225,160.95,0.0,0.0,0.0,0.0,10,None,True
13230,High-Value Stable,SOFTENING,United Kingdom,30,6120.01,4,204.0003,560.4,431.6,0.2984,-0.3333,653,HIGH_FREQUENCY_LOW_VALUE,False
13232,Emerging Engagement,ENGAGED,United Kingdom,7,1328.35,12,189.7643,309.3,157.6,0.9626,1.0,147,POSITIVE_MOMENTUM,False
13233,Emerging Engagement,SOFTENING,United Kingdom,4,1176.46,74,294.115,300.88,0.0,1.0,1.0,74,POSITIVE_MOMENTUM,False
13234,Low-Activity / Long-Recency,DORMANT,United Kingdom,2,346.5,672,173.25,0.0,0.0,0.0,0.0,56,None,False
13235,Unsegmented (Insufficient History),DORMANT,United Kingdom,1,1031.07,212,1031.07,0.0,0.0,0.0,0.0,53,None,True
13236,Low-Activity / Long-Recency,ENGAGED,United Kingdom,2,744.85,24,372.425,305.62,439.23,-0.3042,0.0,34,None,False
13237,Unsegmented (Insufficient History),DORMANT,United Kingdom,1,643.0,387,643.0,0.0,0.0,0.0,0.0,24,None,True
13238,Emerging Engagement,ENGAGED,United Kingdom,6,1006.63,17,167.7717,381.88,227.7,0.6771,1.0,24,POSITIVE_MOMENTUM,False
13239,Low-Activity / Long-Recency,DORMANT,United Kingdom,5,1594.69,261,318.938,0.0,0.0,0.0,0.0,86,None,False
13240,Low-Activity / Long-Recency,SOFTENING,United Kingdom,8,1475.79,96,184.4737,0.0,221.24,-1.0,-1.0,160,BROAD_ENGAGEMENT_SOFTENING,False
13241,Unsegmented (Insufficient History),DORMANT,United Kingdom,1,112.53,411,112.53,0.0,0.0,0.0,0.0,40,None,True
13242,Low-Activity / Long-Recency,DORMANT,United Kingdom,7,699.4,112,99.9143,0.0,166.4,-1.0,-1.0,19,None,False
13243,Low-Activity / Long-Recency,DORMANT,United Kingdom,5,1220.38,203,244.076,0.0,0.0,0.0,0.0,165,None,False
13244,Unsegmented (Insufficient History),SOFTENING,United Kingdom,1,121.74,92,121.74,0.0,121.74,-1.0,-1.0,27,None,True
13245,Emerging Engagement,ENGAGED,United Kingdom,2,989.22,50,494.61,430.5,0.0,1.0,1.0,43,POSITIVE_MOMENTUM,False
13246,High-Value Stable,ENGAGED,United Kingdom,11,3351.75,18,304.7045,123.01,212.47,-0.421,0.0,229,HIGH_VALUE_SOFTENING,False
13247,Unsegmented (Insufficient History),ENGAGED,United Kingdom,4,501.12,17,125.28,501.12,0.0,1.0,1.0,18,POSITIVE_MOMENTUM,True
13248,Low-Activity / Long-Recency,DORMANT,United Kingdom,2,465.68,124,232.84,0.0,78.21,-1.0,-1.0,25,None,False
13249,Low-Activity / Long-Recency,SOFTENING,United Kingdom,9,1608.93,92,178.77,0.0,419.57,-1.0,-1.0,21,HIGH_FREQUENCY_LOW_VALUE,False
13250,Low-Activity / Long-Recency,DORMANT,United Kingdom,2,253.09,460,126.545,0.0,0.0,0.0,0.0,17,None,False
13251,Unsegmented (Insufficient History),DORMANT,United Kingdom,1,252.68,402,252.68,0.0,0.0,0.0,0.0,25,None,True
13252,Low-Activity / Long-Recency,DORMANT,United Kingdom,2,399.3,394,199.65,0.0,0.0,0.0,0.0,19,None,False
13253,Low-Activity / Long-Recency,DORMANT,United Kingdom,4,2951.11,156,737.7775,0.0,553.92,-1.0,-1.0,73,HIGH_VALUE_SOFTENING,False
13254,Unsegmented (Insufficient History),DORMANT,United Kingdom,1,51.41,376,51.41,0.0,0.0,0.0,0.0,4,None,True
13255,Emerging Engagement,ENGAGED,United Kingdom,3,678.76,9,226.2533,173.81,0.0,1.0,1.0,26,POSITIVE_MOMENTUM,False
13257,Unsegmented (Insufficient History),DORMANT,United Kingdom,1,149.75,436,149.75,0.0,0.0,0.0,0.0,7,None,True
13258,Emerging Engagement,ENGAGED,United Kingdom,5,1009.43,11,201.886,473.96,0.0,1.0,1.0,29,POSITIVE_MOMENTUM,False
13259,Emerging Engagement,ENGAGED,United Kingdom,9,1402.54,61,155.8378,283.18,0.0,1.0,1.0,234,POSITIVE_MOMENTUM,False
13260,Unsegmented (Insufficient History),EMERGING,United Kingdom,1,557.62,61,557.62,557.62,0.0,1.0,1.0,8,EMERGING_BROADENING,True
13261,Low-Activity / Long-Recency,DORMANT,United Kingdom,2,944.1,268,472.05,0.0,0.0,0.0,0.0,8,None,False
13262,Low-Activity / Long-Recency,DORMANT,United Kingdom,3,573.45,263,191.15,0.0,0.0,0.0,0.0,48,None,False
13263,High-Value Stable,ENGAGED,United Kingdom,39,8676.2,1,222.4667,2582.14,1414.39,0.8256,0.5,507,POSITIVE_MOMENTUM,False
13264,Unsegmented (Insufficient History),DORMANT,United Kingdom,1,722.56,442,722.56,0.0,0.0,0.0,0.0,38,None,True
13265,Emerging Engagement,ENGAGED,United Kingdom,5,2092.66,53,418.532,642.0,0.0,1.0,1.0,66,POSITIVE_MOMENTUM,False
13266,High-Value Stable,ENGAGED,United Kingdom,19,6135.04,11,322.8968,1298.68,709.15,0.8313,1.0,154,POSITIVE_MOMENTUM,False
13267,High-Value Stable,ENGAGED,United Kingdom,36,9429.81,2,261.9392,1402.15,909.2,0.5422,0.0,152,None,False
13268,Emerging Engagement,ENGAGED,United Kingdom,11,3174.75,17,288.6136,1056.94,307.47,2.4375,4.0,257,POSITIVE_MOMENTUM,False
13269,High-Value Stable,ENGAGED,United Kingdom,28,8537.32,1,304.9043,2364.78,933.22,1.534,1.3333,238,POSITIVE_MOMENTUM,False
13270,Unsegmented (Insufficient History),DORMANT,United Kingdom,1,590.0,366,590.0,0.0,0.0,0.0,0.0,1,None,True
13271,Unsegmented (Insufficient History),EMERGING,United Kingdom,1,211.49,37,211.49,211.49,0.0,1.0,1.0,79,EMERGING_BROADENING,True
13272,Unsegmented (Insufficient History),ENGAGED,United Kingdom,2,276.56,31,138.28,276.56,0.0,1.0,1.0,15,POSITIVE_MOMENTUM,True
13273,Unsegmented (Insufficient History),DORMANT,United Kingdom,1,138.98,113,138.98,0.0,138.98,-1.0,-1.0,16,None,True
13274,Unsegmented (Insufficient History),DORMANT,United Kingdom,1,360.85,409,360.85,0.0,0.0,0.0,0.0,19,None,True
13275,Low-Activity / Long-Recency,DORMANT,United Kingdom,2,238.86,383,119.43,0.0,0.0,0.0,0.0,48,None,False
13276,Emerging Engagement,ENGAGED,United Kingdom,5,1891.91,63,378.382,453.55,137.38,2.3014,0.0,209,None,False
13277,Low-Activity / Long-Recency,ENGAGED,United Kingdom,7,523.3,15,74.7571,132.5,125.9,0.0524,0.0,10,None,False
13278,Emerging Engagement,ENGAGED,United Kingdom,4,1435.85,40,358.9625,542.73,0.0,1.0,1.0,80,POSITIVE_MOMENTUM,False
13279,Unsegmented (Insufficient History),SOFTENING,United Kingdom,1,137.75,78,137.75,137.75,0.0,1.0,1.0,9,POSITIVE_MOMENTUM,True
13280,Low-Activity / Long-Recency,DORMANT,United Kingdom,7,2293.33,122,327.6186,0.0,115.5,-1.0,-1.0,159,BROAD_ENGAGEMENT_SOFTENING,False
13281,Unsegmented (Insufficient History),DORMANT,United Kingdom,1,350.85,439,350.85,0.0,0.0,0.0,0.0,22,None,True
13282,Low-Activity / Long-Recency,ENGAGED,United Kingdom,4,1313.19,18,328.2975,359.04,428.4,-0.1619,0.0,42,None,False
13283,Emerging Engagement,ENGAGED,United Kingdom,4,373.36,59,93.34,68.16,0.0,1.0,1.0,19,POSITIVE_MOMENTUM,False
13284,Unsegmented (Insufficient History),DORMANT,United Kingdom,1,201.19,330,201.19,0.0,0.0,0.0,0.0,13,None,True
13285,High-Value Stable,ENGAGED,United Kingdom,6,3364.59,23,560.765,739.02,796.83,-0.0725,0.0,182,None,False
13286,Unsegmented (Insufficient History),DORMANT,United Kingdom,1,734.91,600,734.91,0.0,0.0,0.0,0.0,46,None,True
13287,Low-Activity / Long-Recency,DORMANT,United Kingdom,3,781.59,603,260.53,0.0,0.0,0.0,0.0,46,None,False
13288,Low-Activity / Long-Recency,DORMANT,United Kingdom,5,927.61,443,185.522,0.0,0.0,0.0,0.0,7,None,False
13289,Unsegmented (Insufficient History),DORMANT,United Kingdom,1,307.95,723,307.95,0.0,0.0,0.0,0.0,16,None,True
13290,Unsegmented (Insufficient History),DORMANT,United Kingdom,1,208.63,438,208.63,0.0,0.0,0.0,0.0,1,None,True
13291,High-Value Stable,DORMANT,United Kingdom,11,3270.79,155,297.3445,0.0,361.11,-1.0,-1.0,155,HIGH_VALUE_SOFTENING,False
13292,Emerging Engagement,ENGAGED,United Kingdom,5,994.51,38,198.902,329.37,0.0,1.0,1.0,55,POSITIVE_MOMENTUM,False
13293,Low-Activity / Long-Recency,DORMANT,United Kingdom,6,1192.94,392,198.8233,0.0,0.0,0.0,0.0,51,None,False
13294,Low-Activity / Long-Recency,DORMANT,United Kingdom,3,1689.53,189,563.1767,0.0,0.0,0.0,0.0,93,None,False
13295,Low-Activity / Long-Recency,DORMANT,United Kingdom,4,1101.97,359,275.4925,0.0,0.0,0.0,0.0,56,None,False
13296,Low-Activity / Long-Recency,DORMANT,United Kingdom,6,792.51,137,132.085,0.0,87.4,-1.0,-1.0,50,None,False
13297,Emerging Engagement,ENGAGED,United Kingdom,7,4368.62,7,624.0886,2089.85,0.0,1.0,1.0,108,POSITIVE_MOMENTUM,False
13298,Unsegmented (Insufficient History),EMERGING,United Kingdom,1,360.0,1,360.0,360.0,0.0,1.0,1.0,2,EMERGING_BROADENING,True
13299,Low-Activity / Long-Recency,DORMANT,United Kingdom,3,1218.7,268,406.2333,0.0,0.0,0.0,0.0,56,None,False
13300,Low-Activity / Long-Recency,DORMANT,United Kingdom,3,1285.51,169,428.5033,0.0,371.89,-1.0,-1.0,44,None,False
13301,Low-Activity / Long-Recency,DORMANT,United Kingdom,4,618.09,103,154.5225,0.0,290.32,-1.0,-1.0,75,None,False
13302,Low-Activity / Long-Recency,DORMANT,United Kingdom,2,159.2,155,79.6,0.0,63.75,-1.0,-1.0,3,None,False
13303,Unsegmented (Insufficient History),DORMANT,United Kingdom,1,61.72,400,61.72,0.0,0.0,0.0,0.0,4,None,True
13304,Low-Activity / Long-Recency,DORMANT,United Kingdom,4,1217.99,351,304.4975,0.0,0.0,0.0,0.0,59,None,False
13305,High-Value Stable,SOFTENING,United Kingdom,16,3616.41,4,226.0256,529.61,831.0,-0.3627,-0.5,153,BROAD_ENGAGEMENT_SOFTENING,False
13306,Unsegmented (Insufficient History),DORMANT,United Kingdom,1,53.65,430,53.65,0.0,0.0,0.0,0.0,4,None,True
13307,Low-Activity / Long-Recency,DORMANT,United Kingdom,3,273.34,120,91.1133,0.0,15.0,-1.0,-1.0,15,None,False
13308,Emerging Engagement,ENGAGED,United Kingdom,4,1670.37,22,417.5925,570.56,0.0,1.0,1.0,65,POSITIVE_MOMENTUM,False
13309,Emerging Engagement,ENGAGED,United Kingdom,6,1706.37,7,284.395,910.15,0.0,1.0,1.0,95,POSITIVE_MOMENTUM,False
13310,Emerging Engagement,ENGAGED,United Kingdom,5,1541.2,28,308.24,314.38,0.0,1.0,1.0,80,POSITIVE_MOMENTUM,False
13311,Low-Activity / Long-Recency,REACTIVATED,United Kingdom,2,598.57,4,299.285,108.46,490.11,-0.7787,0.0,25,None,False
13312,Unsegmented (Insufficient History),DORMANT,United Kingdom,1,124.75,451,124.75,0.0,0.0,0.0,0.0,5,None,True
13313,High-Value Stable,ENGAGED,United Kingdom,12,3445.32,22,287.11,636.98,308.6,1.0641,1.0,105,POSITIVE_MOMENTUM,False
13314,Unsegmented (Insufficient History),ENGAGED,United Kingdom,3,775.94,1,258.6467,775.94,0.0,1.0,1.0,55,POSITIVE_MOMENTUM,True
13315,Unsegmented (Insufficient History),DORMANT,United Kingdom,1,310.26,689,310.26,0.0,0.0,0.0,0.0,22,None,True
13316,High-Value Stable,SOFTENING,United Kingdom,10,12940.82,37,1294.082,2197.75,1912.7,0.149,1.0,115,None,False
13317,High-Value Stable,ENGAGED,United Kingdom,19,6486.091,66,341.3732,959.7,0.0,1.0,1.0,222,POSITIVE_MOMENTUM,False
13318,Unsegmented (Insufficient History),EMERGING,United Kingdom,3,640.76,1,213.5867,640.76,0.0,1.0,1.0,14,EMERGING_BROADENING,True
13319,High-Value Stable,ENGAGED,United Kingdom,58,21323.22,5,367.6417,3455.08,2380.57,0.4514,0.1667,345,None,False
13320,High-Value Stable,SOFTENING,United Kingdom,6,2211.6,78,368.6,551.05,472.54,0.1661,0.0,98,None,False
13321,Unsegmented (Insufficient History),SOFTENING,United Kingdom,2,567.36,72,283.68,567.36,0.0,1.0,1.0,10,POSITIVE_MOMENTUM,True
13322,Unsegmented (Insufficient History),EMERGING,United Kingdom,1,199.48,17,199.48,199.48,0.0,1.0,1.0,25,EMERGING_BROADENING,True
13323,Unsegmented (Insufficient History),ENGAGED,United Kingdom,5,787.85,3,157.57,787.85,0.0,1.0,1.0,6,POSITIVE_MOMENTUM,True
13324,High-Value Stable,SOFTENING,United Kingdom,18,10513.47,36,584.0817,3322.96,0.0,1.0,1.0,36,POSITIVE_MOMENTUM,False
13325,Unsegmented (Insufficient History),SOFTENING,United Kingdom,1,675.3,81,675.3,675.3,0.0,1.0,1.0,12,POSITIVE_MOMENTUM,True
13326,Unsegmented (Insufficient History),DORMANT,United Kingdom,1,281.76,432,281.76,0.0,0.0,0.0,0.0,13,None,True
13327,High-Value Stable,SOFTENING,United Kingdom,20,9134.48,38,456.724,889.02,866.4,0.0261,-0.5,175,BROAD_ENGAGEMENT_SOFTENING,False
13328,Unsegmented (Insufficient History),DORMANT,United Kingdom,1,1308.48,316,1308.48,0.0,0.0,0.0,0.0,17,None,True
13329,Emerging Engagement,ENGAGED,United Kingdom,8,4808.77,31,601.0963,484.8,0.0,1.0,1.0,68,POSITIVE_MOMENTUM,False
13330,Low-Activity / Long-Recency,SOFTENING,United Kingdom,6,2796.1,92,466.0167,0.0,412.71,-1.0,-1.0,80,None,False
13331,Unsegmented (Insufficient History),DORMANT,United Kingdom,1,262.4,401,262.4,0.0,0.0,0.0,0.0,12,None,True
13332,Unsegmented (Insufficient History),EMERGING,United Kingdom,1,350.9,14,350.9,350.9,0.0,1.0,1.0,21,EMERGING_BROADENING,True
13333,Low-Activity / Long-Recency,DORMANT,United Kingdom,3,1015.74,411,338.58,0.0,0.0,0.0,0.0,54,None,False
13334,High-Value Stable,SOFTENING,United Kingdom,5,6201.8,82,1240.36,793.73,0.0,1.0,1.0,307,POSITIVE_MOMENTUM,False
13336,Unsegmented (Insufficient History),SOFTENING,United Kingdom,1,795.12,77,795.12,795.12,0.0,1.0,1.0,51,POSITIVE_MOMENTUM,True
13337,Unsegmented (Insufficient History),DORMANT,United Kingdom,1,1575.26,546,1575.26,0.0,0.0,0.0,0.0,87,None,True
13338,Low-Activity / Long-Recency,DORMANT,United Kingdom,4,2445.62,157,611.405,0.0,487.02,-1.0,-1.0,113,BROAD_ENGAGEMENT_SOFTENING,False
13339,Unsegmented (Insufficient History),DORMANT,United Kingdom,1,860.12,200,860.12,0.0,0.0,0.0,0.0,54,None,True
13340,High-Value Stable,SOFTENING,United Kingdom,12,22100.56,45,1841.7133,1506.94,5551.51,-0.7286,-0.5,190,HIGH_VALUE_SOFTENING,False
13341,Unsegmented (Insufficient History),DORMANT,United Kingdom,1,775.85,260,775.85,0.0,0.0,0.0,0.0,42,None,True
13343,Unsegmented (Insufficient History),DORMANT,United Kingdom,1,353.43,177,353.43,0.0,353.43,-1.0,-1.0,19,None,True
13344,Emerging Engagement,ENGAGED,United Kingdom,3,2511.69,67,837.23,855.54,0.0,1.0,1.0,115,POSITIVE_MOMENTUM,False
13345,Unsegmented (Insufficient History),DORMANT,United Kingdom,1,389.5,287,389.5,0.0,0.0,0.0,0.0,20,None,True
13346,Low-Activity / Long-Recency,DORMANT,United Kingdom,6,299.4,462,49.9,0.0,0.0,0.0,0.0,4,None,False
13347,Unsegmented (Insufficient History),SOFTENING,United Kingdom,1,341.36,70,341.36,341.36,0.0,1.0,1.0,8,POSITIVE_MOMENTUM,True
13348,Unsegmented (Insufficient History),EMERGING,United Kingdom,1,233.76,64,233.76,233.76,0.0,1.0,1.0,14,EMERGING_BROADENING,True
13349,Unsegmented (Insufficient History),EMERGING,United Kingdom,1,247.32,10,247.32,247.32,0.0,1.0,1.0,16,EMERGING_BROADENING,True
13350,Unsegmented (Insufficient History),ENGAGED,United Kingdom,2,979.12,16,489.56,979.12,0.0,1.0,1.0,36,POSITIVE_MOMENTUM,True
13351,Unsegmented (Insufficient History),EMERGING,United Kingdom,1,373.94,66,373.94,373.94,0.0,1.0,1.0,16,EMERGING_BROADENING,True
13352,Unsegmented (Insufficient History),EMERGING,United Kingdom,1,397.98,60,397.98,397.98,0.0,1.0,1.0,24,EMERGING_BROADENING,True
13354,Unsegmented (Insufficient History),SOFTENING,United Kingdom,1,743.53,71,743.53,743.53,0.0,1.0,1.0,51,POSITIVE_MOMENTUM,True
13355,Unsegmented (Insufficient History),DORMANT,United Kingdom,1,674.7,122,674.7,0.0,674.7,-1.0,-1.0,32,None,True
13356,Unsegmented (Insufficient History),SOFTENING,United Kingdom,1,768.24,80,768.24,768.24,0.0,1.0,1.0,42,POSITIVE_MOMENTUM,True
13357,High-Value Stable,DORMANT,United Kingdom,5,3805.51,257,761.102,0.0,0.0,0.0,0.0,284,HISTORICAL_VALUE_DORMANT,False
13358,Unsegmented (Insufficient History),DORMANT,United Kingdom,1,439.03,268,439.03,0.0,0.0,0.0,0.0,29,None,True
13359,Emerging Engagement,ENGAGED,United Kingdom,2,1043.31,63,521.655,439.56,0.0,1.0,1.0,52,POSITIVE_MOMENTUM,False
13360,Low-Activity / Long-Recency,DORMANT,United Kingdom,4,1553.65,431,388.4125,0.0,0.0,0.0,0.0,58,None,False
13361,Low-Activity / Long-Recency,DORMANT,United Kingdom,2,1450.5,472,725.25,0.0,0.0,0.0,0.0,29,None,False
13362,High-Value Stable,ENGAGED,United Kingdom,7,5394.07,9,770.5814,1509.21,0.0,1.0,1.0,186,POSITIVE_MOMENTUM,False
13363,Emerging Engagement,ENGAGED,United Kingdom,3,1723.86,17,574.62,992.5,0.0,1.0,1.0,78,POSITIVE_MOMENTUM,False
13364,Unsegmented (Insufficient History),SOFTENING,United Kingdom,1,134.96,71,134.96,134.96,0.0,1.0,1.0,10,POSITIVE_MOMENTUM,True
13365,Emerging Engagement,ENGAGED,United Kingdom,2,2225.37,33,1112.685,1524.77,0.0,1.0,1.0,122,POSITIVE_MOMENTUM,False
13366,Unsegmented (Insufficient History),EMERGING,United Kingdom,1,56.16,50,56.16,56.16,0.0,1.0,1.0,1,EMERGING_BROADENING,True
13367,Unsegmented (Insufficient History),DORMANT,United Kingdom,1,510.2,431,510.2,0.0,0.0,0.0,0.0,20,None,True
13368,Low-Activity / Long-Recency,DORMANT,United Kingdom,4,1121.5,256,280.375,0.0,0.0,0.0,0.0,45,None,False
13369,Unsegmented (Insufficient History),DORMANT,United Kingdom,1,308.28,365,308.28,0.0,0.0,0.0,0.0,14,None,True
13370,Unsegmented (Insufficient History),DORMANT,United Kingdom,1,754.87,371,754.87,0.0,0.0,0.0,0.0,39,None,True
13371,Low-Activity / Long-Recency,DORMANT,United Kingdom,2,2297.66,505,1148.83,0.0,0.0,0.0,0.0,75,None,False
13372,Unsegmented (Insufficient History),SOFTENING,United Kingdom,1,378.64,89,378.64,378.64,0.0,1.0,1.0,23,POSITIVE_MOMENTUM,True
13373,High-Value Stable,ENGAGED,United Kingdom,6,7587.19,60,1264.5317,1256.67,1067.88,0.1768,0.0,292,None,False
13374,Low-Activity / Long-Recency,DORMANT,United Kingdom,2,422.8,414,211.4,0.0,0.0,0.0,0.0,17,None,False
13375,Emerging Engagement,SOFTENING,United Kingdom,2,1792.23,88,896.115,778.65,0.0,1.0,1.0,62,POSITIVE_MOMENTUM,False
13376,Low-Activity / Long-Recency,SOFTENING,United Kingdom,3,1019.76,99,339.92,0.0,249.76,-1.0,-1.0,45,None,False
13377,Low-Activity / Long-Recency,DORMANT,United Kingdom,2,1552.88,396,776.44,0.0,0.0,0.0,0.0,71,None,False
13379,Emerging Engagement,ENGAGED,United Kingdom,3,572.56,26,190.8533,436.27,136.29,2.201,1.0,85,POSITIVE_MOMENTUM,False
13380,Unsegmented (Insufficient History),DORMANT,United Kingdom,1,62.4,432,62.4,0.0,0.0,0.0,0.0,3,None,True
13381,High-Value Stable,SOFTENING,United Kingdom,12,8224.37,31,685.3642,1177.98,1389.98,-0.1525,0.0,154,None,False
13382,Low-Activity / Long-Recency,DORMANT,United Kingdom,5,1387.58,280,277.516,0.0,0.0,0.0,0.0,74,None,False
13383,Unsegmented (Insufficient History),DORMANT,United Kingdom,1,305.28,543,305.28,0.0,0.0,0.0,0.0,1,None,True
13384,High-Value Stable,SOFTENING,United Kingdom,11,6680.83,30,607.3482,2396.09,1755.84,0.3646,1.5,192,POSITIVE_MOMENTUM,False
13385,Unsegmented (Insufficient History),DORMANT,United Kingdom,1,534.57,329,534.57,0.0,0.0,0.0,0.0,35,None,True
13386,Low-Activity / Long-Recency,DORMANT,United Kingdom,2,835.46,414,417.73,0.0,0.0,0.0,0.0,24,None,False
13387,Unsegmented (Insufficient History),DORMANT,United Kingdom,1,186.94,417,186.94,0.0,0.0,0.0,0.0,71,None,True
13388,Low-Activity / Long-Recency,DORMANT,United Kingdom,3,1185.65,131,395.2167,0.0,677.1,-1.0,-1.0,68,None,False
13389,Emerging Engagement,ENGAGED,United Kingdom,3,797.96,11,265.9867,540.07,0.0,1.0,1.0,50,POSITIVE_MOMENTUM,False
13390,Unsegmented (Insufficient History),SOFTENING,United Kingdom,1,544.08,74,544.08,544.08,0.0,1.0,1.0,13,POSITIVE_MOMENTUM,True
13391,Unsegmented (Insufficient History),DORMANT,United Kingdom,1,59.8,203,59.8,0.0,0.0,0.0,0.0,1,None,True
13392,Unsegmented (Insufficient History),DORMANT,United Kingdom,1,91.14,677,91.14,0.0,0.0,0.0,0.0,8,None,True
13393,Low-Activity / Long-Recency,DORMANT,United Kingdom,4,1131.45,583,282.8625,0.0,0.0,0.0,0.0,53,None,False
13394,High-Value Stable,SOFTENING,United Kingdom,19,6621.7,1,348.5105,976.57,608.12,0.6059,0.5,254,POSITIVE_MOMENTUM,False
13395,Low-Activity / Long-Recency,DORMANT,United Kingdom,3,1180.23,185,393.41,0.0,0.0,0.0,0.0,77,None,False
13396,Emerging Engagement,ENGAGED,United Kingdom,2,1360.99,29,680.495,973.72,0.0,1.0,1.0,42,POSITIVE_MOMENTUM,False
13397,High-Value Stable,SOFTENING,United Kingdom,10,3191.87,72,319.187,315.94,247.72,0.2754,0.0,68,None,False
13398,Low-Activity / Long-Recency,DORMANT,United Kingdom,2,670.34,192,335.17,0.0,0.0,0.0,0.0,37,None,False
13399,Low-Activity / Long-Recency,DORMANT,United Kingdom,3,275.4,464,91.8,0.0,0.0,0.0,0.0,10,None,False
13400,Unsegmented (Insufficient History),DORMANT,United Kingdom,1,310.83,582,310.83,0.0,0.0,0.0,0.0,23,None,True
13402,Low-Activity / Long-Recency,DORMANT,United Kingdom,4,1226.85,127,306.7125,0.0,312.95,-1.0,-1.0,55,None,False
13403,Emerging Engagement,ENGAGED,United Kingdom,3,229.5,17,76.5,75.0,0.0,1.0,1.0,9,POSITIVE_MOMENTUM,False
13404,Emerging Engagement,REACTIVATED,United Kingdom,2,252.49,1,126.245,34.68,0.0,1.0,1.0,11,POSITIVE_MOMENTUM,False
13405,Emerging Engagement,SOFTENING,United Kingdom,6,1213.811,74,202.3018,15.001,0.0,1.0,1.0,33,POSITIVE_MOMENTUM,False
13406,Low-Activity / Long-Recency,DORMANT,United Kingdom,2,568.92,427,284.46,0.0,0.0,0.0,0.0,7,None,False
13407,Low-Activity / Long-Recency,DORMANT,United Kingdom,3,2244.7,578,748.2333,0.0,0.0,0.0,0.0,85,None,False
13408,High-Value Stable,ENGAGED,United Kingdom,106,50174.782,1,473.347,10280.36,6331.77,0.6236,0.4,321,POSITIVE_MOMENTUM,False
13410,Emerging Engagement,ENGAGED,United Kingdom,9,2201.96,24,244.6622,458.02,0.0,1.0,1.0,25,POSITIVE_MOMENTUM,False
13411,Unsegmented (Insufficient History),DORMANT,United Kingdom,1,213.55,107,213.55,0.0,213.55,-1.0,-1.0,17,None,True
13412,Unsegmented (Insufficient History),DORMANT,United Kingdom,1,487.35,620,487.35,0.0,0.0,0.0,0.0,33,None,True
13413,Low-Activity / Long-Recency,DORMANT,United Kingdom,6,429.44,639,71.5733,0.0,0.0,0.0,0.0,38,None,False
13414,Low-Activity / Long-Recency,DORMANT,United Kingdom,6,2494.14,133,415.69,0.0,1000.5,-1.0,-1.0,48,None,False
13415,Low-Activity / Long-Recency,DORMANT,United Kingdom,4,784.17,472,196.0425,0.0,0.0,0.0,0.0,85,None,False
13416,Emerging Engagement,ENGAGED,United Kingdom,3,940.8,43,313.6,712.5,0.0,1.0,1.0,16,POSITIVE_MOMENTUM,False
13417,Emerging Engagement,REACTIVATED,United Kingdom,6,1669.49,4,278.2483,404.83,0.0,1.0,1.0,57,POSITIVE_MOMENTUM,False
13418,High-Value Stable,SOFTENING,United Kingdom,31,11559.66,11,372.8923,1383.3,1403.53,-0.0144,-0.5,328,BROAD_ENGAGEMENT_SOFTENING,False
13419,Unsegmented (Insufficient History),EMERGING,United Kingdom,1,221.06,63,221.06,221.06,0.0,1.0,1.0,16,EMERGING_BROADENING,True
13420,Low-Activity / Long-Recency,DORMANT,United Kingdom,2,159.85,149,79.925,0.0,159.85,-1.0,-1.0,8,None,False
13421,High-Value Stable,ENGAGED,United Kingdom,8,4058.75,40,507.3438,1008.67,0.0,1.0,1.0,174,POSITIVE_MOMENTUM,False
13422,Unsegmented (Insufficient History),EMERGING,United Kingdom,1,2626.3,64,2626.3,2626.3,0.0,1.0,1.0,127,EMERGING_BROADENING,True
13423,Unsegmented (Insufficient History),DORMANT,United Kingdom,1,217.03,428,217.03,0.0,0.0,0.0,0.0,12,None,True
13424,Unsegmented (Insufficient History),DORMANT,United Kingdom,1,572.77,449,572.77,0.0,0.0,0.0,0.0,40,None,True
13425,Low-Activity / Long-Recency,DORMANT,United Kingdom,5,3390.43,108,678.086,0.0,1222.64,-1.0,-1.0,124,HIGH_VALUE_SOFTENING,False
13426,High-Value Stable,ENGAGED,United Kingdom,22,8167.38,0,371.2445,2082.64,0.0,1.0,1.0,162,POSITIVE_MOMENTUM,False
13427,Low-Activity / Long-Recency,ENGAGED,United Kingdom,6,1006.53,19,167.755,117.74,250.36,-0.5297,0.0,35,None,False
13428,Emerging Engagement,ENGAGED,United Kingdom,3,478.54,10,159.5133,201.78,0.0,1.0,1.0,122,POSITIVE_MOMENTUM,False
13429,Unsegmented (Insufficient History),ENGAGED,United Kingdom,4,1006.8,10,251.7,1006.8,0.0,1.0,1.0,55,POSITIVE_MOMENTUM,True
13430,Unsegmented (Insufficient History),ENGAGED,United Kingdom,2,679.45,18,339.725,679.45,0.0,1.0,1.0,48,POSITIVE_MOMENTUM,True
13431,Emerging Engagement,ENGAGED,United Kingdom,8,3316.24,67,414.53,1269.1,0.0,1.0,1.0,113,POSITIVE_MOMENTUM,False
13432,Low-Activity / Long-Recency,DORMANT,United Kingdom,2,439.1,571,219.55,0.0,0.0,0.0,0.0,98,None,False
13433,Low-Activity / Long-Recency,DORMANT,United Kingdom,4,658.32,501,164.58,0.0,0.0,0.0,0.0,22,None,False
13434,Emerging Engagement,SOFTENING,United Kingdom,5,1666.86,74,333.372,461.4,72.84,5.3344,0.0,17,None,False
13435,Emerging Engagement,ENGAGED,United Kingdom,9,4447.33,5,494.1478,2721.77,644.4,3.2237,1.0,96,POSITIVE_MOMENTUM,False
13436,Unsegmented (Insufficient History),EMERGING,United Kingdom,1,196.89,1,196.89,196.89,0.0,1.0,1.0,12,EMERGING_BROADENING,True
13437,High-Value Stable,ENGAGED,United Kingdom,7,3408.06,14,486.8657,1234.46,732.7,0.6848,0.0,143,None,False
13438,Unsegmented (Insufficient History),DORMANT,United Kingdom,1,46.5,547,46.5,0.0,0.0,0.0,0.0,1,None,True
13439,Low-Activity / Long-Recency,DORMANT,United Kingdom,3,986.61,255,328.87,0.0,0.0,0.0,0.0,132,None,False
13440,Low-Activity / Long-Recency,DORMANT,United Kingdom,7,1295.25,423,185.0357,0.0,0.0,0.0,0.0,49,None,False
13441,Low-Activity / Long-Recency,SOFTENING,United Kingdom,2,720.9,91,360.45,0.0,296.64,-1.0,-1.0,33,None,False
13442,Low-Activity / Long-Recency,DORMANT,United Kingdom,3,419.87,667,139.9567,0.0,0.0,0.0,0.0,33,None,False
13443,Low-Activity / Long-Recency,DORMANT,United Kingdom,6,1273.16,448,212.1933,0.0,0.0,0.0,0.0,176,None,False
13444,Low-Activity / Long-Recency,DORMANT,United Kingdom,2,619.08,374,309.54,0.0,0.0,0.0,0.0,51,None,False
13445,Unsegmented (Insufficient History),DORMANT,United Kingdom,1,241.9,626,241.9,0.0,0.0,0.0,0.0,7,None,True
13446,High-Value Stable,DORMANT,United Kingdom,11,3881.89,430,352.8991,0.0,0.0,0.0,0.0,113,HISTORICAL_VALUE_DORMANT,False
13447,Unsegmented (Insufficient History),EMERGING,United Kingdom,3,1129.14,23,376.38,1129.14,0.0,1.0,1.0,55,EMERGING_BROADENING,True
13448,High-Value Stable,ENGAGED,United Kingdom,13,8745.93,16,672.7638,2111.43,0.0,1.0,1.0,321,POSITIVE_MOMENTUM,False
13449,Unsegmented (Insufficient History),EMERGING,United Kingdom,1,291.88,23,291.88,291.88,0.0,1.0,1.0,19,EMERGING_BROADENING,True
13450,High-Value Stable,SOFTENING,United Kingdom,13,4120.04,26,316.9262,622.26,742.92,-0.1624,0.0,57,None,False
13451,High-Value Stable,ENGAGED,United Kingdom,11,7090.06,26,644.5509,512.76,796.02,-0.3558,0.0,561,HIGH_VALUE_SOFTENING,False
13452,Low-Activity / Long-Recency,DORMANT,United Kingdom,3,729.8,259,243.2667,0.0,0.0,0.0,0.0,2,None,False
13453,Low-Activity / Long-Recency,DORMANT,United Kingdom,3,781.69,165,260.5633,0.0,171.98,-1.0,-1.0,33,None,False
13454,Unsegmented (Insufficient History),DORMANT,United Kingdom,1,219.87,641,219.87,0.0,0.0,0.0,0.0,23,None,True
13455,Emerging Engagement,ENGAGED,United Kingdom,6,2212.99,24,368.8317,365.4,0.0,1.0,1.0,79,POSITIVE_MOMENTUM,False
13456,Emerging Engagement,ENGAGED,United Kingdom,6,1766.72,17,294.4533,911.66,647.4,0.4082,0.5,43,POSITIVE_MOMENTUM,False
13457,Low-Activity / Long-Recency,DORMANT,United Kingdom,2,148.22,688,74.11,0.0,0.0,0.0,0.0,9,None,False
13458,High-Value Stable,ENGAGED,United Kingdom,16,11959.27,7,747.4544,1968.15,1418.34,0.3876,0.3333,290,POSITIVE_MOMENTUM,False
13459,Low-Activity / Long-Recency,DORMANT,United Kingdom,2,1160.41,624,580.205,0.0,0.0,0.0,0.0,57,None,False
13460,Unsegmented (Insufficient History),EMERGING,United Kingdom,2,183.44,29,91.72,183.44,0.0,1.0,1.0,16,EMERGING_BROADENING,True
13461,Low-Activity / Long-Recency,ENGAGED,United Kingdom,6,4160.0,38,693.3333,560.8,884.2,-0.3658,-0.5,30,HIGH_VALUE_SOFTENING,False
13462,Low-Activity / Long-Recency,DORMANT,United Kingdom,5,1153.85,252,230.77,0.0,0.0,0.0,0.0,64,None,False
13464,Emerging Engagement,ENGAGED,United Kingdom,6,3097.64,58,516.2733,674.68,0.0,1.0,1.0,128,POSITIVE_MOMENTUM,False
13465,Low-Activity / Long-Recency,DORMANT,United Kingdom,2,931.12,446,465.56,0.0,0.0,0.0,0.0,34,None,False
13466,Low-Activity / Long-Recency,DORMANT,United Kingdom,5,1013.35,184,202.67,0.0,0.0,0.0,0.0,49,None,False
13467,Unsegmented (Insufficient History),EMERGING,United Kingdom,2,1071.91,10,535.955,1071.91,0.0,1.0,1.0,89,EMERGING_BROADENING,True
13468,High-Value Stable,ENGAGED,United Kingdom,72,12793.28,1,177.6844,965.95,1147.9,-0.1585,0.0,290,HIGH_FREQUENCY_LOW_VALUE,False
13469,Unsegmented (Insufficient History),DORMANT,United Kingdom,1,82.4,653,82.4,0.0,0.0,0.0,0.0,6,None,True
13470,Low-Activity / Long-Recency,SOFTENING,United Kingdom,2,165.0,99,82.5,0.0,165.0,-1.0,-1.0,7,None,False
13471,Unsegmented (Insufficient History),EMERGING,United Kingdom,4,2501.84,1,625.46,2501.84,0.0,1.0,1.0,214,EMERGING_BROADENING,True
13472,Low-Activity / Long-Recency,DORMANT,United Kingdom,2,592.24,463,296.12,0.0,0.0,0.0,0.0,24,None,False
13473,Emerging Engagement,ENGAGED,United Kingdom,8,2657.76,60,332.22,181.38,0.0,1.0,1.0,65,POSITIVE_MOMENTUM,False
13474,Low-Activity / Long-Recency,DORMANT,United Kingdom,3,646.59,236,215.53,0.0,0.0,0.0,0.0,116,None,False
13475,Low-Activity / Long-Recency,DORMANT,United Kingdom,4,1431.78,191,357.945,0.0,0.0,0.0,0.0,64,None,False
13476,Low-Activity / Long-Recency,DORMANT,United Kingdom,5,2061.47,178,412.294,0.0,510.87,-1.0,-1.0,86,BROAD_ENGAGEMENT_SOFTENING,False
13477,High-Value Stable,ENGAGED,United Kingdom,11,2819.17,37,256.2882,555.03,383.52,0.4472,0.0,112,None,False
13478,Low-Activity / Long-Recency,DORMANT,United Kingdom,5,2215.78,469,443.156,0.0,0.0,0.0,0.0,114,None,False
13479,Low-Activity / Long-Recency,DORMANT,United Kingdom,4,851.37,200,212.8425,0.0,0.0,0.0,0.0,45,None,False
13480,Low-Activity / Long-Recency,DORMANT,United Kingdom,2,627.82,416,313.91,0.0,0.0,0.0,0.0,40,None,False
13481,High-Value Stable,SOFTENING,United Kingdom,11,3830.84,45,348.2582,443.23,382.34,0.1593,-0.5,162,BROAD_ENGAGEMENT_SOFTENING,False
13482,Low-Activity / Long-Recency,DORMANT,United Kingdom,2,336.09,232,168.045,0.0,0.0,0.0,0.0,20,None,False
13483,Unsegmented (Insufficient History),EMERGING,United Kingdom,1,140.34,65,140.34,140.34,0.0,1.0,1.0,10,EMERGING_BROADENING,True
13484,Low-Activity / Long-Recency,DORMANT,United Kingdom,3,790.72,241,263.5733,0.0,0.0,0.0,0.0,38,None,False
13485,High-Value Stable,DORMANT,United Kingdom,11,3019.22,233,274.4745,0.0,0.0,0.0,0.0,131,HISTORICAL_VALUE_DORMANT,False
13486,Low-Activity / Long-Recency,SOFTENING,United Kingdom,3,1122.41,78,374.1367,302.8,819.61,-0.6306,-0.5,69,None,False
13487,Emerging Engagement,ENGAGED,United Kingdom,5,846.87,57,169.374,166.6,0.0,1.0,1.0,31,POSITIVE_MOMENTUM,False
13488,High-Value Stable,SOFTENING,United Kingdom,23,14205.96,17,617.6504,2371.93,1065.95,1.2252,0.3333,370,POSITIVE_MOMENTUM,False
13489,Low-Activity / Long-Recency,DORMANT,United Kingdom,4,449.52,105,112.38,0.0,213.84,-1.0,-1.0,11,None,False
13490,Unsegmented (Insufficient History),DORMANT,United Kingdom,1,154.25,654,154.25,0.0,0.0,0.0,0.0,8,None,True
13491,High-Value Stable,ENGAGED,United Kingdom,27,4467.66,51,165.4689,127.37,56.82,1.2416,0.0,144,HIGH_FREQUENCY_LOW_VALUE,False
13492,Low-Activity / Long-Recency,DORMANT,Switzerland,3,1269.84,136,423.28,0.0,954.54,-1.0,-1.0,38,None,False
13493,Low-Activity / Long-Recency,DORMANT,Switzerland,2,618.63,275,309.315,0.0,0.0,0.0,0.0,6,None,False
13494,Unsegmented (Insufficient History),DORMANT,United Kingdom,1,316.26,311,316.26,0.0,0.0,0.0,0.0,18,None,True
13495,High-Value Stable,ENGAGED,United Kingdom,10,4863.31,7,486.331,972.44,0.0,1.0,1.0,59,POSITIVE_MOMENTUM,False
13496,Emerging Engagement,ENGAGED,United Kingdom,2,653.33,10,326.665,152.32,0.0,1.0,1.0,28,POSITIVE_MOMENTUM,False
13497,Low-Activity / Long-Recency,DORMANT,United Kingdom,6,1166.83,282,194.4717,0.0,0.0,0.0,0.0,52,None,False
13498,Unsegmented (Insufficient History),DORMANT,United Kingdom,1,327.38,730,327.38,0.0,0.0,0.0,0.0,17,None,True
13499,Emerging Engagement,ENGAGED,United Kingdom,5,1159.11,17,231.822,695.32,0.0,1.0,1.0,31,POSITIVE_MOMENTUM,False
13500,Emerging Engagement,ENGAGED,United Kingdom,4,1466.3,23,366.575,840.37,326.4,1.5747,1.0,77,POSITIVE_MOMENTUM,False
13501,Low-Activity / Long-Recency,DORMANT,Switzerland,3,2885.11,288,961.7033,0.0,0.0,0.0,0.0,90,None,False
13502,Emerging Engagement,ENGAGED,United Kingdom,5,780.5,16,156.1,102.84,0.0,1.0,1.0,28,POSITIVE_MOMENTUM,False
13503,Emerging Engagement,SOFTENING,United Kingdom,6,1859.24,71,309.8733,216.85,0.0,1.0,1.0,158,POSITIVE_MOMENTUM,False
13504,Unsegmented (Insufficient History),EMERGING,United Kingdom,1,295.93,64,295.93,295.93,0.0,1.0,1.0,22,EMERGING_BROADENING,True
13505,High-Value Stable,SOFTENING,Switzerland,4,4393.63,72,1098.4075,1810.51,667.03,1.7143,0.0,182,None,False
13506,Low-Activity / Long-Recency,DORMANT,United Kingdom,5,1338.08,316,267.616,0.0,0.0,0.0,0.0,55,None,False
13507,High-Value Stable,SOFTENING,United Kingdom,4,2479.16,3,619.79,456.37,2022.79,-0.7744,-0.6667,146,BROAD_ENGAGEMENT_SOFTENING,False
13508,Low-Activity / Long-Recency,DORMANT,United Kingdom,2,287.05,243,143.525,0.0,0.0,0.0,0.0,27,None,False
13509,Emerging Engagement,ENGAGED,United Kingdom,8,1114.72,8,139.34,274.7,55.0,3.9945,0.0,27,HIGH_FREQUENCY_LOW_VALUE,False
13510,High-Value Stable,ENGAGED,United Kingdom,11,4558.29,1,414.39,893.75,312.49,1.8601,1.0,176,POSITIVE_MOMENTUM,False
13511,Unsegmented (Insufficient History),DORMANT,United Kingdom,1,282.76,676,282.76,0.0,0.0,0.0,0.0,5,None,True
13512,Low-Activity / Long-Recency,DORMANT,United Kingdom,4,713.39,260,178.3475,0.0,0.0,0.0,0.0,31,None,False
13513,Low-Activity / Long-Recency,DORMANT,United Kingdom,3,824.59,126,274.8633,0.0,205.1,-1.0,-1.0,32,None,False
13514,Emerging Engagement,SOFTENING,United Kingdom,4,815.9,73,203.975,152.2,0.0,1.0,1.0,15,POSITIVE_MOMENTUM,False
13515,Low-Activity / Long-Recency,SOFTENING,United Kingdom,6,1265.82,72,210.97,367.16,320.56,0.1454,-0.5,64,None,False
13516,Emerging Engagement,ENGAGED,United Kingdom,4,1685.26,21,421.315,1243.41,0.0,1.0,1.0,55,POSITIVE_MOMENTUM,False
13517,Low-Activity / Long-Recency,ENGAGED,United Kingdom,3,2128.42,59,709.4733,516.24,1612.18,-0.6798,-0.5,125,BROAD_ENGAGEMENT_SOFTENING,False
13518,Unsegmented (Insufficient History),SOFTENING,United Kingdom,1,627.16,85,627.16,627.16,0.0,1.0,1.0,36,POSITIVE_MOMENTUM,True
13519,Emerging Engagement,SOFTENING,United Kingdom,2,343.21,78,171.605,122.75,0.0,1.0,1.0,19,POSITIVE_MOMENTUM,False
13520,High-Value Stable,ENGAGED,Switzerland,11,6606.0,58,600.5455,676.37,856.0,-0.2098,0.0,81,None,False
13521,Unsegmented (Insufficient History),EMERGING,United Kingdom,3,1071.73,1,357.2433,1071.73,0.0,1.0,1.0,313,EMERGING_BROADENING,True
13522,Unsegmented (Insufficient History),EMERGING,United Kingdom,1,125.8,30,125.8,125.8,0.0,1.0,1.0,5,EMERGING_BROADENING,True
13523,High-Value Stable,ENGAGED,United Kingdom,6,4534.57,33,755.7617,1595.64,0.0,1.0,1.0,177,POSITIVE_MOMENTUM,False
13524,Low-Activity / Long-Recency,SOFTENING,United Kingdom,5,680.18,40,136.036,271.32,249.66,0.0868,0.0,17,None,False
13525,Emerging Engagement,ENGAGED,United Kingdom,2,628.78,14,314.39,345.9,0.0,1.0,1.0,5,POSITIVE_MOMENTUM,False
13526,Low-Activity / Long-Recency,DORMANT,United Kingdom,2,1182.0,738,591.0,0.0,0.0,0.0,0.0,29,None,False
13527,High-Value Stable,SOFTENING,United Kingdom,12,4541.29,33,378.4408,879.84,776.88,0.1325,0.5,266,None,False
13529,Emerging Engagement,SOFTENING,United Kingdom,2,307.76,78,153.88,126.66,0.0,1.0,1.0,15,POSITIVE_MOMENTUM,False
13530,Unsegmented (Insufficient History),DORMANT,United Kingdom,1,402.98,634,402.98,0.0,0.0,0.0,0.0,18,None,True
13531,Low-Activity / Long-Recency,DORMANT,United Kingdom,6,1433.07,205,238.845,0.0,0.0,0.0,0.0,44,None,False
13532,Unsegmented (Insufficient History),EMERGING,United Kingdom,1,210.31,33,210.31,210.31,0.0,1.0,1.0,66,EMERGING_BROADENING,True
13533,Low-Activity / Long-Recency,DORMANT,United Kingdom,3,269.09,182,89.6967,0.0,0.0,0.0,0.0,61,None,False
13534,High-Value Stable,ENGAGED,United Kingdom,35,7720.9,2,220.5971,1498.55,1418.45,0.0565,0.0,163,HIGH_FREQUENCY_LOW_VALUE,False
13535,Unsegmented (Insufficient History),DORMANT,United Kingdom,1,89.5,402,89.5,0.0,0.0,0.0,0.0,1,None,True
13536,Unsegmented (Insufficient History),ENGAGED,United Kingdom,7,3444.39,1,492.0557,3444.39,0.0,1.0,1.0,91,POSITIVE_MOMENTUM,True
13537,Low-Activity / Long-Recency,DORMANT,United Kingdom,2,717.85,425,358.925,0.0,0.0,0.0,0.0,38,None,False
13538,High-Value Stable,SOFTENING,United Kingdom,12,3103.13,43,258.5942,290.1,371.25,-0.2186,-0.6667,105,BROAD_ENGAGEMENT_SOFTENING,False
13539,Emerging Engagement,SOFTENING,United Kingdom,7,1569.36,85,224.1943,315.69,0.0,1.0,1.0,69,POSITIVE_MOMENTUM,False
13540,Low-Activity / Long-Recency,DORMANT,United Kingdom,3,632.39,467,210.7967,0.0,0.0,0.0,0.0,26,None,False
13541,Low-Activity / Long-Recency,DORMANT,United Kingdom,2,785.25,427,392.625,0.0,0.0,0.0,0.0,10,None,False
13542,High-Value Stable,DORMANT,United Kingdom,17,3959.49,376,232.9112,0.0,0.0,0.0,0.0,98,HISTORICAL_VALUE_DORMANT,False
13543,Low-Activity / Long-Recency,DORMANT,United Kingdom,2,1439.61,634,719.805,0.0,0.0,0.0,0.0,37,None,False
13544,Emerging Engagement,ENGAGED,United Kingdom,6,790.2,39,131.7,163.05,0.0,1.0,1.0,219,POSITIVE_MOMENTUM,False
13545,Low-Activity / Long-Recency,DORMANT,United Kingdom,2,364.93,390,182.465,0.0,0.0,0.0,0.0,54,None,False
13546,Emerging Engagement,ENGAGED,United Kingdom,5,1086.24,12,217.248,438.83,0.0,1.0,1.0,95,POSITIVE_MOMENTUM,False
13547,Unsegmented (Insufficient History),DORMANT,United Kingdom,1,167.08,408,167.08,0.0,0.0,0.0,0.0,44,None,True
13548,Low-Activity / Long-Recency,SOFTENING,United Kingdom,3,901.44,96,300.48,0.0,397.15,-1.0,-1.0,169,BROAD_ENGAGEMENT_SOFTENING,False
13549,Low-Activity / Long-Recency,ENGAGED,United Kingdom,8,1005.8,25,125.725,156.15,249.5,-0.3741,0.0,44,HIGH_FREQUENCY_LOW_VALUE,False
13550,Unsegmented (Insufficient History),DORMANT,United Kingdom,1,342.55,383,342.55,0.0,0.0,0.0,0.0,40,None,True
13551,Low-Activity / Long-Recency,DORMANT,United Kingdom,2,244.2,319,122.1,0.0,0.0,0.0,0.0,5,None,False
13552,High-Value Stable,SOFTENING,United Kingdom,22,6948.92,66,315.86,977.16,901.62,0.0838,-0.25,162,BROAD_ENGAGEMENT_SOFTENING,False
13553,Unsegmented (Insufficient History),DORMANT,United Kingdom,1,499.6,674,499.6,0.0,0.0,0.0,0.0,85,None,True
13554,Low-Activity / Long-Recency,DORMANT,United Kingdom,7,1629.35,380,232.7643,0.0,0.0,0.0,0.0,156,None,False
13555,High-Value Stable,SOFTENING,United Kingdom,13,8891.84,73,683.9877,2508.83,0.0,1.0,1.0,264,POSITIVE_MOMENTUM,False
13556,Low-Activity / Long-Recency,DORMANT,United Kingdom,2,200.82,429,100.41,0.0,0.0,0.0,0.0,8,None,False
13557,High-Value Stable,ENGAGED,United Kingdom,13,3032.26,28,233.2508,343.38,0.0,1.0,1.0,126,POSITIVE_MOMENTUM,False
13558,Unsegmented (Insufficient History),EMERGING,United Kingdom,4,594.52,5,148.63,594.52,0.0,1.0,1.0,123,EMERGING_BROADENING,True
13559,Low-Activity / Long-Recency,DORMANT,United Kingdom,2,990.0,512,495.0,0.0,0.0,0.0,0.0,1,None,False
13560,Unsegmented (Insufficient History),EMERGING,United Kingdom,1,171.42,7,171.42,171.42,0.0,1.0,1.0,32,EMERGING_BROADENING,True
13561,High-Value Stable,DORMANT,United Kingdom,11,1803.4,215,163.9455,0.0,0.0,0.0,0.0,131,HIGH_FREQUENCY_LOW_VALUE,False
13562,High-Value Stable,SOFTENING,United Kingdom,8,4838.18,81,604.7725,589.6,606.46,-0.0278,0.0,88,None,False
13563,Low-Activity / Long-Recency,SOFTENING,United Kingdom,2,777.53,84,388.765,466.65,310.88,0.5011,0.0,49,None,False
13564,High-Value Stable,DORMANT,United Kingdom,37,16498.97,144,445.9181,0.0,550.64,-1.0,-1.0,484,HIGH_VALUE_SOFTENING,False
13565,Emerging Engagement,ENGAGED,United Kingdom,3,414.8,19,138.2667,130.04,0.0,1.0,1.0,45,POSITIVE_MOMENTUM,False
13566,Emerging Engagement,ENGAGED,United Kingdom,5,1688.6,40,337.72,856.84,0.0,1.0,1.0,263,POSITIVE_MOMENTUM,False
13567,Low-Activity / Long-Recency,DORMANT,United Kingdom,4,1079.29,428,269.8225,0.0,0.0,0.0,0.0,180,None,False
13568,Unsegmented (Insufficient History),DORMANT,United Kingdom,1,187.05,173,187.05,0.0,187.05,-1.0,-1.0,41,None,True
13569,Emerging Engagement,ENGAGED,United Kingdom,4,726.54,17,181.635,228.8,0.0,1.0,1.0,140,POSITIVE_MOMENTUM,False
13570,Unsegmented (Insufficient History),DORMANT,United Kingdom,1,239.49,243,239.49,0.0,0.0,0.0,0.0,27,None,True
13571,High-Value Stable,ENGAGED,United Kingdom,26,4537.26,12,174.51,1005.11,576.52,0.7434,0.6667,263,POSITIVE_MOMENTUM,False
13572,Unsegmented (Insufficient History),DORMANT,United Kingdom,1,1384.25,205,1384.25,0.0,0.0,0.0,0.0,32,None,True
13573,Emerging Engagement,ENGAGED,United Kingdom,6,904.52,50,150.7533,258.48,0.0,1.0,1.0,73,POSITIVE_MOMENTUM,False
13574,Unsegmented (Insufficient History),DORMANT,United Kingdom,1,404.45,411,404.45,0.0,0.0,0.0,0.0,84,None,True
13575,Emerging Engagement,ENGAGED,United Kingdom,5,732.07,23,146.414,513.32,218.75,1.3466,0.5,41,POSITIVE_MOMENTUM,False
13576,High-Value Stable,ENGAGED,United Kingdom,28,11202.59,10,400.0925,1876.4,1704.93,0.1006,0.0,145,None,False
13577,High-Value Stable,SOFTENING,United Kingdom,11,3489.28,25,317.2073,493.8,837.05,-0.4101,-0.5,102,BROAD_ENGAGEMENT_SOFTENING,False
13578,Unsegmented (Insufficient History),DORMANT,United Kingdom,1,147.66,409,147.66,0.0,0.0,0.0,0.0,9,None,True
13579,Emerging Engagement,ENGAGED,United Kingdom,5,1374.34,14,274.868,302.34,0.0,1.0,1.0,72,POSITIVE_MOMENTUM,False
13580,Unsegmented (Insufficient History),DORMANT,United Kingdom,1,107.75,406,107.75,0.0,0.0,0.0,0.0,5,None,True
13581,Low-Activity / Long-Recency,DORMANT,United Kingdom,2,280.53,309,140.265,0.0,0.0,0.0,0.0,32,None,False
13582,Low-Activity / Long-Recency,DORMANT,United Kingdom,2,241.68,389,120.84,0.0,0.0,0.0,0.0,10,None,False
13583,Low-Activity / Long-Recency,DORMANT,United Kingdom,2,1445.031,155,722.5155,0.0,781.03,-1.0,-1.0,93,BROAD_ENGAGEMENT_SOFTENING,False
13584,Low-Activity / Long-Recency,DORMANT,United Kingdom,3,385.7,306,128.5667,0.0,0.0,0.0,0.0,74,None,False
13585,Low-Activity / Long-Recency,DORMANT,United Kingdom,3,684.54,530,228.18,0.0,0.0,0.0,0.0,29,None,False
13586,Unsegmented (Insufficient History),DORMANT,United Kingdom,1,127.28,541,127.28,0.0,0.0,0.0,0.0,20,None,True
13587,Emerging Engagement,ENGAGED,United Kingdom,4,1673.5,63,418.375,712.4,0.0,1.0,1.0,27,POSITIVE_MOMENTUM,False
13588,High-Value Stable,ENGAGED,United Kingdom,9,2478.95,15,275.4389,1058.23,1307.42,-0.1906,0.6667,131,None,False
13589,Emerging Engagement,ENGAGED,United Kingdom,6,1120.74,14,186.79,232.65,147.0,0.5827,0.0,48,None,False
13590,High-Value Stable,ENGAGED,United Kingdom,18,6336.04,11,352.0022,865.54,204.35,3.2356,1.0,255,POSITIVE_MOMENTUM,False
13591,Emerging Engagement,ENGAGED,United Kingdom,7,2093.94,64,299.1343,340.9,0.0,1.0,1.0,89,POSITIVE_MOMENTUM,False
13592,Emerging Engagement,ENGAGED,United Kingdom,4,247.96,35,61.99,42.45,0.0,1.0,1.0,15,POSITIVE_MOMENTUM,False
13593,High-Value Stable,DORMANT,United Kingdom,14,5493.29,108,392.3779,0.0,1014.13,-1.0,-1.0,212,HIGH_VALUE_SOFTENING,False
13594,Emerging Engagement,ENGAGED,United Kingdom,2,533.32,52,266.66,396.97,0.0,1.0,1.0,31,POSITIVE_MOMENTUM,False
13595,Low-Activity / Long-Recency,DORMANT,United Kingdom,3,784.48,516,261.4933,0.0,0.0,0.0,0.0,114,None,False
13596,Unsegmented (Insufficient History),EMERGING,United Kingdom,2,664.11,5,332.055,664.11,0.0,1.0,1.0,133,EMERGING_BROADENING,True
13597,Low-Activity / Long-Recency,DORMANT,United Kingdom,2,396.71,400,198.355,0.0,0.0,0.0,0.0,17,None,False
13598,Emerging Engagement,ENGAGED,United Kingdom,5,761.96,47,152.392,160.04,0.0,1.0,1.0,78,POSITIVE_MOMENTUM,False
13599,Emerging Engagement,ENGAGED,United Kingdom,33,9811.04,1,297.3042,2836.08,308.18,8.2027,12.0,235,POSITIVE_MOMENTUM,False
13600,Low-Activity / Long-Recency,DORMANT,United Kingdom,2,518.42,312,259.21,0.0,0.0,0.0,0.0,35,None,False
13601,Emerging Engagement,ENGAGED,United Kingdom,4,1159.99,45,289.9975,320.12,0.0,1.0,1.0,160,POSITIVE_MOMENTUM,False
13602,Emerging Engagement,ENGAGED,United Kingdom,4,1025.17,64,256.2925,428.89,0.0,1.0,1.0,49,POSITIVE_MOMENTUM,False
13603,Unsegmented (Insufficient History),EMERGING,United Kingdom,1,164.34,26,164.34,164.34,0.0,1.0,1.0,27,EMERGING_BROADENING,True
13604,Unsegmented (Insufficient History),DORMANT,United Kingdom,1,717.62,658,717.62,0.0,0.0,0.0,0.0,21,None,True
13605,Low-Activity / Long-Recency,DORMANT,United Kingdom,2,522.67,387,261.335,0.0,0.0,0.0,0.0,50,None,False
13606,Emerging Engagement,ENGAGED,United Kingdom,3,276.75,29,92.25,30.12,0.0,1.0,1.0,40,POSITIVE_MOMENTUM,False
13607,Emerging Engagement,ENGAGED,United Kingdom,2,1075.81,40,537.905,675.51,0.0,1.0,1.0,110,POSITIVE_MOMENTUM,False
13608,Unsegmented (Insufficient History),DORMANT,United Kingdom,1,232.05,540,232.05,0.0,0.0,0.0,0.0,31,None,True
13609,Unsegmented (Insufficient History),DORMANT,United Kingdom,1,167.35,593,167.35,0.0,0.0,0.0,0.0,7,None,True
13610,High-Value Stable,ENGAGED,United Kingdom,14,2103.71,12,150.265,317.57,300.39,0.0572,0.0,309,HIGH_FREQUENCY_LOW_VALUE,False
13611,High-Value Stable,SOFTENING,United Kingdom,10,3297.93,89,329.793,517.68,333.57,0.5519,0.0,170,None,False
13612,Unsegmented (Insufficient History),DORMANT,United Kingdom,1,818.29,632,818.29,0.0,0.0,0.0,0.0,50,None,True
13613,Low-Activity / Long-Recency,DORMANT,United Kingdom,5,1039.85,452,207.97,0.0,0.0,0.0,0.0,50,None,False
13614,High-Value Stable,ENGAGED,United Kingdom,6,2332.74,24,388.79,806.58,573.13,0.4073,1.0,227,POSITIVE_MOMENTUM,False
13615,High-Value Stable,DORMANT,United Kingdom,8,6272.53,318,784.0663,0.0,0.0,0.0,0.0,259,HISTORICAL_VALUE_DORMANT,False
13616,Low-Activity / Long-Recency,DORMANT,United Kingdom,2,283.85,568,141.925,0.0,0.0,0.0,0.0,31,None,False
13617,Low-Activity / Long-Recency,ENGAGED,United Kingdom,8,1278.75,40,159.8438,178.48,234.59,-0.2392,0.0,48,HIGH_FREQUENCY_LOW_VALUE,False
13618,Unsegmented (Insufficient History),DORMANT,United Kingdom,1,177.34,173,177.34,0.0,177.34,-1.0,-1.0,13,None,True
13619,Low-Activity / Long-Recency,DORMANT,United Kingdom,2,224.94,544,112.47,0.0,0.0,0.0,0.0,39,None,False
13620,Unsegmented (Insufficient History),DORMANT,United Kingdom,1,112.34,528,112.34,0.0,0.0,0.0,0.0,5,None,True
13621,Unsegmented (Insufficient History),DORMANT,United Kingdom,1,213.85,116,213.85,0.0,213.85,-1.0,-1.0,19,None,True
13622,Unsegmented (Insufficient History),DORMANT,United Kingdom,1,658.95,696,658.95,0.0,0.0,0.0,0.0,32,None,True
13623,High-Value Stable,ENGAGED,United Kingdom,10,2533.06,30,253.306,188.57,0.0,1.0,1.0,211,POSITIVE_MOMENTUM,False
13624,Unsegmented (Insufficient History),DORMANT,United Kingdom,1,462.08,388,462.08,0.0,0.0,0.0,0.0,22,None,True
13625,Unsegmented (Insufficient History),DORMANT,United Kingdom,1,301.26,596,301.26,0.0,0.0,0.0,0.0,21,None,True
13626,Low-Activity / Long-Recency,DORMANT,United Kingdom,2,707.04,252,353.52,0.0,0.0,0.0,0.0,44,None,False
13627,Emerging Engagement,ENGAGED,United Kingdom,7,2245.9,59,320.8429,611.47,421.08,0.4521,1.0,118,POSITIVE_MOMENTUM,False
13628,Unsegmented (Insufficient History),DORMANT,United Kingdom,1,310.14,676,310.14,0.0,0.0,0.0,0.0,16,None,True
13629,High-Value Stable,ENGAGED,United Kingdom,19,13370.86,23,703.7295,2074.0,2830.36,-0.2672,-0.25,28,HIGH_VALUE_SOFTENING,False
13630,High-Value Stable,SOFTENING,United Kingdom,7,2031.78,5,290.2543,670.32,309.62,1.165,0.0,51,None,False
13631,Low-Activity / Long-Recency,SOFTENING,United Kingdom,11,3070.42,99,279.1291,0.0,1740.42,-1.0,-1.0,6,HIGH_VALUE_SOFTENING,False
13632,Emerging Engagement,ENGAGED,United Kingdom,8,3645.81,24,455.7262,1306.67,201.57,5.4825,1.0,166,POSITIVE_MOMENTUM,False
13634,High-Value Stable,SOFTENING,United Kingdom,16,5033.77,33,314.6106,791.39,158.36,3.9974,1.0,269,POSITIVE_MOMENTUM,False
13635,Emerging Engagement,ENGAGED,United Kingdom,4,2999.16,67,749.79,1071.03,0.0,1.0,1.0,135,POSITIVE_MOMENTUM,False
13636,Emerging Engagement,ENGAGED,United Kingdom,5,949.12,36,189.824,302.57,105.1,1.8789,0.0,57,None,False
13637,Emerging Engagement,ENGAGED,United Kingdom,3,804.3,52,268.1,125.65,0.0,1.0,1.0,79,POSITIVE_MOMENTUM,False
13638,Unsegmented (Insufficient History),EMERGING,United Kingdom,1,122.64,15,122.64,122.64,0.0,1.0,1.0,8,EMERGING_BROADENING,True
13639,Emerging Engagement,SOFTENING,United Kingdom,2,1346.27,74,673.135,1033.34,0.0,1.0,1.0,49,POSITIVE_MOMENTUM,False
13640,Unsegmented (Insufficient History),DORMANT,United Kingdom,1,405.0,611,405.0,0.0,0.0,0.0,0.0,4,None,True
13641,Low-Activity / Long-Recency,DORMANT,United Kingdom,5,1016.47,640,203.294,0.0,0.0,0.0,0.0,41,None,False
13642,Low-Activity / Long-Recency,DORMANT,United Kingdom,4,472.2,215,118.05,0.0,0.0,0.0,0.0,93,None,False
13643,High-Value Stable,ENGAGED,United Kingdom,10,2156.77,31,215.677,260.04,171.5,0.5163,0.0,71,HIGH_FREQUENCY_LOW_VALUE,False
13644,Emerging Engagement,ENGAGED,United Kingdom,4,2624.26,16,656.065,1773.17,851.09,1.0834,2.0,144,POSITIVE_MOMENTUM,False
13645,Unsegmented (Insufficient History),DORMANT,United Kingdom,1,252.1,120,252.1,0.0,252.1,-1.0,-1.0,5,None,True
13646,Low-Activity / Long-Recency,DORMANT,United Kingdom,2,326.25,399,163.125,0.0,0.0,0.0,0.0,58,None,False
13647,Emerging Engagement,ENGAGED,United Kingdom,8,3041.68,9,380.21,844.26,379.22,1.2263,1.0,98,POSITIVE_MOMENTUM,False
13648,Low-Activity / Long-Recency,DORMANT,United Kingdom,8,1764.02,400,220.5025,0.0,0.0,0.0,0.0,95,HIGH_FREQUENCY_LOW_VALUE,False
13649,Low-Activity / Long-Recency,DORMANT,United Kingdom,6,1453.68,256,242.28,0.0,0.0,0.0,0.0,97,None,False
13650,High-Value Stable,ENGAGED,United Kingdom,10,3288.0,16,328.8,1090.82,0.0,1.0,1.0,127,POSITIVE_MOMENTUM,False
13651,Emerging Engagement,ENGAGED,United Kingdom,3,226.85,35,75.6167,94.2,0.0,1.0,1.0,14,POSITIVE_MOMENTUM,False
13652,Emerging Engagement,ENGAGED,United Kingdom,5,2262.05,45,452.41,456.84,0.0,1.0,1.0,116,POSITIVE_MOMENTUM,False
13653,Unsegmented (Insufficient History),DORMANT,United Kingdom,1,152.2,487,152.2,0.0,0.0,0.0,0.0,9,None,True
13654,High-Value Stable,ENGAGED,United Kingdom,11,6308.0,43,573.4545,993.06,541.43,0.8341,1.0,262,POSITIVE_MOMENTUM,False
13655,Low-Activity / Long-Recency,DORMANT,United Kingdom,6,2280.51,114,380.085,0.0,549.32,-1.0,-1.0,103,BROAD_ENGAGEMENT_SOFTENING,False
13656,Low-Activity / Long-Recency,DORMANT,United Kingdom,4,1078.85,164,269.7125,0.0,216.95,-1.0,-1.0,81,None,False
13657,Emerging Engagement,ENGAGED,United Kingdom,2,382.14,10,191.07,229.8,0.0,1.0,1.0,16,POSITIVE_MOMENTUM,False
13658,High-Value Stable,ENGAGED,United Kingdom,9,6025.5,9,669.5,1705.87,0.0,1.0,1.0,164,POSITIVE_MOMENTUM,False
13659,High-Value Stable,DORMANT,United Kingdom,12,4884.68,205,407.0567,0.0,0.0,0.0,0.0,224,HISTORICAL_VALUE_DORMANT,False
13660,Unsegmented (Insufficient History),DORMANT,United Kingdom,1,306.64,400,306.64,0.0,0.0,0.0,0.0,39,None,True
13661,Unsegmented (Insufficient History),DORMANT,United Kingdom,1,325.24,603,325.24,0.0,0.0,0.0,0.0,17,None,True
13662,High-Value Stable,SOFTENING,United Kingdom,11,2233.61,85,203.0555,364.82,0.0,1.0,1.0,126,POSITIVE_MOMENTUM,False
13663,Low-Activity / Long-Recency,DORMANT,United Kingdom,5,2047.51,179,409.502,0.0,189.47,-1.0,-1.0,87,BROAD_ENGAGEMENT_SOFTENING,False
13665,Low-Activity / Long-Recency,DORMANT,United Kingdom,3,1711.66,386,570.5533,0.0,0.0,0.0,0.0,97,None,False
13666,Emerging Engagement,ENGAGED,United Kingdom,5,127.9,60,25.58,20.6,0.0,1.0,1.0,19,POSITIVE_MOMENTUM,False
13667,Unsegmented (Insufficient History),DORMANT,United Kingdom,1,299.05,149,299.05,0.0,299.05,-1.0,-1.0,82,None,True
13668,High-Value Stable,ENGAGED,United Kingdom,35,12948.48,2,369.9566,1408.86,865.29,0.6282,0.25,411,POSITIVE_MOMENTUM,False
13669,Emerging Engagement,ENGAGED,United Kingdom,3,413.55,50,137.85,170.4,48.15,2.5389,0.0,13,None,False
13670,Unsegmented (Insufficient History),SOFTENING,United Kingdom,1,349.7,75,349.7,349.7,0.0,1.0,1.0,25,POSITIVE_MOMENTUM,True
13671,Unsegmented (Insufficient History),DORMANT,United Kingdom,1,172.6,394,172.6,0.0,0.0,0.0,0.0,61,None,True
13672,Low-Activity / Long-Recency,DORMANT,United Kingdom,3,419.92,301,139.9733,0.0,0.0,0.0,0.0,13,None,False
13673,Unsegmented (Insufficient History),EMERGING,United Kingdom,2,387.44,18,193.72,387.44,0.0,1.0,1.0,47,EMERGING_BROADENING,True
13674,Unsegmented (Insufficient History),DORMANT,United Kingdom,1,240.68,432,240.68,0.0,0.0,0.0,0.0,14,None,True
13675,Low-Activity / Long-Recency,DORMANT,United Kingdom,2,486.82,151,243.41,0.0,178.38,-1.0,-1.0,25,None,False
13676,Low-Activity / Long-Recency,DORMANT,United Kingdom,2,243.9,539,121.95,0.0,0.0,0.0,0.0,13,None,False
13677,Low-Activity / Long-Recency,DORMANT,United Kingdom,2,551.24,404,275.62,0.0,0.0,0.0,0.0,98,None,False
13678,Unsegmented (Insufficient History),DORMANT,United Kingdom,1,232.6,151,232.6,0.0,232.6,-1.0,-1.0,16,None,True
13679,Low-Activity / Long-Recency,DORMANT,United Kingdom,3,281.26,493,93.7533,0.0,0.0,0.0,0.0,44,None,False
13680,High-Value Stable,ENGAGED,United Kingdom,12,11419.67,1,951.6392,1327.53,0.0,1.0,1.0,354,POSITIVE_MOMENTUM,False
13681,Emerging Engagement,ENGAGED,United Kingdom,4,827.83,17,206.9575,624.37,203.46,2.0688,2.0,37,POSITIVE_MOMENTUM,False
13682,Unsegmented (Insufficient History),DORMANT,United Kingdom,1,59.5,187,59.5,0.0,0.0,0.0,0.0,3,None,True
13683,Unsegmented (Insufficient History),DORMANT,United Kingdom,1,258.6,457,258.6,0.0,0.0,0.0,0.0,10,None,True
13684,Low-Activity / Long-Recency,DORMANT,United Kingdom,4,594.88,285,148.72,0.0,0.0,0.0,0.0,81,None,False
13685,Unsegmented (Insufficient History),EMERGING,United Kingdom,7,3119.44,2,445.6343,3119.44,0.0,1.0,1.0,29,EMERGING_BROADENING,True
13686,Low-Activity / Long-Recency,DORMANT,United Kingdom,3,409.04,182,136.3467,0.0,0.0,0.0,0.0,27,None,False
13687,Unsegmented (Insufficient History),DORMANT,United Kingdom,1,11880.84,438,11880.84,0.0,0.0,0.0,0.0,45,HISTORICAL_VALUE_DORMANT,True
13688,Unsegmented (Insufficient History),DORMANT,United Kingdom,1,375.5,635,375.5,0.0,0.0,0.0,0.0,5,None,True
13689,Emerging Engagement,ENGAGED,United Kingdom,2,1259.5,63,629.75,910.0,0.0,1.0,1.0,6,POSITIVE_MOMENTUM,False
13690,Unsegmented (Insufficient History),EMERGING,United Kingdom,1,172.25,59,172.25,172.25,0.0,1.0,1.0,9,EMERGING_BROADENING,True
13691,Unsegmented (Insufficient History),DORMANT,United Kingdom,1,212.78,396,212.78,0.0,0.0,0.0,0.0,54,None,True
13692,Emerging Engagement,ENGAGED,United Kingdom,5,3114.4,24,622.88,616.74,0.0,1.0,1.0,83,POSITIVE_MOMENTUM,False
13693,Low-Activity / Long-Recency,DORMANT,United Kingdom,9,2011.82,374,223.5356,0.0,0.0,0.0,0.0,78,HIGH_FREQUENCY_LOW_VALUE,False
13694,High-Value Stable,SOFTENING,United Kingdom,143,195640.69,3,1368.1167,19127.98,14684.98,0.3026,-0.0833,896,None,False
13695,High-Value Stable,SOFTENING,United Kingdom,16,2770.73,31,173.1706,737.06,1141.15,-0.3541,-0.5714,47,HIGH_FREQUENCY_LOW_VALUE,False
13696,Low-Activity / Long-Recency,DORMANT,United Kingdom,3,2020.4,421,673.4667,0.0,0.0,0.0,0.0,24,None,False
13697,Unsegmented (Insufficient History),EMERGING,United Kingdom,1,151.3,38,151.3,151.3,0.0,1.0,1.0,12,EMERGING_BROADENING,True
13698,Low-Activity / Long-Recency,DORMANT,United Kingdom,2,451.73,596,225.865,0.0,0.0,0.0,0.0,31,None,False
13699,Low-Activity / Long-Recency,DORMANT,United Kingdom,2,764.15,155,382.075,0.0,308.58,-1.0,-1.0,33,None,False
13700,High-Value Stable,ENGAGED,United Kingdom,13,2596.97,26,199.7669,613.86,707.6,-0.1325,-0.3333,163,HIGH_FREQUENCY_LOW_VALUE,False
13701,Unsegmented (Insufficient History),DORMANT,United Kingdom,1,161.0,446,161.0,0.0,0.0,0.0,0.0,9,None,True
13702,Unsegmented (Insufficient History),DORMANT,United Kingdom,1,135.18,445,135.18,0.0,0.0,0.0,0.0,5,None,True
13703,Low-Activity / Long-Recency,DORMANT,United Kingdom,2,425.56,318,212.78,0.0,0.0,0.0,0.0,36,None,False
13704,Unsegmented (Insufficient History),ENGAGED,United Kingdom,9,2308.06,5,256.4511,2308.06,0.0,1.0,1.0,111,POSITIVE_MOMENTUM,True
13705,High-Value Stable,REACTIVATED,United Kingdom,7,1717.19,7,245.3129,189.18,204.54,-0.0751,0.0,55,None,False
13706,Low-Activity / Long-Recency,DORMANT,United Kingdom,2,631.17,302,315.585,0.0,0.0,0.0,0.0,38,None,False
13707,Low-Activity / Long-Recency,DORMANT,United Kingdom,5,3365.86,267,673.172,0.0,0.0,0.0,0.0,142,HISTORICAL_VALUE_DORMANT,False
13708,Unsegmented (Insufficient History),DORMANT,United Kingdom,1,285.33,271,285.33,0.0,0.0,0.0,0.0,49,None,True
13709,High-Value Stable,ENGAGED,United Kingdom,18,7571.35,3,420.6306,3388.84,2464.51,0.3751,1.0,296,POSITIVE_MOMENTUM,False
13710,Emerging Engagement,ENGAGED,United Kingdom,3,509.52,31,169.84,180.48,0.0,1.0,1.0,13,POSITIVE_MOMENTUM,False
13711,Low-Activity / Long-Recency,DORMANT,United Kingdom,9,1792.26,218,199.14,0.0,0.0,0.0,0.0,80,HIGH_FREQUENCY_LOW_VALUE,False
13712,Low-Activity / Long-Recency,DORMANT,United Kingdom,2,766.42,246,383.21,0.0,0.0,0.0,0.0,32,None,False
13713,Low-Activity / Long-Recency,DORMANT,United Kingdom,3,740.76,408,246.92,0.0,0.0,0.0,0.0,70,None,False
13714,Unsegmented (Insufficient History),DORMANT,United Kingdom,1,161.35,465,161.35,0.0,0.0,0.0,0.0,30,None,True
13715,High-Value Stable,DORMANT,United Kingdom,17,8153.04,281,479.5906,0.0,0.0,0.0,0.0,277,HISTORICAL_VALUE_DORMANT,False
13716,Unsegmented (Insufficient History),DORMANT,United Kingdom,1,138.28,269,138.28,0.0,0.0,0.0,0.0,21,None,True
13717,High-Value Stable,ENGAGED,United Kingdom,8,1763.3,32,220.4125,489.02,385.4,0.2689,0.0,110,HIGH_FREQUENCY_LOW_VALUE,False
13718,Low-Activity / Long-Recency,DORMANT,United Kingdom,2,306.55,246,153.275,0.0,0.0,0.0,0.0,9,None,False
13719,High-Value Stable,ENGAGED,United Kingdom,11,2783.08,15,253.0073,702.94,0.0,1.0,1.0,194,POSITIVE_MOMENTUM,False
13720,Low-Activity / Long-Recency,DORMANT,United Kingdom,4,799.9,116,199.975,0.0,367.8,-1.0,-1.0,42,None,False
13721,Emerging Engagement,ENGAGED,United Kingdom,2,741.54,36,370.77,524.14,0.0,1.0,1.0,41,POSITIVE_MOMENTUM,False
13722,High-Value Stable,DORMANT,United Kingdom,10,5635.41,131,563.541,0.0,911.94,-1.0,-1.0,137,HIGH_VALUE_SOFTENING,False
13723,Low-Activity / Long-Recency,DORMANT,United Kingdom,6,1194.08,217,199.0133,0.0,0.0,0.0,0.0,51,None,False
13724,Unsegmented (Insufficient History),DORMANT,United Kingdom,1,213.01,637,213.01,0.0,0.0,0.0,0.0,39,None,True
13725,High-Value Stable,ENGAGED,United Kingdom,8,1980.56,49,247.57,114.86,114.1,0.0067,0.0,95,None,False
13726,Emerging Engagement,ENGAGED,United Kingdom,2,1079.66,38,539.83,786.98,292.68,1.6889,0.0,39,None,False
13727,Emerging Engagement,ENGAGED,United Kingdom,8,1074.15,28,134.2688,333.48,0.0,1.0,1.0,74,HIGH_FREQUENCY_LOW_VALUE,False
13728,High-Value Stable,SOFTENING,United Kingdom,16,2855.17,36,178.4481,219.12,303.09,-0.277,-0.5,75,HIGH_FREQUENCY_LOW_VALUE,False
13729,Low-Activity / Long-Recency,DORMANT,United Kingdom,3,724.73,435,241.5767,0.0,0.0,0.0,0.0,36,None,False
13730,Low-Activity / Long-Recency,DORMANT,United Kingdom,2,752.6,135,376.3,0.0,752.6,-1.0,-1.0,38,None,False
13731,Low-Activity / Long-Recency,DORMANT,United Kingdom,2,610.59,219,305.295,0.0,0.0,0.0,0.0,36,None,False
13732,Unsegmented (Insufficient History),EMERGING,United Kingdom,1,491.86,28,491.86,491.86,0.0,1.0,1.0,33,EMERGING_BROADENING,True
13733,Low-Activity / Long-Recency,DORMANT,United Kingdom,2,487.03,410,243.515,0.0,0.0,0.0,0.0,28,None,False
13734,Low-Activity / Long-Recency,DORMANT,United Kingdom,4,6695.69,508,1673.9225,0.0,0.0,0.0,0.0,24,HISTORICAL_VALUE_DORMANT,False
13735,High-Value Stable,ENGAGED,United Kingdom,13,9762.77,24,750.9823,1473.85,474.54,2.1058,1.0,362,POSITIVE_MOMENTUM,False
13736,Emerging Engagement,REACTIVATED,United Kingdom,7,2752.47,5,393.21,372.27,0.0,1.0,1.0,325,POSITIVE_MOMENTUM,False
13737,Unsegmented (Insufficient History),DORMANT,United Kingdom,1,339.6,200,339.6,0.0,0.0,0.0,0.0,29,None,True
13738,Unsegmented (Insufficient History),DORMANT,United Kingdom,1,434.78,396,434.78,0.0,0.0,0.0,0.0,88,None,True
13739,Emerging Engagement,ENGAGED,United Kingdom,2,292.2,18,146.1,216.9,0.0,1.0,1.0,6,POSITIVE_MOMENTUM,False
13740,Low-Activity / Long-Recency,DORMANT,United Kingdom,5,1582.77,240,316.554,0.0,0.0,0.0,0.0,83,None,False
13741,Emerging Engagement,SOFTENING,United Kingdom,3,668.43,71,222.81,305.3,0.0,1.0,1.0,34,POSITIVE_MOMENTUM,False
13742,High-Value Stable,ENGAGED,United Kingdom,12,3107.87,16,258.9892,475.3,492.7,-0.0353,0.0,200,None,False
13743,Low-Activity / Long-Recency,SOFTENING,United Kingdom,7,1341.6,2,191.6571,429.48,558.96,-0.2316,-0.3333,8,None,False
13744,Low-Activity / Long-Recency,SOFTENING,United Kingdom,2,1080.52,95,540.26,0.0,263.2,-1.0,-1.0,54,None,False
13745,Low-Activity / Long-Recency,DORMANT,United Kingdom,2,777.36,162,388.68,0.0,300.04,-1.0,-1.0,46,None,False
13746,Unsegmented (Insufficient History),DORMANT,United Kingdom,1,176.69,413,176.69,0.0,0.0,0.0,0.0,9,None,True
13747,Low-Activity / Long-Recency,DORMANT,United Kingdom,2,169.8,373,84.9,0.0,0.0,0.0,0.0,4,None,False
13748,Low-Activity / Long-Recency,SOFTENING,United Kingdom,9,2064.35,95,229.3722,0.0,367.4,-1.0,-1.0,40,HIGH_FREQUENCY_LOW_VALUE,False
13750,High-Value Stable,ENGAGED,United Kingdom,11,3602.18,53,327.4709,330.63,627.83,-0.4734,-0.5,51,HIGH_VALUE_SOFTENING,False
13751,Unsegmented (Insufficient History),DORMANT,United Kingdom,1,296.25,288,296.25,0.0,0.0,0.0,0.0,9,None,True
13752,Low-Activity / Long-Recency,DORMANT,United Kingdom,7,1579.83,124,225.69,0.0,283.85,-1.0,-1.0,75,None,False
13753,Low-Activity / Long-Recency,DORMANT,United Kingdom,4,2094.57,287,523.6425,0.0,0.0,0.0,0.0,64,None,False
13754,Low-Activity / Long-Recency,DORMANT,United Kingdom,3,447.05,151,149.0167,0.0,126.6,-1.0,-1.0,16,None,False
13755,Unsegmented (Insufficient History),EMERGING,United Kingdom,9,2108.06,3,234.2289,2108.06,0.0,1.0,1.0,232,EMERGING_BROADENING,True
13756,High-Value Stable,ENGAGED,United Kingdom,23,8655.95,2,376.3457,2217.19,1260.52,0.7589,1.0,142,POSITIVE_MOMENTUM,False
13757,Unsegmented (Insufficient History),DORMANT,United Kingdom,1,195.55,674,195.55,0.0,0.0,0.0,0.0,8,None,True
13758,High-Value Stable,ENGAGED,United Kingdom,15,8698.13,11,579.8753,839.03,0.0,1.0,1.0,213,POSITIVE_MOMENTUM,False
13759,Unsegmented (Insufficient History),ENGAGED,United Kingdom,2,659.41,33,329.705,659.41,0.0,1.0,1.0,24,POSITIVE_MOMENTUM,True
13760,Emerging Engagement,ENGAGED,United Kingdom,5,1363.64,54,272.728,151.7,0.0,1.0,1.0,95,POSITIVE_MOMENTUM,False
13761,High-Value Stable,ENGAGED,United Kingdom,6,1952.17,50,325.3617,578.94,491.71,0.1774,0.0,118,None,False
13762,Low-Activity / Long-Recency,DORMANT,United Kingdom,5,2472.48,218,494.496,0.0,0.0,0.0,0.0,23,None,False
13763,Emerging Engagement,ENGAGED,United Kingdom,3,5217.44,63,1739.1467,1714.96,0.0,1.0,1.0,50,POSITIVE_MOMENTUM,False
13764,High-Value Stable,SOFTENING,United Kingdom,6,2919.62,70,486.6033,576.13,443.4,0.2993,0.0,295,None,False
13765,Unsegmented (Insufficient History),DORMANT,United Kingdom,1,352.821,653,352.821,0.0,0.0,0.0,0.0,17,None,True
13766,Unsegmented (Insufficient History),DORMANT,United Kingdom,1,190.35,495,190.35,0.0,0.0,0.0,0.0,16,None,True
13767,High-Value Stable,SOFTENING,United Kingdom,73,33903.57,2,464.4325,7543.99,2435.08,2.098,0.5,117,POSITIVE_MOMENTUM,False
13768,Low-Activity / Long-Recency,DORMANT,United Kingdom,2,875.97,726,437.985,0.0,0.0,0.0,0.0,30,None,False
13769,High-Value Stable,SOFTENING,United Kingdom,20,5478.12,2,273.906,619.89,728.61,-0.1492,-0.3333,121,BROAD_ENGAGEMENT_SOFTENING,False
13770,Low-Activity / Long-Recency,DORMANT,United Kingdom,4,785.37,422,196.3425,0.0,0.0,0.0,0.0,48,None,False
13771,High-Value Stable,ENGAGED,United Kingdom,9,5728.82,64,636.5356,1169.6,0.0,1.0,1.0,182,POSITIVE_MOMENTUM,False
13772,High-Value Stable,ENGAGED,United Kingdom,8,3100.02,33,387.5025,439.66,454.55,-0.0328,0.0,394,None,False
13773,Low-Activity / Long-Recency,DORMANT,United Kingdom,2,301.54,396,150.77,0.0,0.0,0.0,0.0,19,None,False
13774,Unsegmented (Insufficient History),SOFTENING,United Kingdom,1,345.0,81,345.0,345.0,0.0,1.0,1.0,22,POSITIVE_MOMENTUM,True
13775,Unsegmented (Insufficient History),DORMANT,United Kingdom,1,1049.66,590,1049.66,0.0,0.0,0.0,0.0,63,None,True
13776,Low-Activity / Long-Recency,DORMANT,United Kingdom,2,623.98,428,311.99,0.0,0.0,0.0,0.0,1,None,False
13777,High-Value Stable,ENGAGED,United Kingdom,61,49638.26,0,813.742,13616.92,1003.92,12.5638,2.0,44,POSITIVE_MOMENTUM,False
13778,Low-Activity / Long-Recency,DORMANT,United Kingdom,4,1124.49,103,281.1225,0.0,178.7,-1.0,-1.0,33,None,False
13779,Unsegmented (Insufficient History),DORMANT,United Kingdom,1,161.13,515,161.13,0.0,0.0,0.0,0.0,27,None,True
13780,Emerging Engagement,REACTIVATED,United Kingdom,3,732.07,7,244.0233,243.73,116.28,1.0961,0.0,90,None,False
13781,Low-Activity / Long-Recency,DORMANT,United Kingdom,3,778.83,250,259.61,0.0,0.0,0.0,0.0,56,None,False
13782,Emerging Engagement,ENGAGED,United Kingdom,13,1786.08,12,137.3908,424.07,123.49,2.434,2.0,187,HIGH_FREQUENCY_LOW_VALUE,False
13783,Low-Activity / Long-Recency,DORMANT,United Kingdom,4,1542.09,487,385.5225,0.0,0.0,0.0,0.0,4,None,False
13784,High-Value Stable,ENGAGED,United Kingdom,14,2910.23,9,207.8736,338.64,1095.72,-0.6909,-0.3333,13,HIGH_VALUE_SOFTENING,False
13785,Low-Activity / Long-Recency,DORMANT,United Kingdom,4,542.49,428,135.6225,0.0,0.0,0.0,0.0,26,None,False
13786,Low-Activity / Long-Recency,DORMANT,United Kingdom,6,3127.99,367,521.3317,0.0,0.0,0.0,0.0,80,HISTORICAL_VALUE_DORMANT,False
13787,Emerging Engagement,SOFTENING,United Kingdom,6,1222.5,75,203.75,202.64,0.0,1.0,1.0,71,POSITIVE_MOMENTUM,False
13788,Unsegmented (Insufficient History),DORMANT,United Kingdom,1,3.75,505,3.75,0.0,0.0,0.0,0.0,1,None,True
13789,Unsegmented (Insufficient History),DORMANT,United Kingdom,1,239.46,388,239.46,0.0,0.0,0.0,0.0,18,None,True
13790,Unsegmented (Insufficient History),EMERGING,United Kingdom,1,348.8,4,348.8,348.8,0.0,1.0,1.0,45,EMERGING_BROADENING,True
13791,Low-Activity / Long-Recency,DORMANT,United Kingdom,2,1516.0,127,758.0,0.0,1516.0,-1.0,-1.0,7,None,False
13792,Emerging Engagement,ENGAGED,United Kingdom,3,383.95,66,127.9833,120.95,0.0,1.0,1.0,23,POSITIVE_MOMENTUM,False
13793,Unsegmented (Insufficient History),DORMANT,United Kingdom,1,96.0,646,96.0,0.0,0.0,0.0,0.0,7,None,True
13794,Unsegmented (Insufficient History),DORMANT,United Kingdom,1,126.03,546,126.03,0.0,0.0,0.0,0.0,9,None,True
13795,Low-Activity / Long-Recency,DORMANT,United Kingdom,4,836.3,388,209.075,0.0,0.0,0.0,0.0,23,None,False
13796,Unsegmented (Insufficient History),DORMANT,United Kingdom,1,289.7,499,289.7,0.0,0.0,0.0,0.0,22,None,True
13797,Low-Activity / Long-Recency,DORMANT,United Kingdom,3,1179.45,436,393.15,0.0,0.0,0.0,0.0,71,None,False
13798,High-Value Stable,ENGAGED,United Kingdom,110,75428.87,1,685.717,7992.71,5528.88,0.4456,0.875,168,POSITIVE_MOMENTUM,False
13799,Low-Activity / Long-Recency,DORMANT,United Kingdom,9,2803.57,116,311.5078,0.0,347.16,-1.0,-1.0,64,None,False
13800,Low-Activity / Long-Recency,DORMANT,United Kingdom,3,1679.56,309,559.8533,0.0,0.0,0.0,0.0,73,None,False
13801,Unsegmented (Insufficient History),EMERGING,United Kingdom,1,324.8,66,324.8,324.8,0.0,1.0,1.0,23,EMERGING_BROADENING,True
13802,High-Value Stable,DORMANT,United Kingdom,19,26259.11,138,1382.0584,0.0,1468.36,-1.0,-1.0,212,HIGH_VALUE_SOFTENING,False
13803,Low-Activity / Long-Recency,DORMANT,United Kingdom,3,1338.91,255,446.3033,0.0,0.0,0.0,0.0,73,None,False
13804,High-Value Stable,SOFTENING,United Kingdom,9,3161.12,30,351.2356,1062.38,802.38,0.324,0.0,149,None,False
13805,Low-Activity / Long-Recency,ENGAGED,United Kingdom,2,924.6,52,462.3,424.36,500.24,-0.1517,0.0,10,None,False
13806,Unsegmented (Insufficient History),EMERGING,United Kingdom,1,256.38,63,256.38,256.38,0.0,1.0,1.0,10,EMERGING_BROADENING,True
13807,Low-Activity / Long-Recency,DORMANT,United Kingdom,3,422.2,367,140.7333,0.0,0.0,0.0,0.0,24,None,False
13808,High-Value Stable,ENGAGED,United Kingdom,5,1747.66,5,349.532,1024.56,723.1,0.4169,0.5,70,POSITIVE_MOMENTUM,False
13809,Low-Activity / Long-Recency,DORMANT,Cyprus,3,679.7,305,226.5667,0.0,0.0,0.0,0.0,23,None,False
13810,Unsegmented (Insufficient History),EMERGING,Germany,3,1499.01,28,499.67,1499.01,0.0,1.0,1.0,32,EMERGING_BROADENING,True
13811,Low-Activity / Long-Recency,DORMANT,Germany,3,814.5,183,271.5,0.0,0.0,0.0,0.0,7,None,False
13812,Emerging Engagement,ENGAGED,Germany,3,539.0,42,179.6667,260.26,278.74,-0.0663,1.0,33,None,False
13813,Emerging Engagement,SOFTENING,Germany,8,2765.47,39,345.6838,981.72,385.14,1.549,2.0,84,POSITIVE_MOMENTUM,False
13814,Low-Activity / Long-Recency,SOFTENING,Germany,3,2257.32,92,752.44,0.0,1579.12,-1.0,-1.0,56,None,False
13815,High-Value Stable,ENGAGED,Germany,8,7475.74,22,934.4675,1049.61,1965.74,-0.466,1.0,203,HIGH_VALUE_SOFTENING,False
13816,Unsegmented (Insufficient History),EMERGING,Germany,2,571.67,23,285.835,571.67,0.0,1.0,1.0,25,EMERGING_BROADENING,True
13817,Emerging Engagement,ENGAGED,Germany,2,382.98,29,191.49,254.28,0.0,1.0,1.0,20,POSITIVE_MOMENTUM,False
13818,Unsegmented (Insufficient History),DORMANT,United Kingdom,1,61.28,429,61.28,0.0,0.0,0.0,0.0,5,None,True
13819,Low-Activity / Long-Recency,DORMANT,United Kingdom,6,2642.35,301,440.3917,0.0,0.0,0.0,0.0,47,None,False
13820,Low-Activity / Long-Recency,DORMANT,United Kingdom,3,652.75,418,217.5833,0.0,0.0,0.0,0.0,68,None,False
13821,Low-Activity / Long-Recency,DORMANT,United Kingdom,6,1379.08,144,229.8467,0.0,115.49,-1.0,-1.0,158,BROAD_ENGAGEMENT_SOFTENING,False
13822,Unsegmented (Insufficient History),EMERGING,United Kingdom,2,632.0,5,316.0,632.0,0.0,1.0,1.0,90,EMERGING_BROADENING,True
13823,High-Value Stable,ENGAGED,United Kingdom,7,3403.45,18,486.2071,307.24,650.42,-0.5276,0.0,108,HIGH_VALUE_SOFTENING,False
13824,High-Value Stable,ENGAGED,United Kingdom,12,3314.76,32,276.23,269.1,196.86,0.367,0.0,59,None,False
13825,Low-Activity / Long-Recency,DORMANT,United Kingdom,2,255.59,621,127.795,0.0,0.0,0.0,0.0,38,None,False
13826,Unsegmented (Insufficient History),DORMANT,United Kingdom,1,189.5,176,189.5,0.0,189.5,-1.0,-1.0,10,None,True
13827,Low-Activity / Long-Recency,SOFTENING,United Kingdom,3,409.8,57,136.6,109.04,300.76,-0.6375,-0.5,83,None,False
13828,Unsegmented (Insufficient History),EMERGING,United Kingdom,1,209.49,22,209.49,209.49,0.0,1.0,1.0,15,EMERGING_BROADENING,True
13829,Unsegmented (Insufficient History),DORMANT,United Kingdom,1,102.0,421,102.0,0.0,0.0,0.0,0.0,1,None,True
13830,Unsegmented (Insufficient History),DORMANT,United Kingdom,1,156.85,581,156.85,0.0,0.0,0.0,0.0,11,None,True
13831,High-Value Stable,SOFTENING,United Kingdom,18,6585.54,16,365.8633,747.6,357.4,1.0918,1.0,121,POSITIVE_MOMENTUM,False
13832,Emerging Engagement,ENGAGED,United Kingdom,2,609.89,19,304.945,52.2,0.0,1.0,1.0,54,POSITIVE_MOMENTUM,False
13833,Low-Activity / Long-Recency,DORMANT,United Kingdom,2,700.41,159,350.205,0.0,383.85,-1.0,-1.0,43,None,False
13834,Low-Activity / Long-Recency,DORMANT,United Kingdom,2,324.19,576,162.095,0.0,0.0,0.0,0.0,15,None,False
13835,Emerging Engagement,ENGAGED,United Kingdom,7,1095.27,25,156.4671,297.23,208.89,0.4229,1.0,60,POSITIVE_MOMENTUM,False
13836,Low-Activity / Long-Recency,DORMANT,United Kingdom,2,620.37,399,310.185,0.0,0.0,0.0,0.0,29,None,False
13837,Low-Activity / Long-Recency,DORMANT,United Kingdom,2,266.59,211,133.295,0.0,0.0,0.0,0.0,17,None,False
13838,High-Value Stable,SOFTENING,United Kingdom,10,1690.07,5,169.007,207.28,236.88,-0.125,-0.5,328,BROAD_ENGAGEMENT_SOFTENING,False
13839,Unsegmented (Insufficient History),DORMANT,United Kingdom,1,139.95,486,139.95,0.0,0.0,0.0,0.0,7,None,True
13840,Unsegmented (Insufficient History),DORMANT,United Kingdom,1,651.4,416,651.4,0.0,0.0,0.0,0.0,40,None,True
13841,Unsegmented (Insufficient History),DORMANT,United Kingdom,1,85.0,252,85.0,0.0,0.0,0.0,0.0,1,None,True
13842,High-Value Stable,SOFTENING,United Kingdom,18,5319.34,58,295.5189,1220.35,336.8,2.6234,1.0,214,POSITIVE_MOMENTUM,False
13843,Unsegmented (Insufficient History),DORMANT,United Kingdom,1,319.75,381,319.75,0.0,0.0,0.0,0.0,18,None,True
13844,Unsegmented (Insufficient History),EMERGING,United Kingdom,1,361.62,11,361.62,361.62,0.0,1.0,1.0,20,EMERGING_BROADENING,True
13845,Unsegmented (Insufficient History),EMERGING,United Kingdom,1,312.98,64,312.98,312.98,0.0,1.0,1.0,9,EMERGING_BROADENING,True
13846,Emerging Engagement,ENGAGED,United Kingdom,4,1307.79,24,326.9475,201.13,0.0,1.0,1.0,81,POSITIVE_MOMENTUM,False
13847,Unsegmented (Insufficient History),DORMANT,United Kingdom,1,310.72,719,310.72,0.0,0.0,0.0,0.0,19,None,True
13848,Low-Activity / Long-Recency,SOFTENING,United Kingdom,8,3015.0,92,376.875,0.0,320.0,-1.0,-1.0,3,HIGH_VALUE_SOFTENING,False
13849,High-Value Stable,ENGAGED,United Kingdom,5,3469.3,51,693.86,944.37,593.58,0.591,0.0,189,None,False
13850,Unsegmented (Insufficient History),DORMANT,United Kingdom,1,1595.48,129,1595.48,0.0,1595.48,-1.0,-1.0,93,BROAD_ENGAGEMENT_SOFTENING,True
13851,High-Value Stable,SOFTENING,United Kingdom,8,4606.46,95,575.8075,0.0,2405.14,-1.0,-1.0,111,HIGH_VALUE_SOFTENING,False
13852,Unsegmented (Insufficient History),DORMANT,United Kingdom,1,187.35,610,187.35,0.0,0.0,0.0,0.0,11,None,True
13853,Unsegmented (Insufficient History),EMERGING,United Kingdom,1,1090.14,57,1090.14,1090.14,0.0,1.0,1.0,23,EMERGING_BROADENING,True
13854,High-Value Stable,ENGAGED,United Kingdom,39,11944.56,8,306.2708,1640.36,1309.62,0.2525,0.25,61,POSITIVE_MOMENTUM,False
13855,Low-Activity / Long-Recency,DORMANT,United Kingdom,4,1310.34,500,327.585,0.0,0.0,0.0,0.0,64,None,False
13856,Low-Activity / Long-Recency,DORMANT,United Kingdom,11,1142.03,168,103.8209,0.0,169.5,-1.0,-1.0,33,HIGH_FREQUENCY_LOW_VALUE,False
13857,Low-Activity / Long-Recency,DORMANT,United Kingdom,6,1001.01,393,166.835,0.0,0.0,0.0,0.0,99,None,False
13858,Unsegmented (Insufficient History),EMERGING,United Kingdom,1,216.17,57,216.17,216.17,0.0,1.0,1.0,11,EMERGING_BROADENING,True
13859,Low-Activity / Long-Recency,DORMANT,United Kingdom,2,515.86,326,257.93,0.0,0.0,0.0,0.0,34,None,False
13860,Unsegmented (Insufficient History),ENGAGED,United Kingdom,5,1245.9,1,249.18,1245.9,0.0,1.0,1.0,58,POSITIVE_MOMENTUM,True
13861,Low-Activity / Long-Recency,DORMANT,United Kingdom,2,273.26,429,136.63,0.0,0.0,0.0,0.0,21,None,False
13862,High-Value Stable,SOFTENING,United Kingdom,9,2556.09,18,284.01,428.06,628.79,-0.3192,0.0,113,None,False
13863,Low-Activity / Long-Recency,DORMANT,United Kingdom,4,1239.55,247,309.8875,0.0,0.0,0.0,0.0,59,None,False
13864,Unsegmented (Insufficient History),DORMANT,United Kingdom,1,662.4,386,662.4,0.0,0.0,0.0,0.0,1,None,True
13865,Low-Activity / Long-Recency,ENGAGED,United Kingdom,4,501.56,58,125.39,118.22,100.82,0.1726,0.0,26,None,False
13866,Unsegmented (Insufficient History),SOFTENING,United Kingdom,1,145.67,74,145.67,145.67,0.0,1.0,1.0,7,POSITIVE_MOMENTUM,True
13867,Emerging Engagement,ENGAGED,United Kingdom,3,1005.09,31,335.03,866.24,0.0,1.0,1.0,51,POSITIVE_MOMENTUM,False
13868,Unsegmented (Insufficient History),EMERGING,United Kingdom,2,3192.54,7,1596.27,3192.54,0.0,1.0,1.0,32,EMERGING_BROADENING,True
13869,High-Value Stable,DORMANT,United Kingdom,10,7996.87,123,799.687,0.0,1510.49,-1.0,-1.0,502,HIGH_VALUE_SOFTENING,False
13870,High-Value Stable,ENGAGED,United Kingdom,15,5712.08,2,380.8053,591.47,1635.44,-0.6383,-0.25,159,HIGH_VALUE_SOFTENING,False
13871,High-Value Stable,ENGAGED,United Kingdom,17,7885.85,22,463.8735,1790.61,2216.91,-0.1923,0.0,183,None,False
13872,Low-Activity / Long-Recency,DORMANT,United Kingdom,3,919.57,527,306.5233,0.0,0.0,0.0,0.0,51,None,False
13873,Low-Activity / Long-Recency,DORMANT,United Kingdom,8,1038.92,119,129.865,0.0,159.2,-1.0,-1.0,55,HIGH_FREQUENCY_LOW_VALUE,False
13874,Low-Activity / Long-Recency,DORMANT,United Kingdom,7,2049.15,358,292.7357,0.0,0.0,0.0,0.0,46,None,False
13875,High-Value Stable,ENGAGED,United Kingdom,14,4814.37,53,343.8836,361.99,356.92,0.0142,0.0,159,None,False
13876,Unsegmented (Insufficient History),EMERGING,United Kingdom,1,122.7,63,122.7,122.7,0.0,1.0,1.0,7,EMERGING_BROADENING,True
13877,Emerging Engagement,SOFTENING,United Kingdom,3,449.68,86,149.8933,117.24,0.0,1.0,1.0,23,POSITIVE_MOMENTUM,False
13878,Emerging Engagement,ENGAGED,United Kingdom,4,2416.9,54,604.225,1271.57,0.0,1.0,1.0,93,POSITIVE_MOMENTUM,False
13879,Unsegmented (Insufficient History),DORMANT,United Kingdom,1,395.5,645,395.5,0.0,0.0,0.0,0.0,25,None,True
13880,Emerging Engagement,SOFTENING,United Kingdom,17,4293.86,21,252.58,1539.01,341.19,3.5107,1.5,148,POSITIVE_MOMENTUM,False
13881,High-Value Stable,ENGAGED,United Kingdom,43,45179.1,3,1050.6767,7760.84,5829.22,0.3314,0.2857,182,POSITIVE_MOMENTUM,False
13882,Unsegmented (Insufficient History),EMERGING,United Kingdom,5,1191.13,2,238.226,1191.13,0.0,1.0,1.0,54,EMERGING_BROADENING,True
13883,High-Value Stable,ENGAGED,United Kingdom,15,6560.02,10,437.3347,931.7,0.0,1.0,1.0,200,POSITIVE_MOMENTUM,False
13884,High-Value Stable,ENGAGED,United Kingdom,10,1825.03,7,182.503,591.35,0.0,1.0,1.0,108,POSITIVE_MOMENTUM,False
13885,Low-Activity / Long-Recency,DORMANT,United Kingdom,2,506.8,189,253.4,0.0,0.0,0.0,0.0,28,None,False
13886,Unsegmented (Insufficient History),SOFTENING,United Kingdom,1,243.56,71,243.56,243.56,0.0,1.0,1.0,16,POSITIVE_MOMENTUM,True
13887,Unsegmented (Insufficient History),DORMANT,United Kingdom,1,349.55,204,349.55,0.0,0.0,0.0,0.0,19,None,True
13888,Low-Activity / Long-Recency,DORMANT,United Kingdom,7,2001.59,119,285.9414,0.0,366.11,-1.0,-1.0,124,BROAD_ENGAGEMENT_SOFTENING,False
13889,Low-Activity / Long-Recency,SOFTENING,United Kingdom,6,1991.23,92,331.8717,0.0,416.9,-1.0,-1.0,57,None,False
13890,Emerging Engagement,ENGAGED,United Kingdom,14,2927.38,1,209.0986,1382.7,310.76,3.4494,7.0,100,POSITIVE_MOMENTUM,False
13891,Low-Activity / Long-Recency,DORMANT,United Kingdom,3,859.21,378,286.4033,0.0,0.0,0.0,0.0,97,None,False
13892,Emerging Engagement,ENGAGED,United Kingdom,6,1267.65,26,211.275,578.45,0.0,1.0,1.0,33,POSITIVE_MOMENTUM,False
13893,Unsegmented (Insufficient History),DORMANT,United Kingdom,1,821.1,297,821.1,0.0,0.0,0.0,0.0,21,None,True
13894,Emerging Engagement,ENGAGED,United Kingdom,3,564.62,23,188.2067,403.77,0.0,1.0,1.0,25,POSITIVE_MOMENTUM,False
13895,High-Value Stable,ENGAGED,United Kingdom,6,4008.52,28,668.0867,1655.77,937.3,0.7665,0.0,154,None,False
13896,Unsegmented (Insufficient History),DORMANT,United Kingdom,1,388.55,625,388.55,0.0,0.0,0.0,0.0,21,None,True
13897,Emerging Engagement,ENGAGED,United Kingdom,3,1160.72,50,386.9067,311.16,0.0,1.0,1.0,58,POSITIVE_MOMENTUM,False
13898,Low-Activity / Long-Recency,DORMANT,United Kingdom,2,686.4,325,343.2,0.0,0.0,0.0,0.0,43,None,False
13899,Emerging Engagement,ENGAGED,United Kingdom,2,388.52,16,194.26,90.02,0.0,1.0,1.0,19,POSITIVE_MOMENTUM,False
13900,Low-Activity / Long-Recency,DORMANT,United Kingdom,6,1610.59,183,268.4317,0.0,0.0,0.0,0.0,80,None,False
13901,High-Value Stable,SOFTENING,United Kingdom,15,5676.34,72,378.4227,214.92,2003.98,-0.8928,-0.5,280,HIGH_VALUE_SOFTENING,False
13902,Low-Activity / Long-Recency,DORMANT,Denmark,5,34095.26,632,6819.052,0.0,0.0,0.0,0.0,58,HISTORICAL_VALUE_DORMANT,False
13903,Unsegmented (Insufficient History),DORMANT,United Kingdom,1,165.45,400,165.45,0.0,0.0,0.0,0.0,10,None,True
13904,Emerging Engagement,ENGAGED,United Kingdom,2,332.64,37,166.32,131.52,0.0,1.0,1.0,24,POSITIVE_MOMENTUM,False
13905,Unsegmented (Insufficient History),DORMANT,United Kingdom,1,312.65,732,312.65,0.0,0.0,0.0,0.0,12,None,True
13906,Unsegmented (Insufficient History),DORMANT,United Kingdom,1,42.0,409,42.0,0.0,0.0,0.0,0.0,1,None,True
13907,Unsegmented (Insufficient History),DORMANT,United Kingdom,1,136.8,691,136.8,0.0,0.0,0.0,0.0,4,None,True
13908,High-Value Stable,SOFTENING,United Kingdom,4,2369.55,79,592.3875,907.94,630.5,0.44,0.0,104,None,False
13909,Low-Activity / Long-Recency,DORMANT,United Kingdom,2,282.85,423,141.425,0.0,0.0,0.0,0.0,35,None,False
13911,High-Value Stable,SOFTENING,United Kingdom,20,4234.99,57,211.7495,143.28,733.72,-0.8047,-0.5,178,HIGH_VALUE_SOFTENING,False
13912,Unsegmented (Insufficient History),DORMANT,United Kingdom,1,124.95,423,124.95,0.0,0.0,0.0,0.0,7,None,True
13913,Unsegmented (Insufficient History),DORMANT,United Kingdom,1,42.22,506,42.22,0.0,0.0,0.0,0.0,3,None,True
13914,Unsegmented (Insufficient History),EMERGING,United Kingdom,2,626.45,11,313.225,626.45,0.0,1.0,1.0,28,EMERGING_BROADENING,True
13915,Unsegmented (Insufficient History),DORMANT,United Kingdom,1,70.8,394,70.8,0.0,0.0,0.0,0.0,2,None,True
13916,Low-Activity / Long-Recency,DORMANT,United Kingdom,4,1275.81,463,318.9525,0.0,0.0,0.0,0.0,72,None,False
13917,Emerging Engagement,ENGAGED,United Kingdom,2,272.04,49,136.02,206.66,0.0,1.0,1.0,16,POSITIVE_MOMENTUM,False
13918,Emerging Engagement,ENGAGED,United Kingdom,2,1212.84,49,606.42,1014.64,0.0,1.0,1.0,30,POSITIVE_MOMENTUM,False
13919,Low-Activity / Long-Recency,ENGAGED,Denmark,4,1360.68,59,340.17,171.66,213.15,-0.1947,0.0,65,None,False
13920,Low-Activity / Long-Recency,DORMANT,United Kingdom,4,1774.68,431,443.67,0.0,0.0,0.0,0.0,81,None,False
13921,Low-Activity / Long-Recency,DORMANT,United Kingdom,4,730.7,402,182.675,0.0,0.0,0.0,0.0,36,None,False
13922,Low-Activity / Long-Recency,DORMANT,United Kingdom,3,865.2,351,288.4,0.0,0.0,0.0,0.0,30,None,False
13923,Unsegmented (Insufficient History),EMERGING,United Kingdom,1,351.13,53,351.13,351.13,0.0,1.0,1.0,20,EMERGING_BROADENING,True
13924,Unsegmented (Insufficient History),ENGAGED,United Kingdom,6,1838.85,1,306.475,1838.85,0.0,1.0,1.0,90,POSITIVE_MOMENTUM,True
13925,Low-Activity / Long-Recency,SOFTENING,United Kingdom,4,678.25,92,169.5625,0.0,678.25,-1.0,-1.0,28,None,False
13926,Unsegmented (Insufficient History),EMERGING,United Kingdom,1,223.85,23,223.85,223.85,0.0,1.0,1.0,11,EMERGING_BROADENING,True
13927,Emerging Engagement,SOFTENING,United Kingdom,2,708.26,74,354.13,348.99,0.0,1.0,1.0,37,POSITIVE_MOMENTUM,False
13928,Low-Activity / Long-Recency,ENGAGED,United Kingdom,4,464.57,10,116.1425,239.12,225.45,0.0606,0.0,23,None,False
13929,Low-Activity / Long-Recency,DORMANT,United Kingdom,11,3494.1,169,317.6455,0.0,429.8,-1.0,-1.0,38,HIGH_VALUE_SOFTENING,False
13930,Low-Activity / Long-Recency,ENGAGED,United Kingdom,2,337.34,57,168.67,127.34,210.0,-0.3936,0.0,15,None,False
13931,High-Value Stable,SOFTENING,United Kingdom,11,5257.38,95,477.9436,0.0,859.32,-1.0,-1.0,205,HIGH_VALUE_SOFTENING,False
13932,Unsegmented (Insufficient History),DORMANT,United Kingdom,1,307.4,294,307.4,0.0,0.0,0.0,0.0,16,None,True
13933,Low-Activity / Long-Recency,DORMANT,United Kingdom,2,608.79,109,304.395,0.0,608.79,-1.0,-1.0,23,None,False
13934,Unsegmented (Insufficient History),DORMANT,United Kingdom,1,922.1,263,922.1,0.0,0.0,0.0,0.0,31,None,True
13935,Low-Activity / Long-Recency,DORMANT,United Kingdom,3,6116.92,596,2038.9733,0.0,0.0,0.0,0.0,67,HISTORICAL_VALUE_DORMANT,False
13936,Low-Activity / Long-Recency,DORMANT,United Kingdom,3,939.66,179,313.22,0.0,376.58,-1.0,-1.0,56,None,False
13937,Low-Activity / Long-Recency,DORMANT,United Kingdom,2,880.13,169,440.065,0.0,158.85,-1.0,-1.0,54,None,False
13938,Unsegmented (Insufficient History),EMERGING,United Kingdom,1,71.66,35,71.66,71.66,0.0,1.0,1.0,7,EMERGING_BROADENING,True
13939,High-Value Stable,ENGAGED,United Kingdom,7,1560.96,23,222.9943,178.34,205.71,-0.1331,0.0,91,None,False
13940,Low-Activity / Long-Recency,ENGAGED,United Kingdom,4,839.14,17,209.785,448.08,391.06,0.1458,0.0,39,None,False
13941,High-Value Stable,ENGAGED,United Kingdom,15,10027.18,21,668.4787,2281.7,712.3,2.2033,1.0,42,POSITIVE_MOMENTUM,False
13942,Unsegmented (Insufficient History),DORMANT,United Kingdom,1,320.0,534,320.0,0.0,0.0,0.0,0.0,1,None,True
13943,Unsegmented (Insufficient History),DORMANT,United Kingdom,1,246.54,577,246.54,0.0,0.0,0.0,0.0,15,None,True
13944,Unsegmented (Insufficient History),DORMANT,United Kingdom,1,200.43,653,200.43,0.0,0.0,0.0,0.0,35,None,True
13945,Low-Activity / Long-Recency,DORMANT,United Kingdom,2,854.15,394,427.075,0.0,0.0,0.0,0.0,49,None,False
13946,Emerging Engagement,SOFTENING,United Kingdom,6,1876.23,79,312.705,75.6,0.0,1.0,1.0,49,POSITIVE_MOMENTUM,False
13947,Unsegmented (Insufficient History),EMERGING,United Kingdom,1,90.6,65,90.6,90.6,0.0,1.0,1.0,5,EMERGING_BROADENING,True
13948,Low-Activity / Long-Recency,DORMANT,United Kingdom,4,548.76,360,137.19,0.0,0.0,0.0,0.0,23,None,False
13949,Emerging Engagement,ENGAGED,United Kingdom,6,2427.32,2,404.5533,1889.42,537.9,2.5126,4.0,124,POSITIVE_MOMENTUM,False
13950,Emerging Engagement,ENGAGED,United Kingdom,4,745.06,11,186.265,565.75,0.0,1.0,1.0,33,POSITIVE_MOMENTUM,False
13951,Low-Activity / Long-Recency,DORMANT,United Kingdom,3,674.45,176,224.8167,0.0,158.4,-1.0,-1.0,38,None,False
13952,High-Value Stable,DORMANT,United Kingdom,14,12823.521,217,915.9658,0.0,0.0,0.0,0.0,238,HISTORICAL_VALUE_DORMANT,False
13953,High-Value Stable,ENGAGED,United Kingdom,12,6640.68,7,553.39,911.32,854.36,0.0667,0.0,8,None,False
13954,Unsegmented (Insufficient History),ENGAGED,United Kingdom,2,439.92,1,219.96,439.92,0.0,1.0,1.0,24,POSITIVE_MOMENTUM,True
13955,Low-Activity / Long-Recency,DORMANT,United Kingdom,3,544.07,154,181.3567,0.0,117.86,-1.0,-1.0,82,None,False
13956,Emerging Engagement,ENGAGED,United Kingdom,5,1019.27,5,203.854,343.2,385.75,-0.1103,1.0,123,None,False
13957,Low-Activity / Long-Recency,DORMANT,United Kingdom,3,458.25,417,152.75,0.0,0.0,0.0,0.0,21,None,False
13958,High-Value Stable,DORMANT,United Kingdom,8,4709.23,379,588.6538,0.0,0.0,0.0,0.0,172,HISTORICAL_VALUE_DORMANT,False
13959,Emerging Engagement,SOFTENING,United Kingdom,6,1064.77,79,177.4617,256.6,0.0,1.0,1.0,120,POSITIVE_MOMENTUM,False
13960,Unsegmented (Insufficient History),ENGAGED,United Kingdom,2,230.22,21,115.11,230.22,0.0,1.0,1.0,11,POSITIVE_MOMENTUM,True
13961,Unsegmented (Insufficient History),DORMANT,United Kingdom,1,538.4,392,538.4,0.0,0.0,0.0,0.0,19,None,True
13962,Emerging Engagement,ENGAGED,United Kingdom,3,362.8,21,120.9333,51.95,0.0,1.0,1.0,23,POSITIVE_MOMENTUM,False
13963,High-Value Stable,DORMANT,United Kingdom,17,2860.57,308,168.2688,0.0,0.0,0.0,0.0,129,HIGH_FREQUENCY_LOW_VALUE,False
13964,Low-Activity / Long-Recency,DORMANT,United Kingdom,2,438.9,387,219.45,0.0,0.0,0.0,0.0,22,None,False
13965,Low-Activity / Long-Recency,DORMANT,United Kingdom,3,996.61,476,332.2033,0.0,0.0,0.0,0.0,23,None,False
13966,Unsegmented (Insufficient History),DORMANT,United Kingdom,1,384.26,435,384.26,0.0,0.0,0.0,0.0,21,None,True
13967,Low-Activity / Long-Recency,DORMANT,United Kingdom,2,166.3,145,83.15,0.0,80.7,-1.0,-1.0,4,None,False
13968,Unsegmented (Insufficient History),DORMANT,United Kingdom,1,123.66,423,123.66,0.0,0.0,0.0,0.0,8,None,True
13969,High-Value Stable,ENGAGED,United Kingdom,35,12973.46,7,370.6703,5140.94,1890.75,1.719,0.75,472,POSITIVE_MOMENTUM,False
13970,Low-Activity / Long-Recency,DORMANT,United Kingdom,2,846.55,386,423.275,0.0,0.0,0.0,0.0,10,None,False
13971,High-Value Stable,ENGAGED,United Kingdom,14,4667.57,18,333.3979,772.36,1011.38,-0.2363,-0.3333,184,BROAD_ENGAGEMENT_SOFTENING,False
13972,Emerging Engagement,SOFTENING,United Kingdom,2,190.25,70,95.125,44.35,0.0,1.0,1.0,15,POSITIVE_MOMENTUM,False
13973,Unsegmented (Insufficient History),DORMANT,United Kingdom,1,264.7,287,264.7,0.0,0.0,0.0,0.0,11,None,True
13974,Emerging Engagement,ENGAGED,United Kingdom,2,677.72,49,338.86,413.59,0.0,1.0,1.0,43,POSITIVE_MOMENTUM,False
13975,High-Value Stable,ENGAGED,United Kingdom,12,5256.4,31,438.0333,994.57,512.66,0.94,0.0,434,None,False
13976,Low-Activity / Long-Recency,DORMANT,United Kingdom,4,1192.36,206,298.09,0.0,0.0,0.0,0.0,49,None,False
13977,Unsegmented (Insufficient History),DORMANT,United Kingdom,1,519.81,411,519.81,0.0,0.0,0.0,0.0,13,None,True
13978,Unsegmented (Insufficient History),EMERGING,United Kingdom,2,196.79,14,98.395,196.79,0.0,1.0,1.0,14,EMERGING_BROADENING,True
13979,High-Value Stable,SOFTENING,United Kingdom,7,3379.93,73,482.8471,869.87,0.0,1.0,1.0,356,POSITIVE_MOMENTUM,False
13980,Emerging Engagement,ENGAGED,United Kingdom,5,768.82,60,153.764,200.14,0.0,1.0,1.0,57,POSITIVE_MOMENTUM,False
13981,Unsegmented (Insufficient History),DORMANT,United Kingdom,1,331.14,415,331.14,0.0,0.0,0.0,0.0,22,None,True
13982,High-Value Stable,ENGAGED,United Kingdom,9,3954.29,39,439.3656,641.67,326.34,0.9663,0.0,123,None,False
13983,High-Value Stable,ENGAGED,United Kingdom,21,6753.89,29,321.6138,922.37,0.0,1.0,1.0,238,POSITIVE_MOMENTUM,False
13984,High-Value Stable,ENGAGED,United Kingdom,12,1893.8,26,157.8167,101.18,102.1,-0.009,0.0,53,HIGH_FREQUENCY_LOW_VALUE,False
13985,High-Value Stable,ENGAGED,United Kingdom,22,10020.86,4,455.4936,4287.09,1607.74,1.6665,1.0,149,POSITIVE_MOMENTUM,False
13986,Unsegmented (Insufficient History),EMERGING,United Kingdom,1,320.46,17,320.46,320.46,0.0,1.0,1.0,12,EMERGING_BROADENING,True
13987,Low-Activity / Long-Recency,DORMANT,United Kingdom,2,682.54,379,341.27,0.0,0.0,0.0,0.0,46,None,False
13988,Emerging Engagement,ENGAGED,United Kingdom,8,4757.8,19,594.725,2224.46,567.42,2.9203,2.0,218,POSITIVE_MOMENTUM,False
13989,Emerging Engagement,ENGAGED,United Kingdom,5,2026.06,65,405.212,369.41,0.0,1.0,1.0,61,POSITIVE_MOMENTUM,False
13990,Unsegmented (Insufficient History),DORMANT,United Kingdom,1,311.3,213,311.3,0.0,0.0,0.0,0.0,16,None,True
13991,Emerging Engagement,ENGAGED,United Kingdom,6,852.88,12,142.1467,726.53,126.35,4.7501,4.0,58,POSITIVE_MOMENTUM,False
13992,Emerging Engagement,ENGAGED,United Kingdom,3,219.5,30,73.1667,76.8,0.0,1.0,1.0,10,POSITIVE_MOMENTUM,False
13993,High-Value Stable,SOFTENING,United Kingdom,19,6775.71,42,356.6163,1218.95,754.59,0.6154,0.5,110,POSITIVE_MOMENTUM,False
13994,Emerging Engagement,ENGAGED,United Kingdom,6,2274.14,3,379.0233,1854.58,419.56,3.4203,1.0,122,POSITIVE_MOMENTUM,False
13995,High-Value Stable,ENGAGED,United Kingdom,14,3902.01,15,278.715,521.79,561.45,-0.0706,0.0,146,None,False
13996,Low-Activity / Long-Recency,DORMANT,United Kingdom,2,895.76,386,447.88,0.0,0.0,0.0,0.0,29,None,False
13997,Low-Activity / Long-Recency,DORMANT,United Kingdom,3,376.46,519,125.4867,0.0,0.0,0.0,0.0,36,None,False
13998,Low-Activity / Long-Recency,DORMANT,United Kingdom,3,566.7,446,188.9,0.0,0.0,0.0,0.0,30,None,False
13999,High-Value Stable,SOFTENING,United Kingdom,29,9502.26,10,327.6641,1032.84,1622.15,-0.3633,-0.4,174,HIGH_VALUE_SOFTENING,False
14000,Low-Activity / Long-Recency,DORMANT,United Kingdom,5,2046.34,211,409.268,0.0,0.0,0.0,0.0,28,None,False
14001,High-Value Stable,ENGAGED,United Kingdom,9,4228.85,45,469.8722,733.94,0.0,1.0,1.0,60,POSITIVE_MOMENTUM,False
14002,Low-Activity / Long-Recency,DORMANT,United Kingdom,2,529.73,134,264.865,0.0,529.73,-1.0,-1.0,47,None,False
14003,Unsegmented (Insufficient History),DORMANT,United Kingdom,1,209.41,732,209.41,0.0,0.0,0.0,0.0,16,None,True
14004,High-Value Stable,SOFTENING,United Kingdom,11,6258.45,43,568.95,1379.38,2303.24,-0.4011,-0.5,127,BROAD_ENGAGEMENT_SOFTENING,False
14005,Emerging Engagement,SOFTENING,United Kingdom,5,2874.72,9,574.944,2178.16,509.4,3.2759,0.0,53,None,False
14006,Low-Activity / Long-Recency,DORMANT,United Kingdom,7,2196.67,115,313.81,0.0,300.1,-1.0,-1.0,55,None,False
14007,Unsegmented (Insufficient History),DORMANT,United Kingdom,1,79.48,512,79.48,0.0,0.0,0.0,0.0,5,None,True
14008,Unsegmented (Insufficient History),DORMANT,United Kingdom,1,509.04,432,509.04,0.0,0.0,0.0,0.0,32,None,True
14009,Low-Activity / Long-Recency,DORMANT,United Kingdom,3,1099.91,198,366.6367,0.0,0.0,0.0,0.0,71,None,False
14010,Low-Activity / Long-Recency,DORMANT,United Kingdom,2,445.15,565,222.575,0.0,0.0,0.0,0.0,20,None,False
14011,Low-Activity / Long-Recency,DORMANT,United Kingdom,2,457.82,480,228.91,0.0,0.0,0.0,0.0,32,None,False
14012,Unsegmented (Insufficient History),DORMANT,United Kingdom,1,328.8,277,328.8,0.0,0.0,0.0,0.0,11,None,True
14013,Low-Activity / Long-Recency,DORMANT,United Kingdom,5,1084.57,110,216.914,0.0,354.52,-1.0,-1.0,56,None,False
14014,Emerging Engagement,SOFTENING,United Kingdom,3,1948.21,77,649.4033,505.18,0.0,1.0,1.0,76,POSITIVE_MOMENTUM,False
14015,Unsegmented (Insufficient History),EMERGING,United Kingdom,1,917.34,52,917.34,917.34,0.0,1.0,1.0,20,EMERGING_BROADENING,True
14016,High-Value Stable,DORMANT,EIRE,11,11403.41,161,1036.6736,0.0,976.58,-1.0,-1.0,354,HIGH_VALUE_SOFTENING,False
14017,Unsegmented (Insufficient History),DORMANT,United Kingdom,1,229.75,571,229.75,0.0,0.0,0.0,0.0,14,None,True
14018,Unsegmented (Insufficient History),DORMANT,United Kingdom,1,367.15,645,367.15,0.0,0.0,0.0,0.0,13,None,True
14019,Low-Activity / Long-Recency,SOFTENING,United Kingdom,3,1421.61,46,473.87,621.08,800.53,-0.2242,-0.5,37,None,False
14020,Emerging Engagement,ENGAGED,United Kingdom,4,1249.01,16,312.2525,642.8,0.0,1.0,1.0,63,POSITIVE_MOMENTUM,False
14021,Low-Activity / Long-Recency,DORMANT,United Kingdom,7,1716.58,155,245.2257,0.0,130.2,-1.0,-1.0,84,None,False
14022,Low-Activity / Long-Recency,DORMANT,United Kingdom,2,792.15,225,396.075,0.0,0.0,0.0,0.0,45,None,False
14023,Emerging Engagement,REACTIVATED,United Kingdom,2,584.07,7,292.035,310.93,0.0,1.0,1.0,30,POSITIVE_MOMENTUM,False
14024,Low-Activity / Long-Recency,DORMANT,United Kingdom,3,645.74,121,215.2467,0.0,327.7,-1.0,-1.0,33,None,False
14025,Low-Activity / Long-Recency,DORMANT,United Kingdom,8,4057.9,464,507.2375,0.0,0.0,0.0,0.0,60,HISTORICAL_VALUE_DORMANT,False
14026,Low-Activity / Long-Recency,DORMANT,United Kingdom,2,713.11,470,356.555,0.0,0.0,0.0,0.0,43,None,False
14027,Unsegmented (Insufficient History),EMERGING,United Kingdom,1,104.82,60,104.82,104.82,0.0,1.0,1.0,6,EMERGING_BROADENING,True
14028,Low-Activity / Long-Recency,DORMANT,United Kingdom,3,10396.5,550,3465.5,0.0,0.0,0.0,0.0,3,HISTORICAL_VALUE_DORMANT,False
14029,Low-Activity / Long-Recency,ENGAGED,United Kingdom,2,467.66,63,233.83,302.46,165.2,0.8309,0.0,15,None,False
14030,High-Value Stable,SOFTENING,United Kingdom,20,7521.8,18,376.09,701.34,222.48,2.1524,1.0,591,POSITIVE_MOMENTUM,False
14031,High-Value Stable,ENGAGED,United Kingdom,44,39019.51,7,886.807,7659.83,1722.47,3.447,2.0,280,POSITIVE_MOMENTUM,False
14032,Emerging Engagement,ENGAGED,United Kingdom,16,4546.41,2,284.1506,1130.22,309.8,2.6482,4.0,79,POSITIVE_MOMENTUM,False
14033,Unsegmented (Insufficient History),DORMANT,United Kingdom,1,109.44,555,109.44,0.0,0.0,0.0,0.0,1,None,True
14034,Low-Activity / Long-Recency,SOFTENING,United Kingdom,3,648.89,22,216.2967,174.98,473.91,-0.6308,-0.5,82,None,False
14035,Emerging Engagement,ENGAGED,United Kingdom,9,2794.75,28,310.5278,590.76,136.68,3.3222,1.0,70,POSITIVE_MOMENTUM,False
14036,Unsegmented (Insufficient History),DORMANT,United Kingdom,1,626.65,284,626.65,0.0,0.0,0.0,0.0,38,None,True
14037,Low-Activity / Long-Recency,DORMANT,United Kingdom,6,836.95,176,139.4917,0.0,35.4,-1.0,-1.0,96,BROAD_ENGAGEMENT_SOFTENING,False
14038,High-Value Stable,SOFTENING,United Kingdom,5,3069.88,78,613.976,473.96,370.1,0.2806,0.0,99,None,False
14039,Emerging Engagement,ENGAGED,United Kingdom,2,267.28,33,133.64,152.2,0.0,1.0,1.0,10,POSITIVE_MOMENTUM,False
14040,High-Value Stable,SOFTENING,United Kingdom,35,12523.81,40,357.8231,825.86,789.3,0.0463,-0.5,335,BROAD_ENGAGEMENT_SOFTENING,False
14041,Unsegmented (Insufficient History),DORMANT,United Kingdom,1,141.41,266,141.41,0.0,0.0,0.0,0.0,21,None,True
14042,Unsegmented (Insufficient History),DORMANT,United Kingdom,1,431.98,725,431.98,0.0,0.0,0.0,0.0,21,None,True
14043,Low-Activity / Long-Recency,DORMANT,United Kingdom,2,302.6,491,151.3,0.0,0.0,0.0,0.0,37,None,False
14044,High-Value Stable,SOFTENING,United Kingdom,10,3077.7,26,307.77,110.71,365.27,-0.6969,-0.5,533,HIGH_VALUE_SOFTENING,False
14045,High-Value Stable,DORMANT,United Kingdom,16,10986.63,109,686.6644,0.0,408.0,-1.0,-1.0,16,HIGH_VALUE_SOFTENING,False
14046,Unsegmented (Insufficient History),DORMANT,United Kingdom,1,154.99,284,154.99,0.0,0.0,0.0,0.0,14,None,True
14047,High-Value Stable,ENGAGED,United Kingdom,14,3968.11,8,283.4364,672.69,0.0,1.0,1.0,91,POSITIVE_MOMENTUM,False
14048,Low-Activity / Long-Recency,DORMANT,United Kingdom,3,748.69,305,249.5633,0.0,0.0,0.0,0.0,126,None,False
14049,High-Value Stable,ENGAGED,United Kingdom,13,13023.4,16,1001.8,2333.98,226.93,9.285,0.0,573,None,False
14050,Low-Activity / Long-Recency,ENGAGED,United Kingdom,2,746.36,31,373.18,260.38,485.98,-0.4642,0.0,49,None,False
14051,High-Value Stable,ENGAGED,United Kingdom,37,21770.98,0,588.4049,6338.55,3438.36,0.8435,0.4,82,POSITIVE_MOMENTUM,False
14052,Emerging Engagement,ENGAGED,United Kingdom,2,466.66,19,233.33,225.36,0.0,1.0,1.0,115,POSITIVE_MOMENTUM,False
14053,Low-Activity / Long-Recency,DORMANT,United Kingdom,4,572.3,124,143.075,0.0,260.25,-1.0,-1.0,3,None,False
14054,Unsegmented (Insufficient History),EMERGING,United Kingdom,1,92.46,65,92.46,92.46,0.0,1.0,1.0,6,EMERGING_BROADENING,True
14055,Low-Activity / Long-Recency,DORMANT,United Kingdom,3,1520.96,106,506.9867,0.0,725.64,-1.0,-1.0,33,None,False
14056,High-Value Stable,SOFTENING,United Kingdom,23,8152.71,1,354.4657,2818.74,1680.14,0.6777,0.0,320,None,False
14057,High-Value Stable,SOFTENING,United Kingdom,22,8346.66,23,379.3936,1405.98,2135.45,-0.3416,-0.2,244,HIGH_VALUE_SOFTENING,False
14058,Low-Activity / Long-Recency,DORMANT,United Kingdom,2,469.19,462,234.595,0.0,0.0,0.0,0.0,23,None,False
14059,Unsegmented (Insufficient History),DORMANT,United Kingdom,1,183.6,266,183.6,0.0,0.0,0.0,0.0,8,None,True
14060,High-Value Stable,SOFTENING,United Kingdom,30,8898.24,4,296.608,2037.64,707.68,1.8793,0.6667,100,POSITIVE_MOMENTUM,False
14061,Low-Activity / Long-Recency,DORMANT,United Kingdom,3,917.43,507,305.81,0.0,0.0,0.0,0.0,17,None,False
14062,High-Value Stable,SOFTENING,United Kingdom,24,25585.65,9,1066.0688,1664.18,3966.04,-0.5804,-0.5,141,HIGH_VALUE_SOFTENING,False
14063,High-Value Stable,DORMANT,United Kingdom,9,22710.2,438,2523.3556,0.0,0.0,0.0,0.0,30,HISTORICAL_VALUE_DORMANT,False
14064,High-Value Stable,ENGAGED,United Kingdom,15,3260.24,29,217.3493,237.31,254.87,-0.0689,0.0,131,HIGH_FREQUENCY_LOW_VALUE,False
14065,Low-Activity / Long-Recency,DORMANT,United Kingdom,3,891.02,389,297.0067,0.0,0.0,0.0,0.0,42,None,False
14066,Unsegmented (Insufficient History),DORMANT,United Kingdom,1,152.55,266,152.55,0.0,0.0,0.0,0.0,7,None,True
14067,Low-Activity / Long-Recency,ENGAGED,United Kingdom,2,374.7,63,187.35,150.03,224.67,-0.3322,0.0,51,None,False
14068,Low-Activity / Long-Recency,DORMANT,United Kingdom,4,1516.72,320,379.18,0.0,0.0,0.0,0.0,93,None,False
14069,Low-Activity / Long-Recency,DORMANT,United Kingdom,2,225.81,514,112.905,0.0,0.0,0.0,0.0,37,None,False
14070,Unsegmented (Insufficient History),DORMANT,United Kingdom,1,321.6,684,321.6,0.0,0.0,0.0,0.0,40,None,True
14071,High-Value Stable,ENGAGED,United Kingdom,8,1437.57,3,179.6963,1080.76,0.0,1.0,1.0,271,POSITIVE_MOMENTUM,False
14072,Unsegmented (Insufficient History),DORMANT,United Kingdom,1,390.85,666,390.85,0.0,0.0,0.0,0.0,19,None,True
14073,Unsegmented (Insufficient History),EMERGING,United Kingdom,1,151.04,32,151.04,151.04,0.0,1.0,1.0,13,EMERGING_BROADENING,True
14074,Unsegmented (Insufficient History),DORMANT,United Kingdom,1,219.4,623,219.4,0.0,0.0,0.0,0.0,6,None,True
14075,Emerging Engagement,ENGAGED,United Kingdom,6,1734.87,4,289.145,634.34,0.0,1.0,1.0,59,POSITIVE_MOMENTUM,False
14076,Unsegmented (Insufficient History),DORMANT,United Kingdom,1,118.67,129,118.67,0.0,118.67,-1.0,-1.0,43,None,True
14077,Emerging Engagement,ENGAGED,United Kingdom,6,615.08,40,102.5133,189.02,0.0,1.0,1.0,43,POSITIVE_MOMENTUM,False
14078,Low-Activity / Long-Recency,DORMANT,United Kingdom,9,1553.47,101,172.6078,0.0,221.46,-1.0,-1.0,107,BROAD_ENGAGEMENT_SOFTENING,False
14079,Low-Activity / Long-Recency,DORMANT,United Kingdom,2,618.73,124,309.365,0.0,375.1,-1.0,-1.0,13,None,False
14080,Emerging Engagement,ENGAGED,United Kingdom,5,1115.68,32,223.136,45.6,0.0,1.0,1.0,74,POSITIVE_MOMENTUM,False
14081,High-Value Stable,DORMANT,United Kingdom,10,4867.57,302,486.757,0.0,0.0,0.0,0.0,465,HISTORICAL_VALUE_DORMANT,False
14082,Low-Activity / Long-Recency,DORMANT,United Kingdom,2,413.36,364,206.68,0.0,0.0,0.0,0.0,48,None,False
14083,Emerging Engagement,ENGAGED,United Kingdom,11,1082.19,4,98.3809,469.51,59.45,6.8976,0.0,169,HIGH_FREQUENCY_LOW_VALUE,False
14084,Unsegmented (Insufficient History),DORMANT,United Kingdom,1,150.5,512,150.5,0.0,0.0,0.0,0.0,7,None,True
14085,High-Value Stable,ENGAGED,United Kingdom,33,9720.67,2,294.5658,1200.35,435.78,1.7545,2.0,479,POSITIVE_MOMENTUM,False
14086,Unsegmented (Insufficient History),DORMANT,United Kingdom,1,39.95,462,39.95,0.0,0.0,0.0,0.0,1,None,True
14087,Emerging Engagement,REACTIVATED,United Kingdom,3,829.47,2,276.49,191.47,0.0,1.0,1.0,175,POSITIVE_MOMENTUM,False
14088,High-Value Stable,ENGAGED,United Kingdom,16,64036.8,10,4002.3,24983.92,10153.05,1.4607,0.5,436,POSITIVE_MOMENTUM,False
14089,Unsegmented (Insufficient History),EMERGING,United Kingdom,1,158.75,56,158.75,158.75,0.0,1.0,1.0,13,EMERGING_BROADENING,True
14090,Unsegmented (Insufficient History),DORMANT,United Kingdom,1,76.32,324,76.32,0.0,0.0,0.0,0.0,1,None,True
14091,Low-Activity / Long-Recency,DORMANT,United Kingdom,2,9530.08,654,4765.04,0.0,0.0,0.0,0.0,13,HISTORICAL_VALUE_DORMANT,False
14092,High-Value Stable,ENGAGED,United Kingdom,24,7229.45,7,301.2271,1331.49,947.95,0.4046,0.0,169,None,False
14093,Unsegmented (Insufficient History),EMERGING,United Kingdom,1,433.86,12,433.86,433.86,0.0,1.0,1.0,95,EMERGING_BROADENING,True
14094,Unsegmented (Insufficient History),DORMANT,United Kingdom,1,311.77,439,311.77,0.0,0.0,0.0,0.0,41,None,True
14095,Unsegmented (Insufficient History),DORMANT,United Kingdom,1,2.95,722,2.95,0.0,0.0,0.0,0.0,1,None,True
14096,High-Value Stable,ENGAGED,United Kingdom,17,65164.79,4,3833.2229,64920.11,244.68,264.3266,3.6667,1119,POSITIVE_MOMENTUM,False
14097,Low-Activity / Long-Recency,DORMANT,United Kingdom,2,422.86,481,211.43,0.0,0.0,0.0,0.0,39,None,False
14098,Unsegmented (Insufficient History),EMERGING,United Kingdom,1,147.35,36,147.35,147.35,0.0,1.0,1.0,21,EMERGING_BROADENING,True
14099,High-Value Stable,ENGAGED,United Kingdom,20,5750.91,16,287.5455,794.25,988.46,-0.1965,0.0,273,None,False
14100,Unsegmented (Insufficient History),DORMANT,United Kingdom,1,191.95,137,191.95,0.0,191.95,-1.0,-1.0,24,None,True
14101,High-Value Stable,SOFTENING,United Kingdom,13,9961.93,73,766.3023,1032.4,785.0,0.3152,0.0,19,None,False
14102,Unsegmented (Insufficient History),EMERGING,United Kingdom,5,1105.88,5,221.176,1105.88,0.0,1.0,1.0,35,EMERGING_BROADENING,True
14104,Low-Activity / Long-Recency,DORMANT,United Kingdom,5,743.53,154,148.706,0.0,216.21,-1.0,-1.0,117,BROAD_ENGAGEMENT_SOFTENING,False
14105,High-Value Stable,DORMANT,United Kingdom,5,5988.83,239,1197.766,0.0,0.0,0.0,0.0,200,HISTORICAL_VALUE_DORMANT,False
14106,Unsegmented (Insufficient History),DORMANT,United Kingdom,1,214.8,737,214.8,0.0,0.0,0.0,0.0,1,None,True
14107,High-Value Stable,ENGAGED,United Kingdom,11,4877.3,51,443.3909,241.29,986.86,-0.7555,-0.5,102,HIGH_VALUE_SOFTENING,False
14108,Emerging Engagement,ENGAGED,United Kingdom,4,1044.96,30,261.24,306.58,291.33,0.0523,0.0,49,None,False
14109,Unsegmented (Insufficient History),SOFTENING,United Kingdom,1,144.2,72,144.2,144.2,0.0,1.0,1.0,9,POSITIVE_MOMENTUM,True
14110,High-Value Stable,ENGAGED,United Kingdom,33,12987.95,3,393.5742,2423.53,1558.1,0.5554,1.3333,177,POSITIVE_MOMENTUM,False
14111,Low-Activity / Long-Recency,SOFTENING,United Kingdom,4,692.85,14,173.2125,397.35,201.3,0.9739,-0.5,10,None,False
14112,High-Value Stable,ENGAGED,United Kingdom,13,5834.59,22,448.8146,1014.33,748.32,0.3555,2.0,199,POSITIVE_MOMENTUM,False
14113,High-Value Stable,ENGAGED,United Kingdom,16,7092.61,3,443.2881,1406.92,0.0,1.0,1.0,76,POSITIVE_MOMENTUM,False
14114,Low-Activity / Long-Recency,DORMANT,United Kingdom,7,1364.09,273,194.87,0.0,0.0,0.0,0.0,72,None,False
14115,Low-Activity / Long-Recency,DORMANT,United Kingdom,2,622.67,501,311.335,0.0,0.0,0.0,0.0,22,None,False
14116,Emerging Engagement,ENGAGED,United Kingdom,5,1382.74,19,276.548,753.87,628.87,0.1988,0.5,61,None,False
14117,Unsegmented (Insufficient History),DORMANT,United Kingdom,1,90.0,143,90.0,0.0,90.0,-1.0,-1.0,3,None,True
14118,Unsegmented (Insufficient History),DORMANT,United Kingdom,1,458.45,428,458.45,0.0,0.0,0.0,0.0,15,None,True
14119,Low-Activity / Long-Recency,DORMANT,United Kingdom,2,183.37,375,91.685,0.0,0.0,0.0,0.0,11,None,False
14121,Unsegmented (Insufficient History),EMERGING,United Kingdom,4,2780.15,3,695.0375,2780.15,0.0,1.0,1.0,148,EMERGING_BROADENING,True
14122,Low-Activity / Long-Recency,DORMANT,United Kingdom,3,362.42,406,120.8067,0.0,0.0,0.0,0.0,12,None,False
14123,Unsegmented (Insufficient History),DORMANT,United Kingdom,1,436.18,733,436.18,0.0,0.0,0.0,0.0,24,None,True
14124,Unsegmented (Insufficient History),SOFTENING,United Kingdom,1,419.58,84,419.58,419.58,0.0,1.0,1.0,4,POSITIVE_MOMENTUM,True
14125,Unsegmented (Insufficient History),ENGAGED,United Kingdom,3,2720.63,10,906.8767,2720.63,0.0,1.0,1.0,159,POSITIVE_MOMENTUM,True
14126,Emerging Engagement,ENGAGED,United Kingdom,4,1172.46,7,293.115,706.13,0.0,1.0,1.0,37,POSITIVE_MOMENTUM,False
14127,Low-Activity / Long-Recency,DORMANT,United Kingdom,6,1900.08,122,316.68,0.0,257.48,-1.0,-1.0,96,BROAD_ENGAGEMENT_SOFTENING,False
14128,Emerging Engagement,ENGAGED,United Kingdom,3,924.21,60,308.07,331.96,0.0,1.0,1.0,50,POSITIVE_MOMENTUM,False
14129,High-Value Stable,ENGAGED,United Kingdom,9,2591.34,1,287.9267,397.63,367.33,0.0825,0.0,40,None,False
14130,Low-Activity / Long-Recency,DORMANT,United Kingdom,4,1858.77,319,464.6925,0.0,0.0,0.0,0.0,189,None,False
14131,Unsegmented (Insufficient History),DORMANT,United Kingdom,1,168.22,648,168.22,0.0,0.0,0.0,0.0,45,None,True
14132,High-Value Stable,ENGAGED,United Kingdom,11,3586.03,2,326.0027,2033.57,1245.6,0.6326,0.5,100,POSITIVE_MOMENTUM,False
14133,Low-Activity / Long-Recency,DORMANT,United Kingdom,4,911.14,129,227.785,0.0,287.64,-1.0,-1.0,33,None,False
14134,High-Value Stable,DORMANT,United Kingdom,15,11123.35,382,741.5567,0.0,0.0,0.0,0.0,130,HISTORICAL_VALUE_DORMANT,False
14135,High-Value Stable,ENGAGED,United Kingdom,24,8839.67,1,368.3196,1499.99,748.86,1.003,4.0,138,POSITIVE_MOMENTUM,False
14136,Low-Activity / Long-Recency,DORMANT,United Kingdom,5,1570.81,400,314.162,0.0,0.0,0.0,0.0,86,None,False
14137,Unsegmented (Insufficient History),DORMANT,United Kingdom,1,332.7,695,332.7,0.0,0.0,0.0,0.0,11,None,True
14138,Unsegmented (Insufficient History),EMERGING,United Kingdom,2,965.88,1,482.94,965.88,0.0,1.0,1.0,40,EMERGING_BROADENING,True
14139,Emerging Engagement,ENGAGED,United Kingdom,4,1086.8,46,271.7,415.82,0.0,1.0,1.0,48,POSITIVE_MOMENTUM,False
14140,Unsegmented (Insufficient History),EMERGING,United Kingdom,2,935.05,3,467.525,935.05,0.0,1.0,1.0,60,EMERGING_BROADENING,True
14141,Emerging Engagement,ENGAGED,United Kingdom,4,915.13,2,228.7825,629.97,285.16,1.2092,2.0,27,POSITIVE_MOMENTUM,False
14142,Low-Activity / Long-Recency,DORMANT,United Kingdom,2,671.34,373,335.67,0.0,0.0,0.0,0.0,42,None,False
14143,Unsegmented (Insufficient History),DORMANT,United Kingdom,1,115.8,133,115.8,0.0,115.8,-1.0,-1.0,7,None,True
14144,Unsegmented (Insufficient History),DORMANT,United Kingdom,1,30.6,486,30.6,0.0,0.0,0.0,0.0,1,None,True
14145,Low-Activity / Long-Recency,SOFTENING,United Kingdom,7,7600.05,46,1085.7214,891.0,1722.6,-0.4828,-0.5,11,HIGH_VALUE_SOFTENING,False
14146,High-Value Stable,SOFTENING,United Kingdom,12,9450.3,8,787.525,2287.27,0.0,1.0,1.0,337,POSITIVE_MOMENTUM,False
14147,Emerging Engagement,SOFTENING,United Kingdom,9,2590.2,78,287.8,300.6,0.0,1.0,1.0,24,POSITIVE_MOMENTUM,False
14148,Low-Activity / Long-Recency,DORMANT,United Kingdom,2,466.29,233,233.145,0.0,0.0,0.0,0.0,15,None,False
14149,Unsegmented (Insufficient History),DORMANT,United Kingdom,1,446.62,220,446.62,0.0,0.0,0.0,0.0,28,None,True
14150,Emerging Engagement,ENGAGED,United Kingdom,2,658.64,35,329.32,352.46,0.0,1.0,1.0,23,POSITIVE_MOMENTUM,False
14151,Low-Activity / Long-Recency,DORMANT,United Kingdom,2,679.45,673,339.725,0.0,0.0,0.0,0.0,44,None,False
14152,Emerging Engagement,SOFTENING,United Kingdom,7,1997.34,75,285.3343,306.78,0.0,1.0,1.0,104,POSITIVE_MOMENTUM,False
14153,Unsegmented (Insufficient History),DORMANT,United Kingdom,1,233.4,483,233.4,0.0,0.0,0.0,0.0,17,None,True
14154,High-Value Stable,DORMANT,United Kingdom,8,6460.7,239,807.5875,0.0,0.0,0.0,0.0,236,HISTORICAL_VALUE_DORMANT,False
14155,Unsegmented (Insufficient History),DORMANT,United Kingdom,1,118.75,266,118.75,0.0,0.0,0.0,0.0,6,None,True
14156,High-Value Stable,SOFTENING,EIRE,156,313437.62,9,2009.2155,18521.29,53838.44,-0.656,-0.4348,1446,HIGH_VALUE_SOFTENING,False
14157,Emerging Engagement,ENGAGED,United Kingdom,5,978.69,19,195.738,155.71,0.0,1.0,1.0,75,POSITIVE_MOMENTUM,False
14158,Unsegmented (Insufficient History),EMERGING,United Kingdom,1,507.66,40,507.66,507.66,0.0,1.0,1.0,41,EMERGING_BROADENING,True
14159,High-Value Stable,SOFTENING,United Kingdom,20,7860.8,19,393.04,1897.62,1631.6,0.163,0.0,706,None,False
14160,Low-Activity / Long-Recency,DORMANT,United Kingdom,7,8421.47,610,1203.0671,0.0,0.0,0.0,0.0,80,HISTORICAL_VALUE_DORMANT,False
14161,High-Value Stable,DORMANT,United Kingdom,7,2996.93,215,428.1329,0.0,0.0,0.0,0.0,202,HISTORICAL_VALUE_DORMANT,False
14162,Low-Activity / Long-Recency,DORMANT,United Kingdom,2,289.36,173,144.68,0.0,111.68,-1.0,-1.0,25,None,False
14163,Low-Activity / Long-Recency,SOFTENING,United Kingdom,5,2594.62,87,518.924,786.52,909.6,-0.1353,0.0,42,None,False
14164,Unsegmented (Insufficient History),SOFTENING,United Kingdom,2,1631.77,70,815.885,1631.77,0.0,1.0,1.0,28,POSITIVE_MOMENTUM,True
14165,Unsegmented (Insufficient History),DORMANT,United Kingdom,1,120.44,275,120.44,0.0,0.0,0.0,0.0,23,None,True
14166,Low-Activity / Long-Recency,DORMANT,United Kingdom,2,251.15,505,125.575,0.0,0.0,0.0,0.0,39,None,False
14167,Low-Activity / Long-Recency,ENGAGED,United Kingdom,8,1274.29,39,159.2862,172.74,130.85,0.3201,0.0,48,HIGH_FREQUENCY_LOW_VALUE,False
14168,Low-Activity / Long-Recency,DORMANT,United Kingdom,2,370.45,420,185.225,0.0,0.0,0.0,0.0,11,None,False
14169,Low-Activity / Long-Recency,DORMANT,United Kingdom,2,621.51,430,310.755,0.0,0.0,0.0,0.0,50,None,False
14170,Low-Activity / Long-Recency,DORMANT,United Kingdom,3,570.18,375,190.06,0.0,0.0,0.0,0.0,123,None,False
14171,Low-Activity / Long-Recency,SOFTENING,United Kingdom,2,498.79,98,249.395,0.0,363.79,-1.0,-1.0,61,None,False
14172,Low-Activity / Long-Recency,DORMANT,United Kingdom,3,369.02,605,123.0067,0.0,0.0,0.0,0.0,38,None,False
14173,Emerging Engagement,ENGAGED,United Kingdom,6,586.0,10,97.6667,336.8,0.0,1.0,1.0,30,POSITIVE_MOMENTUM,False
14174,Unsegmented (Insufficient History),EMERGING,United Kingdom,1,134.46,33,134.46,134.46,0.0,1.0,1.0,26,EMERGING_BROADENING,True
14175,High-Value Stable,ENGAGED,United Kingdom,8,7678.88,59,959.86,2016.31,883.41,1.2824,0.0,237,None,False
14176,Low-Activity / Long-Recency,DORMANT,United Kingdom,5,756.46,297,151.292,0.0,0.0,0.0,0.0,33,None,False
14177,High-Value Stable,SOFTENING,United Kingdom,13,2209.69,86,169.9762,250.0,299.46,-0.1652,-0.6667,141,BROAD_ENGAGEMENT_SOFTENING,False
14178,Emerging Engagement,ENGAGED,United Kingdom,7,1600.26,8,228.6086,1122.97,279.92,3.0118,1.0,191,POSITIVE_MOMENTUM,False
14179,Unsegmented (Insufficient History),EMERGING,United Kingdom,2,701.57,40,350.785,701.57,0.0,1.0,1.0,135,EMERGING_BROADENING,True
14180,High-Value Stable,SOFTENING,United Kingdom,33,6117.5,10,185.3788,489.6,825.3,-0.4068,-0.5,125,BROAD_ENGAGEMENT_SOFTENING,False
14181,Low-Activity / Long-Recency,DORMANT,United Kingdom,2,308.35,410,154.175,0.0,0.0,0.0,0.0,48,None,False
14182,Low-Activity / Long-Recency,DORMANT,United Kingdom,4,678.77,443,169.6925,0.0,0.0,0.0,0.0,42,None,False
14183,Low-Activity / Long-Recency,DORMANT,United Kingdom,2,278.34,411,139.17,0.0,0.0,0.0,0.0,27,None,False
14184,Unsegmented (Insufficient History),EMERGING,United Kingdom,1,452.89,66,452.89,452.89,0.0,1.0,1.0,24,EMERGING_BROADENING,True
14185,Unsegmented (Insufficient History),DORMANT,United Kingdom,1,197.65,331,197.65,0.0,0.0,0.0,0.0,3,None,True
14186,Low-Activity / Long-Recency,DORMANT,United Kingdom,5,1550.63,427,310.126,0.0,0.0,0.0,0.0,75,None,False
14187,Unsegmented (Insufficient History),DORMANT,United Kingdom,1,123.5,473,123.5,0.0,0.0,0.0,0.0,8,None,True
14188,Low-Activity / Long-Recency,SOFTENING,United Kingdom,6,2054.36,30,342.3933,670.9,622.56,0.0776,0.0,34,None,False
14189,High-Value Stable,ENGAGED,United Kingdom,16,5503.15,2,343.9469,1386.16,1111.85,0.2467,0.3333,199,None,False
14190,Unsegmented (Insufficient History),DORMANT,United Kingdom,1,79.9,666,79.9,0.0,0.0,0.0,0.0,1,None,True
14191,High-Value Stable,ENGAGED,United Kingdom,15,4817.66,1,321.1773,2426.5,1471.56,0.6489,0.5,147,POSITIVE_MOMENTUM,False
14192,Unsegmented (Insufficient History),DORMANT,United Kingdom,1,293.74,388,293.74,0.0,0.0,0.0,0.0,14,None,True
14193,Emerging Engagement,ENGAGED,United Kingdom,3,1210.19,67,403.3967,430.85,0.0,1.0,1.0,49,POSITIVE_MOMENTUM,False
14194,High-Value Stable,ENGAGED,United Kingdom,36,18670.59,4,518.6275,5683.07,2258.58,1.5162,0.8,432,POSITIVE_MOMENTUM,False
14195,Low-Activity / Long-Recency,DORMANT,United Kingdom,6,2615.6,201,435.9333,0.0,0.0,0.0,0.0,10,None,False
14196,Unsegmented (Insufficient History),DORMANT,United Kingdom,1,335.52,106,335.52,0.0,335.52,-1.0,-1.0,6,None,True
14197,Unsegmented (Insufficient History),DORMANT,United Kingdom,1,390.05,410,390.05,0.0,0.0,0.0,0.0,20,None,True
14198,Emerging Engagement,SOFTENING,United Kingdom,9,1569.73,18,174.4144,344.45,173.65,0.9836,1.0,58,POSITIVE_MOMENTUM,False
14199,Low-Activity / Long-Recency,DORMANT,United Kingdom,4,1091.7,218,272.925,0.0,0.0,0.0,0.0,15,None,False
14200,Unsegmented (Insufficient History),DORMANT,United Kingdom,1,379.2,617,379.2,0.0,0.0,0.0,0.0,21,None,True
14201,Emerging Engagement,SOFTENING,United Kingdom,10,1193.54,60,119.354,226.2,110.14,1.0537,1.0,47,HIGH_FREQUENCY_LOW_VALUE,False
14202,Low-Activity / Long-Recency,DORMANT,United Kingdom,3,847.76,381,282.5867,0.0,0.0,0.0,0.0,27,None,False
14203,Unsegmented (Insufficient History),DORMANT,United Kingdom,1,339.34,397,339.34,0.0,0.0,0.0,0.0,16,None,True
14204,Emerging Engagement,REACTIVATED,United Kingdom,4,1024.83,2,256.2075,150.61,0.0,1.0,1.0,186,POSITIVE_MOMENTUM,False
14205,Emerging Engagement,ENGAGED,United Kingdom,9,2414.2,16,268.2444,243.8,0.0,1.0,1.0,79,POSITIVE_MOMENTUM,False
14206,Low-Activity / Long-Recency,DORMANT,United Kingdom,3,1185.01,239,395.0033,0.0,0.0,0.0,0.0,62,None,False
14207,Unsegmented (Insufficient History),DORMANT,United Kingdom,1,157.8,687,157.8,0.0,0.0,0.0,0.0,2,None,True
14208,Low-Activity / Long-Recency,SOFTENING,United Kingdom,2,567.05,94,283.525,0.0,151.74,-1.0,-1.0,34,None,False
14209,High-Value Stable,SOFTENING,United Kingdom,15,4993.27,10,332.8847,197.1,793.18,-0.7515,-0.5,133,HIGH_VALUE_SOFTENING,False
14210,High-Value Stable,DORMANT,United Kingdom,16,5556.57,105,347.2856,0.0,306.19,-1.0,-1.0,143,HIGH_VALUE_SOFTENING,False
14211,Emerging Engagement,ENGAGED,United Kingdom,18,4402.29,53,244.5717,1111.17,220.04,4.0499,2.0,155,POSITIVE_MOMENTUM,False
14212,Emerging Engagement,SOFTENING,United Kingdom,2,2190.14,89,1095.07,1070.48,0.0,1.0,1.0,18,POSITIVE_MOMENTUM,False
14213,Unsegmented (Insufficient History),DORMANT,United Kingdom,1,1192.2,404,1192.2,0.0,0.0,0.0,0.0,5,None,True
14214,Low-Activity / Long-Recency,ENGAGED,United Kingdom,5,1004.38,30,200.876,105.22,260.51,-0.5961,0.0,64,None,False
14215,High-Value Stable,ENGAGED,United Kingdom,9,3250.33,11,361.1478,691.45,0.0,1.0,1.0,167,POSITIVE_MOMENTUM,False
14216,Emerging Engagement,ENGAGED,United Kingdom,5,2150.04,3,430.008,1839.3,0.0,1.0,1.0,65,POSITIVE_MOMENTUM,False
14217,Emerging Engagement,ENGAGED,United Kingdom,23,3298.59,1,143.417,793.48,222.25,2.5702,2.5,122,POSITIVE_MOMENTUM,False
14218,Unsegmented (Insufficient History),EMERGING,United Kingdom,1,169.48,42,169.48,169.48,0.0,1.0,1.0,12,EMERGING_BROADENING,True
14219,Emerging Engagement,REACTIVATED,United Kingdom,3,633.83,4,211.2767,89.94,0.0,1.0,1.0,39,POSITIVE_MOMENTUM,False
14220,Low-Activity / Long-Recency,DORMANT,United Kingdom,4,1515.0,247,378.75,0.0,0.0,0.0,0.0,26,None,False
14221,High-Value Stable,SOFTENING,United Kingdom,17,6517.49,42,383.3818,815.79,963.18,-0.153,-0.3333,166,BROAD_ENGAGEMENT_SOFTENING,False
14222,Unsegmented (Insufficient History),DORMANT,United Kingdom,1,683.17,177,683.17,0.0,683.17,-1.0,-1.0,41,None,True
14223,Low-Activity / Long-Recency,SOFTENING,United Kingdom,3,991.13,92,330.3767,0.0,686.23,-1.0,-1.0,50,None,False
14224,High-Value Stable,DORMANT,United Kingdom,9,1841.71,110,204.6344,0.0,517.66,-1.0,-1.0,189,BROAD_ENGAGEMENT_SOFTENING,False
14225,Low-Activity / Long-Recency,DORMANT,United Kingdom,4,2031.07,434,507.7675,0.0,0.0,0.0,0.0,70,None,False
14226,Emerging Engagement,ENGAGED,United Kingdom,6,2985.13,28,497.5217,522.79,0.0,1.0,1.0,89,POSITIVE_MOMENTUM,False
14227,High-Value Stable,SOFTENING,United Kingdom,15,6368.71,26,424.5807,951.44,0.0,1.0,1.0,246,POSITIVE_MOMENTUM,False
14228,Low-Activity / Long-Recency,DORMANT,United Kingdom,3,745.5,437,248.5,0.0,0.0,0.0,0.0,38,None,False
14229,Emerging Engagement,ENGAGED,United Kingdom,7,2594.04,51,370.5771,785.07,0.0,1.0,1.0,41,POSITIVE_MOMENTUM,False
14230,Low-Activity / Long-Recency,DORMANT,United Kingdom,3,979.8,435,326.6,0.0,0.0,0.0,0.0,27,None,False
14231,Low-Activity / Long-Recency,DORMANT,United Kingdom,4,1235.62,183,308.905,0.0,0.0,0.0,0.0,66,None,False
14232,Low-Activity / Long-Recency,SOFTENING,United Kingdom,5,2048.07,42,409.614,474.74,569.36,-0.1662,-0.5,81,None,False
14233,Emerging Engagement,ENGAGED,United Kingdom,7,2904.27,49,414.8957,503.62,0.0,1.0,1.0,42,POSITIVE_MOMENTUM,False
14234,Unsegmented (Insufficient History),EMERGING,United Kingdom,4,754.12,22,188.53,754.12,0.0,1.0,1.0,122,EMERGING_BROADENING,True
14235,High-Value Stable,SOFTENING,United Kingdom,9,4717.99,75,524.2211,342.0,1538.31,-0.7777,-0.5,107,HIGH_VALUE_SOFTENING,False
14236,Emerging Engagement,SOFTENING,United Kingdom,5,1555.34,80,311.068,301.56,0.0,1.0,1.0,39,POSITIVE_MOMENTUM,False
14237,Low-Activity / Long-Recency,DORMANT,United Kingdom,2,471.14,373,235.57,0.0,0.0,0.0,0.0,26,None,False
14238,Low-Activity / Long-Recency,DORMANT,United Kingdom,3,434.23,326,144.7433,0.0,0.0,0.0,0.0,13,None,False
14239,High-Value Stable,SOFTENING,United Kingdom,21,4263.17,43,203.0081,499.96,585.85,-0.1466,-0.3333,97,HIGH_FREQUENCY_LOW_VALUE,False
14240,Emerging Engagement,ENGAGED,United Kingdom,3,1247.49,30,415.83,663.49,0.0,1.0,1.0,46,POSITIVE_MOMENTUM,False
14241,Low-Activity / Long-Recency,DORMANT,United Kingdom,2,333.7,183,166.85,0.0,0.0,0.0,0.0,12,None,False
14242,Low-Activity / Long-Recency,DORMANT,United Kingdom,2,280.55,234,140.275,0.0,0.0,0.0,0.0,13,None,False
14243,High-Value Stable,ENGAGED,United Kingdom,17,7217.75,8,424.5735,282.82,792.88,-0.6433,-0.3333,235,HIGH_VALUE_SOFTENING,False
14244,Unsegmented (Insufficient History),DORMANT,United Kingdom,1,366.42,660,366.42,0.0,0.0,0.0,0.0,16,None,True
14245,Low-Activity / Long-Recency,DORMANT,United Kingdom,2,1693.45,219,846.725,0.0,0.0,0.0,0.0,107,None,False
14246,Low-Activity / Long-Recency,DORMANT,United Kingdom,3,1474.06,110,491.3533,0.0,1024.42,-1.0,-1.0,57,None,False
14247,Low-Activity / Long-Recency,DORMANT,United Kingdom,5,753.56,278,150.712,0.0,0.0,0.0,0.0,82,None,False
14248,Low-Activity / Long-Recency,DORMANT,United Kingdom,3,1032.95,318,344.3167,0.0,0.0,0.0,0.0,41,None,False
14249,High-Value Stable,DORMANT,United Kingdom,12,5400.461,410,450.0384,0.0,0.0,0.0,0.0,178,HISTORICAL_VALUE_DORMANT,False
14250,Unsegmented (Insufficient History),ENGAGED,United Kingdom,3,1904.05,7,634.6833,1904.05,0.0,1.0,1.0,94,POSITIVE_MOMENTUM,True
14251,Unsegmented (Insufficient History),EMERGING,United Kingdom,5,2879.7,1,575.94,2879.7,0.0,1.0,1.0,37,EMERGING_BROADENING,True
14252,Unsegmented (Insufficient History),DORMANT,United Kingdom,1,350.99,381,350.99,0.0,0.0,0.0,0.0,10,None,True
14253,Low-Activity / Long-Recency,DORMANT,United Kingdom,2,363.4,493,181.7,0.0,0.0,0.0,0.0,11,None,False
14254,Unsegmented (Insufficient History),DORMANT,United Kingdom,1,601.03,432,601.03,0.0,0.0,0.0,0.0,23,None,True
14255,Unsegmented (Insufficient History),DORMANT,United Kingdom,1,1000.63,546,1000.63,0.0,0.0,0.0,0.0,1,None,True
14256,Low-Activity / Long-Recency,DORMANT,United Kingdom,5,2460.79,260,492.158,0.0,0.0,0.0,0.0,100,None,False
14257,High-Value Stable,SOFTENING,United Kingdom,9,5954.45,64,661.6056,373.88,1695.25,-0.7795,-0.5,167,HIGH_VALUE_SOFTENING,False
14258,High-Value Stable,SOFTENING,United Kingdom,25,32051.34,9,1282.0536,3283.66,1778.5,0.8463,1.0,97,POSITIVE_MOMENTUM,False
14259,Unsegmented (Insufficient History),DORMANT,United Kingdom,1,120.0,141,120.0,0.0,120.0,-1.0,-1.0,5,None,True
14260,Low-Activity / Long-Recency,DORMANT,United Kingdom,3,824.28,471,274.76,0.0,0.0,0.0,0.0,50,None,False
14261,Unsegmented (Insufficient History),ENGAGED,United Kingdom,2,1163.45,50,581.725,1163.45,0.0,1.0,1.0,52,POSITIVE_MOMENTUM,True
14262,Emerging Engagement,ENGAGED,United Kingdom,8,2618.23,8,327.2787,1763.23,615.0,1.867,1.5,87,POSITIVE_MOMENTUM,False
14263,Unsegmented (Insufficient History),DORMANT,United Kingdom,1,322.93,423,322.93,0.0,0.0,0.0,0.0,16,None,True
14264,Low-Activity / Long-Recency,DORMANT,United Kingdom,6,1517.36,154,252.8933,0.0,218.27,-1.0,-1.0,59,None,False
14265,Low-Activity / Long-Recency,DORMANT,Unspecified,4,1373.35,109,343.3375,0.0,530.18,-1.0,-1.0,74,None,False
14266,Unsegmented (Insufficient History),DORMANT,United Kingdom,1,40.56,428,40.56,0.0,0.0,0.0,0.0,1,None,True
14267,Low-Activity / Long-Recency,DORMANT,United Kingdom,3,1516.24,162,505.4133,0.0,679.88,-1.0,-1.0,25,None,False
14268,Unsegmented (Insufficient History),DORMANT,United Kingdom,1,354.85,470,354.85,0.0,0.0,0.0,0.0,19,None,True
14269,Unsegmented (Insufficient History),DORMANT,United Kingdom,1,295.73,439,295.73,0.0,0.0,0.0,0.0,16,None,True
14270,Unsegmented (Insufficient History),DORMANT,United Kingdom,1,492.65,331,492.65,0.0,0.0,0.0,0.0,29,None,True
14271,Low-Activity / Long-Recency,DORMANT,United Kingdom,2,214.18,225,107.09,0.0,0.0,0.0,0.0,38,None,False
14272,Emerging Engagement,SOFTENING,United Kingdom,4,920.81,73,230.2025,305.87,0.0,1.0,1.0,62,POSITIVE_MOMENTUM,False
14273,Low-Activity / Long-Recency,ENGAGED,United Kingdom,4,559.97,51,139.9925,109.92,231.35,-0.5249,0.0,22,None,False
14274,Unsegmented (Insufficient History),DORMANT,United Kingdom,1,256.6,686,256.6,0.0,0.0,0.0,0.0,15,None,True
14275,Low-Activity / Long-Recency,DORMANT,United Kingdom,6,1189.38,395,198.23,0.0,0.0,0.0,0.0,14,None,False
14276,Low-Activity / Long-Recency,SOFTENING,United Kingdom,7,2102.68,98,300.3829,0.0,399.34,-1.0,-1.0,75,None,False
14277,High-Value Stable,ENGAGED,France,9,17197.61,15,1910.8456,2558.97,0.0,1.0,1.0,334,POSITIVE_MOMENTUM,False
14278,Unsegmented (Insufficient History),DORMANT,United Kingdom,1,205.83,409,205.83,0.0,0.0,0.0,0.0,13,None,True
14279,Low-Activity / Long-Recency,DORMANT,United Kingdom,2,191.86,520,95.93,0.0,0.0,0.0,0.0,3,None,False
14280,Unsegmented (Insufficient History),DORMANT,United Kingdom,1,134.04,196,134.04,0.0,0.0,0.0,0.0,8,None,True
14281,Unsegmented (Insufficient History),DORMANT,United Kingdom,1,245.15,408,245.15,0.0,0.0,0.0,0.0,7,None,True
14282,High-Value Stable,ENGAGED,United Kingdom,25,7250.76,3,290.0304,1233.9,686.26,0.798,0.5,100,POSITIVE_MOMENTUM,False
14283,Low-Activity / Long-Recency,DORMANT,United Kingdom,4,628.44,463,157.11,0.0,0.0,0.0,0.0,36,None,False
14284,Emerging Engagement,ENGAGED,United Kingdom,3,1299.65,30,433.2167,595.25,0.0,1.0,1.0,59,POSITIVE_MOMENTUM,False
14285,Emerging Engagement,ENGAGED,United Kingdom,8,3284.42,21,410.5525,1904.11,5.9,321.7305,2.0,48,POSITIVE_MOMENTUM,False
14286,High-Value Stable,ENGAGED,United Kingdom,7,8479.76,23,1211.3943,2578.67,0.0,1.0,1.0,270,POSITIVE_MOMENTUM,False
14287,Emerging Engagement,REACTIVATED,United Kingdom,3,176.63,8,58.8767,93.35,0.0,1.0,1.0,9,POSITIVE_MOMENTUM,False
14288,Unsegmented (Insufficient History),DORMANT,United Kingdom,1,426.6,213,426.6,0.0,0.0,0.0,0.0,16,None,True
14289,Low-Activity / Long-Recency,REACTIVATED,United Kingdom,6,911.26,8,151.8767,78.48,238.56,-0.671,-0.5,33,None,False
14290,High-Value Stable,ENGAGED,United Kingdom,8,4516.56,11,564.57,1537.09,0.0,1.0,1.0,120,POSITIVE_MOMENTUM,False
14291,High-Value Stable,ENGAGED,United Kingdom,23,7904.1,1,343.6565,1527.71,742.08,1.0587,0.0,241,None,False
14292,High-Value Stable,ENGAGED,United Kingdom,16,9226.25,7,576.6406,2281.72,1465.0,0.5575,1.5,120,POSITIVE_MOMENTUM,False
14293,High-Value Stable,REACTIVATED,United Kingdom,9,2903.01,3,322.5567,307.15,231.39,0.3274,0.0,88,None,False
14294,Unsegmented (Insufficient History),DORMANT,United Kingdom,1,375.34,407,375.34,0.0,0.0,0.0,0.0,23,None,True
14295,Emerging Engagement,ENGAGED,United Kingdom,5,2362.91,40,472.582,166.2,0.0,1.0,1.0,66,POSITIVE_MOMENTUM,False
14296,Low-Activity / Long-Recency,DORMANT,United Kingdom,2,456.4,421,228.2,0.0,0.0,0.0,0.0,27,None,False
14297,Emerging Engagement,ENGAGED,United Kingdom,4,1305.33,17,326.3325,1072.73,0.0,1.0,1.0,48,POSITIVE_MOMENTUM,False
14298,High-Value Stable,SOFTENING,United Kingdom,82,91194.49,8,1112.1279,10344.79,10688.52,-0.0322,0.0,1370,None,False
14299,High-Value Stable,ENGAGED,United Kingdom,27,14070.25,8,521.1204,1528.48,871.2,0.7545,3.0,164,POSITIVE_MOMENTUM,False
14300,Unsegmented (Insufficient History),EMERGING,United Kingdom,1,43.2,18,43.2,43.2,0.0,1.0,1.0,3,EMERGING_BROADENING,True
14301,Low-Activity / Long-Recency,DORMANT,United Kingdom,4,1992.18,117,498.045,0.0,640.14,-1.0,-1.0,37,None,False
14302,Low-Activity / Long-Recency,DORMANT,United Kingdom,3,742.9,430,247.6333,0.0,0.0,0.0,0.0,25,None,False
14303,Low-Activity / Long-Recency,DORMANT,United Kingdom,2,277.94,407,138.97,0.0,0.0,0.0,0.0,21,None,False
14304,Low-Activity / Long-Recency,DORMANT,United Kingdom,3,1725.01,222,575.0033,0.0,0.0,0.0,0.0,69,None,False
14305,Low-Activity / Long-Recency,SOFTENING,United Kingdom,3,1858.96,71,619.6533,810.51,1048.45,-0.2269,-0.5,96,BROAD_ENGAGEMENT_SOFTENING,False
14306,Emerging Engagement,ENGAGED,United Kingdom,6,3151.4,51,525.2333,2093.32,0.0,1.0,1.0,43,POSITIVE_MOMENTUM,False
14307,High-Value Stable,SOFTENING,United Kingdom,10,4287.92,88,428.792,687.83,612.91,0.1222,1.0,205,None,False
14308,Low-Activity / Long-Recency,DORMANT,United Kingdom,2,1147.02,549,573.51,0.0,0.0,0.0,0.0,1,None,False
14309,High-Value Stable,ENGAGED,United Kingdom,11,3780.81,8,343.71,718.83,501.14,0.4344,0.0,125,None,False
14310,Unsegmented (Insufficient History),DORMANT,United Kingdom,1,492.1,432,492.1,0.0,0.0,0.0,0.0,22,None,True
14311,Low-Activity / Long-Recency,DORMANT,United Kingdom,2,516.45,242,258.225,0.0,0.0,0.0,0.0,31,None,False
14312,High-Value Stable,ENGAGED,United Kingdom,11,3090.29,46,280.9355,564.4,192.6,1.9304,0.0,148,None,False
14314,Low-Activity / Long-Recency,DORMANT,United Kingdom,2,229.8,106,114.9,0.0,120.0,-1.0,-1.0,10,None,False
14315,High-Value Stable,SOFTENING,United Kingdom,8,3197.82,44,399.7275,930.98,693.95,0.3416,-0.6667,83,None,False
14316,Low-Activity / Long-Recency,DORMANT,United Kingdom,5,1370.34,422,274.068,0.0,0.0,0.0,0.0,21,None,False
14317,Unsegmented (Insufficient History),EMERGING,United Kingdom,1,508.58,64,508.58,508.58,0.0,1.0,1.0,24,EMERGING_BROADENING,True
14318,Unsegmented (Insufficient History),DORMANT,United Kingdom,1,158.02,460,158.02,0.0,0.0,0.0,0.0,9,None,True
14319,Unsegmented (Insufficient History),DORMANT,United Kingdom,1,494.85,424,494.85,0.0,0.0,0.0,0.0,26,None,True
14320,Low-Activity / Long-Recency,DORMANT,United Kingdom,5,1346.75,206,269.35,0.0,0.0,0.0,0.0,68,None,False
14321,High-Value Stable,SOFTENING,United Kingdom,7,2218.06,10,316.8657,630.1,573.83,0.0981,0.0,162,None,False
14322,Low-Activity / Long-Recency,DORMANT,United Kingdom,4,474.1,429,118.525,0.0,0.0,0.0,0.0,10,None,False
14323,Low-Activity / Long-Recency,DORMANT,United Kingdom,2,605.06,114,302.53,0.0,305.24,-1.0,-1.0,32,None,False
14324,Low-Activity / Long-Recency,DORMANT,United Kingdom,2,701.61,409,350.805,0.0,0.0,0.0,0.0,41,None,False
14325,Unsegmented (Insufficient History),DORMANT,United Kingdom,1,245.48,569,245.48,0.0,0.0,0.0,0.0,18,None,True
14326,Low-Activity / Long-Recency,DORMANT,United Kingdom,3,940.98,242,313.66,0.0,0.0,0.0,0.0,54,None,False
14327,Low-Activity / Long-Recency,DORMANT,United Kingdom,6,1894.93,163,315.8217,0.0,311.65,-1.0,-1.0,99,BROAD_ENGAGEMENT_SOFTENING,False
14328,Unsegmented (Insufficient History),DORMANT,United Kingdom,1,445.05,438,445.05,0.0,0.0,0.0,0.0,1,None,True
14329,High-Value Stable,ENGAGED,United Kingdom,15,9887.62,17,659.1747,1490.21,1359.43,0.0962,0.5,349,None,False
14330,Unsegmented (Insufficient History),DORMANT,United Kingdom,1,200.63,623,200.63,0.0,0.0,0.0,0.0,13,None,True
14331,Low-Activity / Long-Recency,DORMANT,United Kingdom,2,462.66,124,231.33,0.0,462.66,-1.0,-1.0,27,None,False
14332,Emerging Engagement,ENGAGED,United Kingdom,5,1917.41,22,383.482,721.17,119.04,5.0582,1.0,47,POSITIVE_MOMENTUM,False
14333,Unsegmented (Insufficient History),EMERGING,United Kingdom,1,415.2,67,415.2,415.2,0.0,1.0,1.0,15,EMERGING_BROADENING,True
14334,High-Value Stable,SOFTENING,United Kingdom,12,4318.48,16,359.8733,223.5,650.48,-0.6564,-0.5,148,HIGH_VALUE_SOFTENING,False
14335,Low-Activity / Long-Recency,ENGAGED,Germany,2,454.86,16,227.43,107.36,347.5,-0.6911,0.0,55,None,False
14336,Emerging Engagement,ENGAGED,United Kingdom,4,1614.91,16,403.7275,500.52,0.0,1.0,1.0,77,POSITIVE_MOMENTUM,False
14338,Low-Activity / Long-Recency,DORMANT,United Kingdom,3,928.1,161,309.3667,0.0,8.25,-1.0,-1.0,43,None,False
14339,Low-Activity / Long-Recency,DORMANT,United Kingdom,2,620.27,242,310.135,0.0,0.0,0.0,0.0,21,None,False
14340,Unsegmented (Insufficient History),DORMANT,United Kingdom,1,134.7,218,134.7,0.0,0.0,0.0,0.0,6,None,True
14341,High-Value Stable,ENGAGED,United Kingdom,18,4452.02,45,247.3344,1027.46,436.37,1.3546,0.0,185,None,False
14342,Emerging Engagement,ENGAGED,United Kingdom,6,918.44,21,153.0733,248.82,110.14,1.2591,1.0,27,POSITIVE_MOMENTUM,False
14343,Low-Activity / Long-Recency,DORMANT,United Kingdom,4,1079.66,421,269.915,0.0,0.0,0.0,0.0,193,None,False
14344,High-Value Stable,DORMANT,United Kingdom,20,2993.05,127,149.6525,0.0,244.05,-1.0,-1.0,140,HIGH_VALUE_SOFTENING,False
14345,Unsegmented (Insufficient History),EMERGING,United Kingdom,1,108.98,38,108.98,108.98,0.0,1.0,1.0,6,EMERGING_BROADENING,True
14346,Low-Activity / Long-Recency,DORMANT,United Kingdom,5,2315.75,120,463.15,0.0,759.14,-1.0,-1.0,123,BROAD_ENGAGEMENT_SOFTENING,False
14347,Unsegmented (Insufficient History),DORMANT,United Kingdom,1,82.6,736,82.6,0.0,0.0,0.0,0.0,6,None,True
14348,Unsegmented (Insufficient History),DORMANT,United Kingdom,1,409.57,260,409.57,0.0,0.0,0.0,0.0,18,None,True
14349,Unsegmented (Insufficient History),EMERGING,United Kingdom,1,133.5,10,133.5,133.5,0.0,1.0,1.0,31,EMERGING_BROADENING,True
14350,Low-Activity / Long-Recency,DORMANT,United Kingdom,3,972.03,274,324.01,0.0,0.0,0.0,0.0,55,None,False
14351,Unsegmented (Insufficient History),DORMANT,United Kingdom,1,51.0,164,51.0,0.0,51.0,-1.0,-1.0,1,None,True
14352,Low-Activity / Long-Recency,DORMANT,United Kingdom,4,1078.96,157,269.74,0.0,233.64,-1.0,-1.0,44,None,False
14353,Low-Activity / Long-Recency,DORMANT,United Kingdom,3,376.5,215,125.5,0.0,0.0,0.0,0.0,18,None,False
14354,Unsegmented (Insufficient History),EMERGING,United Kingdom,2,163.62,5,81.81,163.62,0.0,1.0,1.0,9,EMERGING_BROADENING,True
14355,Low-Activity / Long-Recency,DORMANT,United Kingdom,3,840.05,365,280.0167,0.0,0.0,0.0,0.0,57,None,False
14356,Unsegmented (Insufficient History),SOFTENING,United Kingdom,2,701.23,79,350.615,701.23,0.0,1.0,1.0,33,POSITIVE_MOMENTUM,True
14357,Unsegmented (Insufficient History),EMERGING,United Kingdom,1,225.12,43,225.12,225.12,0.0,1.0,1.0,39,EMERGING_BROADENING,True
14358,Low-Activity / Long-Recency,DORMANT,United Kingdom,2,400.06,389,200.03,0.0,0.0,0.0,0.0,21,None,False
14359,Unsegmented (Insufficient History),ENGAGED,United Kingdom,3,912.18,19,304.06,912.18,0.0,1.0,1.0,44,POSITIVE_MOMENTUM,True
14360,Emerging Engagement,ENGAGED,United Kingdom,4,2118.03,31,529.5075,993.54,1124.49,-0.1165,2.0,104,None,False
14361,Unsegmented (Insufficient History),DORMANT,United Kingdom,1,214.71,578,214.71,0.0,0.0,0.0,0.0,14,None,True
14362,Unsegmented (Insufficient History),EMERGING,United Kingdom,1,151.5,22,151.5,151.5,0.0,1.0,1.0,37,EMERGING_BROADENING,True
14363,Low-Activity / Long-Recency,DORMANT,United Kingdom,2,227.47,402,113.735,0.0,0.0,0.0,0.0,8,None,False
14364,High-Value Stable,DORMANT,United Kingdom,8,3717.35,108,464.6688,0.0,1555.5,-1.0,-1.0,61,HIGH_VALUE_SOFTENING,False
14365,Low-Activity / Long-Recency,DORMANT,United Kingdom,2,634.68,394,317.34,0.0,0.0,0.0,0.0,50,None,False
14366,Unsegmented (Insufficient History),DORMANT,United Kingdom,1,136.0,525,136.0,0.0,0.0,0.0,0.0,1,None,True
14367,High-Value Stable,ENGAGED,United Kingdom,16,9227.82,8,576.7387,3808.12,1302.93,1.9227,2.0,270,POSITIVE_MOMENTUM,False
14368,Unsegmented (Insufficient History),DORMANT,United Kingdom,1,155.0,319,155.0,0.0,0.0,0.0,0.0,8,None,True
14369,Low-Activity / Long-Recency,DORMANT,United Kingdom,2,469.13,642,234.565,0.0,0.0,0.0,0.0,24,None,False
14370,Low-Activity / Long-Recency,DORMANT,United Kingdom,6,1175.78,450,195.9633,0.0,0.0,0.0,0.0,37,None,False
14371,Unsegmented (Insufficient History),DORMANT,United Kingdom,1,100.5,295,100.5,0.0,0.0,0.0,0.0,4,None,True
14372,Low-Activity / Long-Recency,DORMANT,United Kingdom,2,860.08,443,430.04,0.0,0.0,0.0,0.0,36,None,False
14373,Unsegmented (Insufficient History),DORMANT,United Kingdom,1,76.55,358,76.55,0.0,0.0,0.0,0.0,4,None,True
14374,Unsegmented (Insufficient History),DORMANT,United Kingdom,1,108.0,541,108.0,0.0,0.0,0.0,0.0,7,None,True
14375,Low-Activity / Long-Recency,DORMANT,United Kingdom,3,1106.82,185,368.94,0.0,0.0,0.0,0.0,176,None,False
14376,Unsegmented (Insufficient History),DORMANT,United Kingdom,1,215.46,683,215.46,0.0,0.0,0.0,0.0,17,None,True
14377,Low-Activity / Long-Recency,DORMANT,United Kingdom,2,617.05,191,308.525,0.0,0.0,0.0,0.0,11,None,False
14378,Unsegmented (Insufficient History),DORMANT,United Kingdom,1,131.25,621,131.25,0.0,0.0,0.0,0.0,9,None,True
14379,Emerging Engagement,ENGAGED,United Kingdom,4,1265.16,44,316.29,237.12,0.0,1.0,1.0,93,POSITIVE_MOMENTUM,False
14380,Unsegmented (Insufficient History),DORMANT,United Kingdom,1,48.96,682,48.96,0.0,0.0,0.0,0.0,1,None,True
14381,Emerging Engagement,ENGAGED,United Kingdom,2,625.94,52,312.97,202.68,0.0,1.0,1.0,104,POSITIVE_MOMENTUM,False
14382,Emerging Engagement,ENGAGED,United Kingdom,2,1193.63,26,596.815,615.49,0.0,1.0,1.0,227,POSITIVE_MOMENTUM,False
14383,Emerging Engagement,ENGAGED,United Kingdom,3,1247.69,38,415.8967,1005.6,242.09,3.1538,1.0,49,POSITIVE_MOMENTUM,False
14384,Unsegmented (Insufficient History),DORMANT,United Kingdom,1,58.5,500,58.5,0.0,0.0,0.0,0.0,3,None,True
14385,Unsegmented (Insufficient History),EMERGING,United Kingdom,3,202.11,9,67.37,202.11,0.0,1.0,1.0,13,EMERGING_BROADENING,True
14386,Unsegmented (Insufficient History),DORMANT,United Kingdom,1,142.4,296,142.4,0.0,0.0,0.0,0.0,7,None,True
14387,Emerging Engagement,SOFTENING,United Kingdom,3,1727.6,32,575.8667,1286.84,440.76,1.9196,1.0,125,POSITIVE_MOMENTUM,False
14388,High-Value Stable,SOFTENING,United Kingdom,16,6388.2,10,399.2625,935.07,1104.58,-0.1535,-0.3333,184,BROAD_ENGAGEMENT_SOFTENING,False
14389,Emerging Engagement,ENGAGED,United Kingdom,5,1898.01,65,379.602,732.32,0.0,1.0,1.0,48,POSITIVE_MOMENTUM,False
14390,Emerging Engagement,ENGAGED,United Kingdom,13,6150.03,10,473.0792,3051.86,556.58,4.4832,4.0,197,POSITIVE_MOMENTUM,False
14391,Unsegmented (Insufficient History),DORMANT,United Kingdom,1,135.6,576,135.6,0.0,0.0,0.0,0.0,14,None,True
14392,Unsegmented (Insufficient History),DORMANT,United Kingdom,1,266.4,432,266.4,0.0,0.0,0.0,0.0,14,None,True
14393,Unsegmented (Insufficient History),DORMANT,United Kingdom,1,67.95,218,67.95,0.0,0.0,0.0,0.0,5,None,True
14394,Unsegmented (Insufficient History),DORMANT,United Kingdom,1,93.8,564,93.8,0.0,0.0,0.0,0.0,6,None,True
14395,High-Value Stable,ENGAGED,United Kingdom,20,7801.93,2,390.0965,1527.59,326.38,3.6804,2.0,320,POSITIVE_MOMENTUM,False
14396,Emerging Engagement,ENGAGED,United Kingdom,7,1969.38,65,281.34,377.64,0.0,1.0,1.0,202,POSITIVE_MOMENTUM,False
14397,High-Value Stable,ENGAGED,United Kingdom,19,2612.96,2,137.5242,1576.84,748.88,1.1056,0.2857,18,HIGH_FREQUENCY_LOW_VALUE,False
14398,Low-Activity / Long-Recency,DORMANT,United Kingdom,2,707.79,401,353.895,0.0,0.0,0.0,0.0,50,None,False
14399,Low-Activity / Long-Recency,DORMANT,United Kingdom,8,2108.21,394,263.5263,0.0,0.0,0.0,0.0,119,None,False
14400,Low-Activity / Long-Recency,DORMANT,United Kingdom,3,1732.47,149,577.49,0.0,574.7,-1.0,-1.0,71,None,False
14401,High-Value Stable,SOFTENING,United Kingdom,22,6795.9,4,308.9045,972.1,2098.82,-0.5368,-0.5714,171,HIGH_VALUE_SOFTENING,False
14402,Unsegmented (Insufficient History),DORMANT,United Kingdom,1,285.6,652,285.6,0.0,0.0,0.0,0.0,8,None,True
14403,Low-Activity / Long-Recency,DORMANT,United Kingdom,6,1880.51,130,313.4183,0.0,499.8,-1.0,-1.0,20,None,False
14404,High-Value Stable,ENGAGED,United Kingdom,13,2724.13,33,209.5485,126.8,623.94,-0.7968,-0.5,123,BROAD_ENGAGEMENT_SOFTENING,False
14405,Unsegmented (Insufficient History),DORMANT,United Kingdom,1,195.0,386,195.0,0.0,0.0,0.0,0.0,2,None,True
14406,Unsegmented (Insufficient History),DORMANT,United Kingdom,1,156.75,119,156.75,0.0,156.75,-1.0,-1.0,8,None,True
14407,Low-Activity / Long-Recency,DORMANT,United Kingdom,6,2157.73,107,359.6217,0.0,1155.05,-1.0,-1.0,67,None,False
14408,High-Value Stable,SOFTENING,United Kingdom,11,4102.27,10,372.9336,308.22,1209.02,-0.7451,-0.6667,63,HIGH_VALUE_SOFTENING,False
14409,High-Value Stable,SOFTENING,United Kingdom,9,3427.29,71,380.81,115.72,1277.63,-0.9094,-0.5,76,HIGH_VALUE_SOFTENING,False
14410,High-Value Stable,SOFTENING,United Kingdom,11,2631.9,92,239.2636,0.0,326.27,-1.0,-1.0,307,BROAD_ENGAGEMENT_SOFTENING,False
14411,Unsegmented (Insufficient History),DORMANT,United Kingdom,1,1063.0,310,1063.0,0.0,0.0,0.0,0.0,14,None,True
14412,Emerging Engagement,ENGAGED,United Kingdom,3,1426.19,42,475.3967,770.03,0.0,1.0,1.0,75,POSITIVE_MOMENTUM,False
14413,Low-Activity / Long-Recency,DORMANT,United Kingdom,4,764.52,362,191.13,0.0,0.0,0.0,0.0,93,None,False
14414,High-Value Stable,SOFTENING,United Kingdom,8,2399.33,91,299.9162,0.0,1279.78,-1.0,-1.0,99,BROAD_ENGAGEMENT_SOFTENING,False
14415,High-Value Stable,ENGAGED,United Kingdom,23,11980.09,1,520.8735,2089.44,1040.26,1.0086,0.3333,445,POSITIVE_MOMENTUM,False
14416,Unsegmented (Insufficient History),EMERGING,United Kingdom,2,490.22,22,245.11,490.22,0.0,1.0,1.0,13,EMERGING_BROADENING,True
14417,Unsegmented (Insufficient History),DORMANT,United Kingdom,1,524.65,387,524.65,0.0,0.0,0.0,0.0,106,None,True
14418,Emerging Engagement,ENGAGED,United Kingdom,3,1937.25,3,645.75,1786.81,150.44,10.8772,1.0,114,POSITIVE_MOMENTUM,False
14419,Emerging Engagement,ENGAGED,United Kingdom,7,1254.64,10,179.2343,744.65,0.0,1.0,1.0,118,POSITIVE_MOMENTUM,False
14420,Low-Activity / Long-Recency,SOFTENING,United Kingdom,4,1639.17,99,409.7925,0.0,387.52,-1.0,-1.0,85,BROAD_ENGAGEMENT_SOFTENING,False
14421,Emerging Engagement,ENGAGED,United Kingdom,6,2469.37,57,411.5617,357.93,0.0,1.0,1.0,72,POSITIVE_MOMENTUM,False
14422,Emerging Engagement,ENGAGED,United Kingdom,19,10271.52,0,540.6063,3231.49,630.84,4.1225,3.0,317,POSITIVE_MOMENTUM,False
14423,Low-Activity / Long-Recency,DORMANT,United Kingdom,3,916.61,218,305.5367,0.0,0.0,0.0,0.0,12,None,False
14424,Unsegmented (Insufficient History),EMERGING,United Kingdom,1,322.08,17,322.08,322.08,0.0,1.0,1.0,1,EMERGING_BROADENING,True
14425,Low-Activity / Long-Recency,DORMANT,United Kingdom,3,661.39,434,220.4633,0.0,0.0,0.0,0.0,35,None,False
14426,High-Value Stable,ENGAGED,United Kingdom,17,11727.94,23,689.8788,1596.09,1390.0,0.1483,0.3333,452,None,False
14427,Emerging Engagement,ENGAGED,United Kingdom,4,1263.52,50,315.88,363.34,0.0,1.0,1.0,43,POSITIVE_MOMENTUM,False
14428,Emerging Engagement,ENGAGED,United Kingdom,5,1224.06,7,244.812,893.44,0.0,1.0,1.0,108,POSITIVE_MOMENTUM,False
14429,Unsegmented (Insufficient History),DORMANT,United Kingdom,1,516.28,403,516.28,0.0,0.0,0.0,0.0,22,None,True
14430,Low-Activity / Long-Recency,DORMANT,United Kingdom,3,1220.9,511,406.9667,0.0,0.0,0.0,0.0,29,None,False
14431,Low-Activity / Long-Recency,DORMANT,United Kingdom,4,2614.2,302,653.55,0.0,0.0,0.0,0.0,72,None,False
14432,Unsegmented (Insufficient History),ENGAGED,United Kingdom,6,2248.5,9,374.75,2248.5,0.0,1.0,1.0,256,POSITIVE_MOMENTUM,True
14433,Unsegmented (Insufficient History),DORMANT,United Kingdom,1,280.7,465,280.7,0.0,0.0,0.0,0.0,72,None,True
14434,Unsegmented (Insufficient History),ENGAGED,United Kingdom,6,1372.8,21,228.8,1372.8,0.0,1.0,1.0,3,POSITIVE_MOMENTUM,True
14435,Unsegmented (Insufficient History),DORMANT,United Kingdom,1,90.42,501,90.42,0.0,0.0,0.0,0.0,3,None,True
14436,Low-Activity / Long-Recency,SOFTENING,United Kingdom,2,271.7,98,135.85,0.0,89.06,-1.0,-1.0,11,None,False
14437,Low-Activity / Long-Recency,DORMANT,United Kingdom,5,873.34,365,174.668,0.0,0.0,0.0,0.0,34,None,False
14438,Unsegmented (Insufficient History),DORMANT,United Kingdom,1,131.9,306,131.9,0.0,0.0,0.0,0.0,9,None,True
14439,High-Value Stable,DORMANT,Greece,5,9443.04,319,1888.608,0.0,0.0,0.0,0.0,105,HISTORICAL_VALUE_DORMANT,False
14440,High-Value Stable,ENGAGED,United Kingdom,13,5982.03,8,460.1562,1171.97,0.0,1.0,1.0,63,POSITIVE_MOMENTUM,False
14441,High-Value Stable,ENGAGED,United Kingdom,11,4611.69,0,419.2445,1015.49,340.56,1.9818,1.0,103,POSITIVE_MOMENTUM,False
14442,High-Value Stable,DORMANT,Channel Islands,7,5367.02,204,766.7171,0.0,0.0,0.0,0.0,128,HISTORICAL_VALUE_DORMANT,False
14443,High-Value Stable,ENGAGED,United Kingdom,5,2082.97,53,416.594,428.68,383.12,0.1189,0.0,119,None,False
14444,Unsegmented (Insufficient History),DORMANT,United Kingdom,1,120.44,456,120.44,0.0,0.0,0.0,0.0,11,None,True
14445,Unsegmented (Insufficient History),DORMANT,United Kingdom,1,221.65,455,221.65,0.0,0.0,0.0,0.0,32,None,True
14446,Emerging Engagement,ENGAGED,United Kingdom,5,1200.28,0,240.056,707.31,0.0,1.0,1.0,259,POSITIVE_MOMENTUM,False
14447,Emerging Engagement,ENGAGED,United Kingdom,6,1711.73,18,285.2883,562.2,0.0,1.0,1.0,81,POSITIVE_MOMENTUM,False
14448,Emerging Engagement,ENGAGED,United Kingdom,2,375.35,9,187.675,273.0,0.0,1.0,1.0,20,POSITIVE_MOMENTUM,False
14449,High-Value Stable,ENGAGED,United Kingdom,8,2230.96,18,278.87,485.89,0.0,1.0,1.0,301,POSITIVE_MOMENTUM,False
14450,Low-Activity / Long-Recency,DORMANT,United Kingdom,7,1128.44,180,161.2057,0.0,0.0,0.0,0.0,47,None,False
14451,High-Value Stable,ENGAGED,United Kingdom,12,3258.68,60,271.5567,283.9,0.0,1.0,1.0,245,POSITIVE_MOMENTUM,False
14452,Low-Activity / Long-Recency,ENGAGED,United Kingdom,4,658.95,10,164.7375,131.68,127.37,0.0338,0.0,108,None,False
14453,Unsegmented (Insufficient History),DORMANT,United Kingdom,1,119.93,190,119.93,0.0,0.0,0.0,0.0,22,None,True
14454,Low-Activity / Long-Recency,DORMANT,United Kingdom,5,977.3,376,195.46,0.0,0.0,0.0,0.0,93,None,False
14455,Low-Activity / Long-Recency,DORMANT,United Kingdom,4,617.72,432,154.43,0.0,0.0,0.0,0.0,65,None,False
14456,High-Value Stable,ENGAGED,United Kingdom,9,3017.28,5,335.2533,2380.63,636.65,2.7393,1.0,580,POSITIVE_MOMENTUM,False
14457,Unsegmented (Insufficient History),DORMANT,United Kingdom,1,113.64,310,113.64,0.0,0.0,0.0,0.0,4,None,True
14458,Unsegmented (Insufficient History),DORMANT,United Kingdom,1,228.07,380,228.07,0.0,0.0,0.0,0.0,46,None,True
14459,Low-Activity / Long-Recency,DORMANT,United Kingdom,2,5375.741,155,2687.8705,0.0,1837.92,-1.0,-1.0,113,HIGH_VALUE_SOFTENING,False
14460,Low-Activity / Long-Recency,DORMANT,United Kingdom,9,1093.5,110,121.5,0.0,404.34,-1.0,-1.0,33,HIGH_FREQUENCY_LOW_VALUE,False
14461,High-Value Stable,DORMANT,United Kingdom,13,6676.91,148,513.6085,0.0,1326.83,-1.0,-1.0,515,HIGH_VALUE_SOFTENING,False
14462,High-Value Stable,SOFTENING,United Kingdom,12,2242.81,66,186.9008,469.92,393.38,0.1946,0.0,182,HIGH_FREQUENCY_LOW_VALUE,False
14463,Low-Activity / Long-Recency,SOFTENING,United Kingdom,4,786.57,98,196.6425,0.0,413.7,-1.0,-1.0,7,None,False
14464,Low-Activity / Long-Recency,DORMANT,United Kingdom,2,111.0,568,55.5,0.0,0.0,0.0,0.0,4,None,False
14465,High-Value Stable,DORMANT,United Kingdom,11,3925.85,246,356.8955,0.0,0.0,0.0,0.0,128,HISTORICAL_VALUE_DORMANT,False
14466,High-Value Stable,SOFTENING,United Kingdom,13,4267.15,29,328.2423,691.95,234.75,1.9476,1.0,77,POSITIVE_MOMENTUM,False
14467,High-Value Stable,ENGAGED,United Kingdom,12,2203.24,17,183.6033,464.56,0.0,1.0,1.0,144,POSITIVE_MOMENTUM,False
14468,Unsegmented (Insufficient History),DORMANT,United Kingdom,1,204.24,733,204.24,0.0,0.0,0.0,0.0,12,None,True
14469,Low-Activity / Long-Recency,DORMANT,United Kingdom,4,2093.46,416,523.365,0.0,0.0,0.0,0.0,120,None,False
14470,Emerging Engagement,ENGAGED,United Kingdom,3,712.04,11,237.3467,163.55,0.0,1.0,1.0,56,POSITIVE_MOMENTUM,False
14471,Low-Activity / Long-Recency,DORMANT,United Kingdom,2,400.95,591,200.475,0.0,0.0,0.0,0.0,38,None,False
14472,High-Value Stable,DORMANT,United Kingdom,9,2118.72,103,235.4133,0.0,395.46,-1.0,-1.0,173,BROAD_ENGAGEMENT_SOFTENING,False
14473,Emerging Engagement,SOFTENING,United Kingdom,2,234.34,74,117.17,149.34,0.0,1.0,1.0,7,POSITIVE_MOMENTUM,False
14474,Emerging Engagement,ENGAGED,United Kingdom,2,1258.89,46,629.445,547.66,0.0,1.0,1.0,122,POSITIVE_MOMENTUM,False
14475,Emerging Engagement,SOFTENING,United Kingdom,4,1151.15,71,287.7875,303.68,0.0,1.0,1.0,40,POSITIVE_MOMENTUM,False
14476,Unsegmented (Insufficient History),DORMANT,United Kingdom,1,193.0,257,193.0,0.0,0.0,0.0,0.0,17,None,True
14477,Emerging Engagement,ENGAGED,United Kingdom,7,1969.6,19,281.3714,786.6,0.0,1.0,1.0,7,POSITIVE_MOMENTUM,False
14478,Low-Activity / Long-Recency,DORMANT,United Kingdom,4,1276.66,382,319.165,0.0,0.0,0.0,0.0,59,None,False
14479,Low-Activity / Long-Recency,DORMANT,United Kingdom,4,1124.71,253,281.1775,0.0,0.0,0.0,0.0,127,None,False
14480,Emerging Engagement,ENGAGED,United Kingdom,4,1299.52,11,324.88,279.05,0.0,1.0,1.0,52,POSITIVE_MOMENTUM,False
14481,Low-Activity / Long-Recency,DORMANT,United Kingdom,5,2284.69,164,456.938,0.0,333.65,-1.0,-1.0,114,BROAD_ENGAGEMENT_SOFTENING,False
14482,Emerging Engagement,ENGAGED,United Kingdom,12,4306.72,18,358.8933,1556.86,227.85,5.8328,3.0,185,POSITIVE_MOMENTUM,False
14483,Low-Activity / Long-Recency,DORMANT,United Kingdom,2,257.1,281,128.55,0.0,0.0,0.0,0.0,13,None,False
14484,Emerging Engagement,ENGAGED,United Kingdom,4,1070.98,50,267.745,321.92,0.0,1.0,1.0,47,POSITIVE_MOMENTUM,False
14485,Unsegmented (Insufficient History),EMERGING,United Kingdom,1,162.8,38,162.8,162.8,0.0,1.0,1.0,44,EMERGING_BROADENING,True
14486,Low-Activity / Long-Recency,DORMANT,United Kingdom,2,175.5,511,87.75,0.0,0.0,0.0,0.0,4,None,False
14487,Emerging Engagement,SOFTENING,United Kingdom,7,1266.27,26,180.8957,1040.38,0.0,1.0,1.0,129,POSITIVE_MOMENTUM,False
14488,Unsegmented (Insufficient History),EMERGING,United Kingdom,1,1064.28,67,1064.28,1064.28,0.0,1.0,1.0,46,EMERGING_BROADENING,True
14489,Low-Activity / Long-Recency,DORMANT,United Kingdom,4,1574.93,207,393.7325,0.0,0.0,0.0,0.0,65,None,False
14490,Low-Activity / Long-Recency,DORMANT,United Kingdom,2,1273.47,406,636.735,0.0,0.0,0.0,0.0,72,None,False
14491,Low-Activity / Long-Recency,DORMANT,United Kingdom,2,340.93,175,170.465,0.0,213.73,-1.0,-1.0,17,None,False
14492,Low-Activity / Long-Recency,DORMANT,United Kingdom,7,1921.91,430,274.5586,0.0,0.0,0.0,0.0,70,None,False
14493,Emerging Engagement,ENGAGED,United Kingdom,10,5087.86,7,508.786,1772.02,611.22,1.8992,3.0,292,POSITIVE_MOMENTUM,False
14494,Emerging Engagement,ENGAGED,United Kingdom,3,401.46,25,133.82,139.56,0.0,1.0,1.0,17,POSITIVE_MOMENTUM,False
14495,Emerging Engagement,ENGAGED,United Kingdom,3,174.8,50,58.2667,83.2,40.6,1.0493,0.0,7,None,False
14496,Low-Activity / Long-Recency,DORMANT,United Kingdom,7,2363.89,311,337.6986,0.0,0.0,0.0,0.0,64,None,False
14497,Low-Activity / Long-Recency,DORMANT,United Kingdom,2,697.06,309,348.53,0.0,0.0,0.0,0.0,40,None,False
14498,High-Value Stable,SOFTENING,United Kingdom,10,3900.83,42,390.083,675.53,968.55,-0.3025,-0.5,276,BROAD_ENGAGEMENT_SOFTENING,False
14499,High-Value Stable,ENGAGED,United Kingdom,7,2101.79,26,300.2557,440.63,244.94,0.7989,0.0,199,None,False
14500,Low-Activity / Long-Recency,SOFTENING,United Kingdom,3,356.85,88,118.95,21.0,51.0,-0.5882,0.0,6,None,False
14501,Low-Activity / Long-Recency,DORMANT,United Kingdom,2,251.21,183,125.605,0.0,0.0,0.0,0.0,9,None,False
14502,Emerging Engagement,ENGAGED,United Kingdom,11,2429.83,19,220.8936,1266.61,103.28,11.2638,3.0,368,POSITIVE_MOMENTUM,False
14503,Emerging Engagement,ENGAGED,United Kingdom,6,3543.26,3,590.5433,2946.19,597.07,3.9344,4.0,113,POSITIVE_MOMENTUM,False
14504,Emerging Engagement,ENGAGED,United Kingdom,4,673.26,47,168.315,130.55,0.0,1.0,1.0,85,POSITIVE_MOMENTUM,False
14505,High-Value Stable,ENGAGED,United Kingdom,19,11879.08,17,625.2147,1636.69,1062.88,0.5399,1.0,898,POSITIVE_MOMENTUM,False
14506,Emerging Engagement,ENGAGED,United Kingdom,7,2960.25,17,422.8929,1141.69,264.8,3.3115,1.0,251,POSITIVE_MOMENTUM,False
14507,High-Value Stable,ENGAGED,United Kingdom,11,3216.74,23,292.4309,443.19,309.38,0.4325,1.0,182,POSITIVE_MOMENTUM,False
14508,Emerging Engagement,ENGAGED,United Kingdom,5,822.92,22,164.584,268.05,0.0,1.0,1.0,142,POSITIVE_MOMENTUM,False
14509,Unsegmented (Insufficient History),DORMANT,United Kingdom,1,110.95,534,110.95,0.0,0.0,0.0,0.0,25,None,True
14510,Low-Activity / Long-Recency,DORMANT,United Kingdom,3,979.85,375,326.6167,0.0,0.0,0.0,0.0,67,None,False
14511,Emerging Engagement,ENGAGED,United Kingdom,5,1314.81,11,262.962,984.92,329.89,1.9856,0.5,53,POSITIVE_MOMENTUM,False
14512,Low-Activity / Long-Recency,DORMANT,United Kingdom,7,1215.97,187,173.71,0.0,0.0,0.0,0.0,55,None,False
14513,Low-Activity / Long-Recency,DORMANT,United Kingdom,6,788.01,100,131.335,0.0,138.24,-1.0,-1.0,15,None,False
14514,High-Value Stable,ENGAGED,United Kingdom,9,4380.04,61,486.6711,587.09,0.0,1.0,1.0,212,POSITIVE_MOMENTUM,False
14515,High-Value Stable,ENGAGED,United Kingdom,12,3724.06,17,310.3383,1311.24,0.0,1.0,1.0,109,POSITIVE_MOMENTUM,False
14516,Unsegmented (Insufficient History),DORMANT,United Kingdom,1,151.17,516,151.17,0.0,0.0,0.0,0.0,35,None,True
14517,Low-Activity / Long-Recency,ENGAGED,United Kingdom,2,330.45,33,165.225,78.0,252.45,-0.691,0.0,17,None,False
14518,Unsegmented (Insufficient History),EMERGING,United Kingdom,1,174.37,64,174.37,174.37,0.0,1.0,1.0,16,EMERGING_BROADENING,True
14519,Low-Activity / Long-Recency,DORMANT,United Kingdom,2,203.14,683,101.57,0.0,0.0,0.0,0.0,38,None,False
14520,Emerging Engagement,REACTIVATED,United Kingdom,2,270.6,1,135.3,105.6,0.0,1.0,1.0,3,POSITIVE_MOMENTUM,False
14521,Unsegmented (Insufficient History),DORMANT,United Kingdom,1,199.45,491,199.45,0.0,0.0,0.0,0.0,17,None,True
14522,Emerging Engagement,SOFTENING,United Kingdom,8,1748.42,24,218.5525,213.84,482.07,-0.5564,1.0,34,HIGH_FREQUENCY_LOW_VALUE,False
14523,Unsegmented (Insufficient History),DORMANT,United Kingdom,1,241.09,108,241.09,0.0,241.09,-1.0,-1.0,12,None,True
14524,Emerging Engagement,SOFTENING,United Kingdom,13,2909.86,31,223.8354,814.96,275.14,1.962,3.0,250,POSITIVE_MOMENTUM,False
14525,High-Value Stable,ENGAGED,United Kingdom,17,8026.54,19,472.1494,1395.61,888.25,0.5712,0.0,340,None,False
14526,Unsegmented (Insufficient History),DORMANT,United Kingdom,1,258.65,389,258.65,0.0,0.0,0.0,0.0,41,None,True
14527,High-Value Stable,ENGAGED,United Kingdom,122,27246.88,2,223.3351,3225.71,1719.06,0.8764,0.1538,607,HIGH_FREQUENCY_LOW_VALUE,False
14528,Unsegmented (Insufficient History),EMERGING,United Kingdom,1,364.22,37,364.22,364.22,0.0,1.0,1.0,18,EMERGING_BROADENING,True
14529,Emerging Engagement,SOFTENING,United Kingdom,3,578.61,60,192.87,443.37,135.24,2.2784,1.0,177,POSITIVE_MOMENTUM,False
14530,High-Value Stable,SOFTENING,United Kingdom,16,6088.87,25,380.5544,379.79,985.28,-0.6145,-0.5,269,HIGH_VALUE_SOFTENING,False
14531,Unsegmented (Insufficient History),DORMANT,United Kingdom,1,376.34,479,376.34,0.0,0.0,0.0,0.0,29,None,True
14532,High-Value Stable,DORMANT,United Kingdom,11,3845.78,236,349.6164,0.0,0.0,0.0,0.0,209,HISTORICAL_VALUE_DORMANT,False
14533,Emerging Engagement,ENGAGED,United Kingdom,11,3466.37,24,315.1245,1214.74,301.48,3.0293,4.0,74,POSITIVE_MOMENTUM,False
14534,High-Value Stable,ENGAGED,United Kingdom,26,6187.66,2,237.9869,1365.91,1169.19,0.1683,-0.2,437,None,False
14535,High-Value Stable,ENGAGED,United Kingdom,9,5973.23,60,663.6922,1202.03,799.94,0.5027,0.0,589,None,False
14536,Unsegmented (Insufficient History),DORMANT,United Kingdom,1,170.95,259,170.95,0.0,0.0,0.0,0.0,18,None,True
14537,Emerging Engagement,ENGAGED,United Kingdom,2,641.4,57,320.7,355.56,0.0,1.0,1.0,23,POSITIVE_MOMENTUM,False
14538,Emerging Engagement,ENGAGED,United Kingdom,5,1370.84,64,274.168,281.75,0.0,1.0,1.0,45,POSITIVE_MOMENTUM,False
14539,Unsegmented (Insufficient History),EMERGING,United Kingdom,2,537.48,15,268.74,537.48,0.0,1.0,1.0,31,EMERGING_BROADENING,True
14540,High-Value Stable,ENGAGED,United Kingdom,11,3709.64,9,337.24,756.76,0.0,1.0,1.0,197,POSITIVE_MOMENTUM,False
14541,High-Value Stable,ENGAGED,United Kingdom,14,2491.38,58,177.9557,146.0,301.9,-0.5164,0.0,99,HIGH_FREQUENCY_LOW_VALUE,False
14542,Unsegmented (Insufficient History),DORMANT,United Kingdom,1,103.25,185,103.25,0.0,0.0,0.0,0.0,5,None,True
14543,High-Value Stable,SOFTENING,United Kingdom,39,14587.87,28,374.0479,365.23,789.75,-0.5375,0.0,106,HIGH_VALUE_SOFTENING,False
14544,Emerging Engagement,ENGAGED,United Kingdom,3,2938.53,24,979.51,902.53,0.0,1.0,1.0,148,POSITIVE_MOMENTUM,False
14545,Unsegmented (Insufficient History),DORMANT,United Kingdom,1,349.25,674,349.25,0.0,0.0,0.0,0.0,23,None,True
14546,High-Value Stable,ENGAGED,United Kingdom,11,5184.84,5,471.3491,1699.05,0.0,1.0,1.0,410,POSITIVE_MOMENTUM,False
14547,Unsegmented (Insufficient History),EMERGING,United Kingdom,8,3974.75,3,496.8438,3974.75,0.0,1.0,1.0,198,EMERGING_BROADENING,True
14548,Low-Activity / Long-Recency,DORMANT,United Kingdom,9,2541.29,150,282.3656,0.0,326.4,-1.0,-1.0,66,None,False
14549,Low-Activity / Long-Recency,DORMANT,United Kingdom,4,913.6,311,228.4,0.0,0.0,0.0,0.0,117,None,False
14550,Emerging Engagement,ENGAGED,United Kingdom,4,1345.06,10,336.265,757.37,0.0,1.0,1.0,77,POSITIVE_MOMENTUM,False
14551,Emerging Engagement,ENGAGED,United Kingdom,7,878.09,18,125.4414,60.8,0.0,1.0,1.0,69,POSITIVE_MOMENTUM,False
14552,Low-Activity / Long-Recency,DORMANT,United Kingdom,3,507.93,151,169.31,0.0,164.22,-1.0,-1.0,124,BROAD_ENGAGEMENT_SOFTENING,False
14553,High-Value Stable,ENGAGED,United Kingdom,9,1818.6,19,202.0667,546.95,0.0,1.0,1.0,233,POSITIVE_MOMENTUM,False
14554,Unsegmented (Insufficient History),EMERGING,United Kingdom,4,2279.49,10,569.8725,2279.49,0.0,1.0,1.0,147,EMERGING_BROADENING,True
14555,Emerging Engagement,ENGAGED,United Kingdom,6,2304.03,57,384.005,126.2,0.0,1.0,1.0,94,POSITIVE_MOMENTUM,False
14556,Low-Activity / Long-Recency,DORMANT,United Kingdom,3,815.69,596,271.8967,0.0,0.0,0.0,0.0,158,None,False
14557,Unsegmented (Insufficient History),SOFTENING,United Kingdom,1,788.38,85,788.38,788.38,0.0,1.0,1.0,16,POSITIVE_MOMENTUM,True
14558,Low-Activity / Long-Recency,DORMANT,United Kingdom,3,655.5,654,218.5,0.0,0.0,0.0,0.0,13,None,False
14559,Unsegmented (Insufficient History),DORMANT,United Kingdom,1,75.6,390,75.6,0.0,0.0,0.0,0.0,2,None,True
14560,High-Value Stable,ENGAGED,United Kingdom,44,6114.03,7,138.9552,672.57,333.2,1.0185,0.1667,60,HIGH_FREQUENCY_LOW_VALUE,False
14561,Low-Activity / Long-Recency,SOFTENING,United Kingdom,3,1080.76,75,360.2533,513.77,344.92,0.4895,0.0,67,None,False
14562,High-Value Stable,ENGAGED,United Kingdom,26,6638.15,3,255.3135,2697.39,1203.39,1.2415,2.6667,245,POSITIVE_MOMENTUM,False
14563,Low-Activity / Long-Recency,DORMANT,United Kingdom,2,640.54,509,320.27,0.0,0.0,0.0,0.0,95,None,False
14564,Low-Activity / Long-Recency,DORMANT,Channel Islands,2,2605.62,434,1302.81,0.0,0.0,0.0,0.0,107,None,False
14565,Low-Activity / Long-Recency,SOFTENING,United Kingdom,5,3859.22,95,771.844,0.0,1221.57,-1.0,-1.0,139,HIGH_VALUE_SOFTENING,False
14566,Low-Activity / Long-Recency,DORMANT,Channel Islands,4,4092.0,110,1023.0,0.0,1432.0,-1.0,-1.0,9,HIGH_VALUE_SOFTENING,False
14567,Low-Activity / Long-Recency,ENGAGED,United Kingdom,2,1530.36,56,765.18,729.6,800.76,-0.0889,0.0,33,None,False
14568,Unsegmented (Insufficient History),DORMANT,Channel Islands,1,919.7,435,919.7,0.0,0.0,0.0,0.0,47,None,True
14569,Emerging Engagement,REACTIVATED,United Kingdom,4,597.33,1,149.3325,227.39,0.0,1.0,1.0,31,POSITIVE_MOMENTUM,False
14570,Low-Activity / Long-Recency,DORMANT,United Kingdom,3,613.75,280,204.5833,0.0,0.0,0.0,0.0,64,None,False
14571,Unsegmented (Insufficient History),DORMANT,United Kingdom,1,160.0,425,160.0,0.0,0.0,0.0,0.0,30,None,True
14572,High-Value Stable,ENGAGED,United Kingdom,11,5526.88,3,502.4436,741.3,989.91,-0.2511,0.0,336,HIGH_VALUE_SOFTENING,False
14573,High-Value Stable,DORMANT,United Kingdom,13,2163.12,179,166.3938,0.0,116.76,-1.0,-1.0,183,BROAD_ENGAGEMENT_SOFTENING,False
14574,Unsegmented (Insufficient History),DORMANT,United Kingdom,1,143.7,732,143.7,0.0,0.0,0.0,0.0,11,None,True
14575,Unsegmented (Insufficient History),DORMANT,United Kingdom,1,420.22,488,420.22,0.0,0.0,0.0,0.0,71,None,True
14576,Unsegmented (Insufficient History),DORMANT,United Kingdom,1,35.4,372,35.4,0.0,0.0,0.0,0.0,1,None,True
14577,High-Value Stable,ENGAGED,United Kingdom,7,1364.15,12,194.8786,213.07,178.63,0.1928,0.0,104,None,False
14578,Unsegmented (Insufficient History),EMERGING,United Kingdom,1,168.63,3,168.63,168.63,0.0,1.0,1.0,24,EMERGING_BROADENING,True
14579,Unsegmented (Insufficient History),DORMANT,United Kingdom,1,105.56,432,105.56,0.0,0.0,0.0,0.0,24,None,True
14580,Unsegmented (Insufficient History),DORMANT,United Kingdom,1,14.85,518,14.85,0.0,0.0,0.0,0.0,1,None,True
14581,Emerging Engagement,ENGAGED,United Kingdom,2,409.65,16,204.825,138.6,0.0,1.0,1.0,59,POSITIVE_MOMENTUM,False
14582,Unsegmented (Insufficient History),EMERGING,United Kingdom,1,114.11,40,114.11,114.11,0.0,1.0,1.0,6,EMERGING_BROADENING,True
14583,High-Value Stable,REACTIVATED,United Kingdom,8,1660.29,5,207.5362,245.24,466.11,-0.4739,-0.5,353,BROAD_ENGAGEMENT_SOFTENING,False
14584,Low-Activity / Long-Recency,DORMANT,United Kingdom,8,1738.16,169,217.27,0.0,213.45,-1.0,-1.0,127,BROAD_ENGAGEMENT_SOFTENING,False
14585,Emerging Engagement,ENGAGED,United Kingdom,5,1143.27,50,228.654,157.05,0.0,1.0,1.0,88,POSITIVE_MOMENTUM,False
14586,Unsegmented (Insufficient History),DORMANT,United Kingdom,1,237.36,276,237.36,0.0,0.0,0.0,0.0,19,None,True
14587,High-Value Stable,ENGAGED,United Kingdom,9,1580.29,18,175.5878,127.61,0.0,1.0,1.0,170,POSITIVE_MOMENTUM,False
14588,Unsegmented (Insufficient History),DORMANT,United Kingdom,1,135.39,578,135.39,0.0,0.0,0.0,0.0,16,None,True
14589,Unsegmented (Insufficient History),DORMANT,United Kingdom,1,39.75,371,39.75,0.0,0.0,0.0,0.0,3,None,True
14590,High-Value Stable,DORMANT,United Kingdom,20,2993.37,424,149.6685,0.0,0.0,0.0,0.0,124,HISTORICAL_VALUE_DORMANT,False
14591,Emerging Engagement,ENGAGED,United Kingdom,4,1320.21,15,330.0525,1116.19,0.0,1.0,1.0,138,POSITIVE_MOMENTUM,False
14592,Unsegmented (Insufficient History),EMERGING,United Kingdom,3,557.94,35,185.98,557.94,0.0,1.0,1.0,132,EMERGING_BROADENING,True
14593,High-Value Stable,ENGAGED,United Kingdom,12,3665.53,21,305.4608,277.56,0.0,1.0,1.0,436,POSITIVE_MOMENTUM,False
14594,Emerging Engagement,REACTIVATED,United Kingdom,2,363.33,7,181.665,108.33,0.0,1.0,1.0,48,POSITIVE_MOMENTUM,False
14595,Emerging Engagement,ENGAGED,United Kingdom,8,2164.45,19,270.5562,1576.8,0.0,1.0,1.0,119,POSITIVE_MOMENTUM,False
14596,Unsegmented (Insufficient History),DORMANT,United Kingdom,1,222.22,626,222.22,0.0,0.0,0.0,0.0,50,None,True
14597,Emerging Engagement,ENGAGED,United Kingdom,6,2184.63,11,364.105,701.14,0.0,1.0,1.0,79,POSITIVE_MOMENTUM,False
14598,Emerging Engagement,ENGAGED,United Kingdom,2,384.04,44,192.02,221.97,0.0,1.0,1.0,83,POSITIVE_MOMENTUM,False
14599,Low-Activity / Long-Recency,DORMANT,United Kingdom,2,457.89,390,228.945,0.0,0.0,0.0,0.0,77,None,False
14600,Low-Activity / Long-Recency,DORMANT,United Kingdom,2,865.17,305,432.585,0.0,0.0,0.0,0.0,53,None,False
14601,Unsegmented (Insufficient History),EMERGING,United Kingdom,1,213.96,10,213.96,213.96,0.0,1.0,1.0,7,EMERGING_BROADENING,True
14602,Unsegmented (Insufficient History),DORMANT,United Kingdom,1,205.36,656,205.36,0.0,0.0,0.0,0.0,31,None,True
14603,Unsegmented (Insufficient History),DORMANT,United Kingdom,1,660.0,274,660.0,0.0,0.0,0.0,0.0,2,None,True
14604,Unsegmented (Insufficient History),DORMANT,United Kingdom,1,143.86,633,143.86,0.0,0.0,0.0,0.0,20,None,True
14605,Low-Activity / Long-Recency,DORMANT,United Kingdom,4,921.56,374,230.39,0.0,0.0,0.0,0.0,88,None,False
14606,High-Value Stable,ENGAGED,United Kingdom,192,29951.37,1,155.9967,2567.24,2446.43,0.0494,0.1,1262,HIGH_FREQUENCY_LOW_VALUE,False
14607,High-Value Stable,ENGAGED,United Kingdom,22,23763.13,15,1080.1423,15714.5,0.0,1.0,1.0,106,POSITIVE_MOMENTUM,False
14608,Emerging Engagement,ENGAGED,United Kingdom,11,3352.94,4,304.8127,1581.15,0.0,1.0,1.0,15,POSITIVE_MOMENTUM,False
14609,Low-Activity / Long-Recency,SOFTENING,United Kingdom,10,1486.2,72,148.62,115.2,342.36,-0.6635,-0.5,6,HIGH_FREQUENCY_LOW_VALUE,False
14610,Low-Activity / Long-Recency,DORMANT,United Kingdom,2,24.35,395,12.175,0.0,0.0,0.0,0.0,10,None,False
14611,Low-Activity / Long-Recency,DORMANT,United Kingdom,2,604.33,443,302.165,0.0,0.0,0.0,0.0,37,None,False
14612,Unsegmented (Insufficient History),DORMANT,United Kingdom,1,877.7,415,877.7,0.0,0.0,0.0,0.0,14,None,True
14613,Unsegmented (Insufficient History),DORMANT,United Kingdom,1,76.32,680,76.32,0.0,0.0,0.0,0.0,1,None,True
14614,Unsegmented (Insufficient History),DORMANT,United Kingdom,1,295.13,386,295.13,0.0,0.0,0.0,0.0,19,None,True
14615,Low-Activity / Long-Recency,DORMANT,United Kingdom,5,951.76,394,190.352,0.0,0.0,0.0,0.0,40,None,False
14616,Low-Activity / Long-Recency,DORMANT,United Kingdom,5,527.78,242,105.556,0.0,0.0,0.0,0.0,3,None,False
14617,Low-Activity / Long-Recency,DORMANT,United Kingdom,2,190.47,402,95.235,0.0,0.0,0.0,0.0,7,None,False
14618,Emerging Engagement,ENGAGED,United Kingdom,7,1342.32,9,191.76,341.64,0.0,1.0,1.0,40,POSITIVE_MOMENTUM,False
14619,Low-Activity / Long-Recency,DORMANT,United Kingdom,2,1291.24,245,645.62,0.0,0.0,0.0,0.0,58,None,False
14620,Low-Activity / Long-Recency,DORMANT,United Kingdom,2,412.78,205,206.39,0.0,0.0,0.0,0.0,26,None,False
14621,High-Value Stable,ENGAGED,United Kingdom,9,3000.57,1,333.3967,785.45,366.6,1.1425,1.0,134,POSITIVE_MOMENTUM,False
14622,Unsegmented (Insufficient History),DORMANT,United Kingdom,1,320.58,184,320.58,0.0,0.0,0.0,0.0,21,None,True
14623,High-Value Stable,ENGAGED,United Kingdom,10,2016.98,32,201.698,280.54,208.3,0.3468,1.0,193,HIGH_FREQUENCY_LOW_VALUE,False
14624,Emerging Engagement,ENGAGED,United Kingdom,6,814.07,57,135.6783,225.85,0.0,1.0,1.0,39,POSITIVE_MOMENTUM,False
14625,High-Value Stable,DORMANT,United Kingdom,11,4497.88,196,408.8982,0.0,0.0,0.0,0.0,167,HISTORICAL_VALUE_DORMANT,False
14626,High-Value Stable,ENGAGED,United Kingdom,11,5410.92,23,491.9018,1219.98,984.39,0.2393,1.0,181,None,False
14627,Unsegmented (Insufficient History),DORMANT,United Kingdom,1,462.75,379,462.75,0.0,0.0,0.0,0.0,29,None,True
14628,Low-Activity / Long-Recency,SOFTENING,United Kingdom,5,1998.0,91,399.6,0.0,340.38,-1.0,-1.0,65,None,False
14629,Unsegmented (Insufficient History),EMERGING,United Kingdom,2,955.26,4,477.63,955.26,0.0,1.0,1.0,133,EMERGING_BROADENING,True
14630,Unsegmented (Insufficient History),DORMANT,United Kingdom,1,338.65,484,338.65,0.0,0.0,0.0,0.0,21,None,True
14631,Emerging Engagement,ENGAGED,United Kingdom,6,2025.69,50,337.615,376.9,0.0,1.0,1.0,65,POSITIVE_MOMENTUM,False
14632,Unsegmented (Insufficient History),DORMANT,United Kingdom,1,114.56,262,114.56,0.0,0.0,0.0,0.0,8,None,True
14633,Unsegmented (Insufficient History),DORMANT,United Kingdom,1,344.9,266,344.9,0.0,0.0,0.0,0.0,20,None,True
14634,Low-Activity / Long-Recency,DORMANT,United Kingdom,4,2124.46,437,531.115,0.0,0.0,0.0,0.0,105,None,False
14635,Unsegmented (Insufficient History),DORMANT,United Kingdom,1,215.22,453,215.22,0.0,0.0,0.0,0.0,15,None,True
14636,Emerging Engagement,ENGAGED,United Kingdom,2,609.85,36,304.925,309.66,0.0,1.0,1.0,27,POSITIVE_MOMENTUM,False
14637,Unsegmented (Insufficient History),DORMANT,United Kingdom,1,106.68,677,106.68,0.0,0.0,0.0,0.0,7,None,True
14638,Unsegmented (Insufficient History),EMERGING,United Kingdom,1,443.6,50,443.6,443.6,0.0,1.0,1.0,16,EMERGING_BROADENING,True
14639,High-Value Stable,ENGAGED,United Kingdom,9,4978.96,52,553.2178,995.26,754.1,0.3198,0.0,203,None,False
14640,High-Value Stable,ENGAGED,United Kingdom,10,3649.36,24,364.936,624.02,1087.61,-0.4262,-0.3333,165,BROAD_ENGAGEMENT_SOFTENING,False
14641,Unsegmented (Insufficient History),EMERGING,United Kingdom,1,110.46,21,110.46,110.46,0.0,1.0,1.0,7,EMERGING_BROADENING,True
14642,Unsegmented (Insufficient History),EMERGING,United Kingdom,1,96.12,58,96.12,96.12,0.0,1.0,1.0,2,EMERGING_BROADENING,True
14643,Low-Activity / Long-Recency,DORMANT,United Kingdom,5,1679.89,170,335.978,0.0,335.87,-1.0,-1.0,57,None,False
14644,Emerging Engagement,ENGAGED,United Kingdom,7,2247.72,67,321.1029,643.26,0.0,1.0,1.0,50,POSITIVE_MOMENTUM,False
14645,Low-Activity / Long-Recency,DORMANT,United Kingdom,3,876.89,156,292.2967,0.0,356.99,-1.0,-1.0,45,None,False
14646,High-Value Stable,ENGAGED,Netherlands,151,528602.52,1,3500.6789,101903.4,62166.7,0.6392,1.0667,961,POSITIVE_MOMENTUM,False
14647,Low-Activity / Long-Recency,DORMANT,United Kingdom,2,506.04,201,253.02,0.0,0.0,0.0,0.0,42,None,False
14648,High-Value Stable,DORMANT,United Kingdom,15,4466.65,416,297.7767,0.0,0.0,0.0,0.0,286,HISTORICAL_VALUE_DORMANT,False
14649,High-Value Stable,ENGAGED,United Kingdom,9,3651.19,4,405.6878,820.47,0.0,1.0,1.0,374,POSITIVE_MOMENTUM,False
14650,Unsegmented (Insufficient History),DORMANT,United Kingdom,1,62.5,589,62.5,0.0,0.0,0.0,0.0,4,None,True
14651,High-Value Stable,ENGAGED,United Kingdom,9,2025.52,67,225.0578,238.28,0.0,1.0,1.0,216,POSITIVE_MOMENTUM,False
14652,Unsegmented (Insufficient History),SOFTENING,United Kingdom,1,114.18,77,114.18,114.18,0.0,1.0,1.0,29,POSITIVE_MOMENTUM,True
14653,High-Value Stable,ENGAGED,United Kingdom,12,3593.06,1,299.4217,1581.84,0.0,1.0,1.0,271,POSITIVE_MOMENTUM,False
14654,Unsegmented (Insufficient History),DORMANT,United Kingdom,1,246.86,738,246.86,0.0,0.0,0.0,0.0,27,None,True
14655,Emerging Engagement,ENGAGED,United Kingdom,7,3878.51,8,554.0729,1121.67,0.0,1.0,1.0,72,POSITIVE_MOMENTUM,False
14656,Low-Activity / Long-Recency,DORMANT,United Kingdom,5,790.0,169,158.0,0.0,157.94,-1.0,-1.0,148,BROAD_ENGAGEMENT_SOFTENING,False
14657,High-Value Stable,ENGAGED,United Kingdom,6,1450.19,17,241.6983,209.28,114.54,0.8271,0.0,143,None,False
14658,Low-Activity / Long-Recency,ENGAGED,United Kingdom,2,247.15,5,123.575,124.01,123.14,0.0071,0.0,27,None,False
14659,Emerging Engagement,ENGAGED,United Kingdom,9,2529.93,8,281.1033,888.38,259.79,2.4196,2.0,147,POSITIVE_MOMENTUM,False
14660,Low-Activity / Long-Recency,SOFTENING,United Kingdom,2,285.74,86,142.87,156.79,128.95,0.2159,0.0,24,None,False
14661,Unsegmented (Insufficient History),EMERGING,United Kingdom,1,107.95,26,107.95,107.95,0.0,1.0,1.0,4,EMERGING_BROADENING,True
14662,Emerging Engagement,ENGAGED,United Kingdom,7,1376.43,28,196.6329,229.09,0.0,1.0,1.0,199,POSITIVE_MOMENTUM,False
14663,Low-Activity / Long-Recency,DORMANT,United Kingdom,2,490.6,430,245.3,0.0,0.0,0.0,0.0,60,None,False
14664,Unsegmented (Insufficient History),EMERGING,United Kingdom,2,636.24,19,318.12,636.24,0.0,1.0,1.0,78,EMERGING_BROADENING,True
14665,Emerging Engagement,ENGAGED,United Kingdom,7,2749.65,60,392.8071,1104.04,0.0,1.0,1.0,94,POSITIVE_MOMENTUM,False
14666,Unsegmented (Insufficient History),EMERGING,United Kingdom,1,195.25,24,195.25,195.25,0.0,1.0,1.0,14,EMERGING_BROADENING,True
14667,High-Value Stable,ENGAGED,United Kingdom,54,20395.34,10,377.6915,3163.58,2117.21,0.4942,0.0,578,None,False
14668,Unsegmented (Insufficient History),DORMANT,United Kingdom,1,111.63,445,111.63,0.0,0.0,0.0,0.0,10,None,True
14669,High-Value Stable,DORMANT,United Kingdom,7,3216.78,241,459.54,0.0,0.0,0.0,0.0,334,HISTORICAL_VALUE_DORMANT,False
14670,Low-Activity / Long-Recency,DORMANT,United Kingdom,3,583.33,280,194.4433,0.0,0.0,0.0,0.0,159,None,False
14671,Low-Activity / Long-Recency,DORMANT,United Kingdom,2,1127.45,549,563.725,0.0,0.0,0.0,0.0,48,None,False
14672,Low-Activity / Long-Recency,DORMANT,United Kingdom,4,1113.14,234,278.285,0.0,0.0,0.0,0.0,93,None,False
14673,Emerging Engagement,ENGAGED,United Kingdom,7,3037.32,3,433.9029,1362.91,0.0,1.0,1.0,86,POSITIVE_MOMENTUM,False
14674,Unsegmented (Insufficient History),DORMANT,United Kingdom,1,173.66,509,173.66,0.0,0.0,0.0,0.0,14,None,True
14675,Emerging Engagement,ENGAGED,United Kingdom,2,1015.58,16,507.79,596.36,0.0,1.0,1.0,196,POSITIVE_MOMENTUM,False
14676,High-Value Stable,SOFTENING,United Kingdom,12,8356.79,31,696.3992,857.32,542.4,0.5806,1.0,77,POSITIVE_MOMENTUM,False
14677,Unsegmented (Insufficient History),DORMANT,United Kingdom,1,184.91,592,184.91,0.0,0.0,0.0,0.0,14,None,True
14678,Unsegmented (Insufficient History),DORMANT,United Kingdom,1,403.39,579,403.39,0.0,0.0,0.0,0.0,24,None,True
14679,Low-Activity / Long-Recency,DORMANT,United Kingdom,3,1289.44,381,429.8133,0.0,0.0,0.0,0.0,49,None,False
14680,High-Value Stable,SOFTENING,United Kingdom,58,55688.5,25,960.1466,3331.55,10888.68,-0.694,-0.6,222,HIGH_VALUE_SOFTENING,False
14681,Emerging Engagement,SOFTENING,United Kingdom,6,875.15,71,145.8583,105.0,0.0,1.0,1.0,19,POSITIVE_MOMENTUM,False
14682,Low-Activity / Long-Recency,DORMANT,United Kingdom,6,1514.81,187,252.4683,0.0,0.0,0.0,0.0,79,None,False
14683,Unsegmented (Insufficient History),DORMANT,United Kingdom,1,146.56,588,146.56,0.0,0.0,0.0,0.0,21,None,True
14684,Emerging Engagement,ENGAGED,United Kingdom,6,1430.03,25,238.3383,708.07,0.0,1.0,1.0,272,POSITIVE_MOMENTUM,False
14685,Low-Activity / Long-Recency,DORMANT,United Kingdom,8,4536.64,576,567.08,0.0,0.0,0.0,0.0,109,HISTORICAL_VALUE_DORMANT,False
14686,Low-Activity / Long-Recency,DORMANT,United Kingdom,5,852.53,414,170.506,0.0,0.0,0.0,0.0,185,None,False
14687,Low-Activity / Long-Recency,DORMANT,United Kingdom,3,1402.06,106,467.3533,0.0,628.38,-1.0,-1.0,34,None,False
14688,High-Value Stable,ENGAGED,United Kingdom,28,7190.42,7,256.8007,1392.65,1400.02,-0.0053,-0.1667,197,None,False
14689,Unsegmented (Insufficient History),DORMANT,United Kingdom,1,112.8,208,112.8,0.0,0.0,0.0,0.0,13,None,True
14690,Low-Activity / Long-Recency,ENGAGED,United Kingdom,4,777.68,44,194.42,142.49,212.56,-0.3296,0.0,69,None,False
14691,Emerging Engagement,SOFTENING,United Kingdom,5,2114.33,30,422.866,839.65,835.08,0.0055,2.0,50,None,False
14692,High-Value Stable,DORMANT,United Kingdom,12,1715.14,137,142.9283,0.0,111.25,-1.0,-1.0,101,BROAD_ENGAGEMENT_SOFTENING,False
14693,Low-Activity / Long-Recency,DORMANT,United Kingdom,7,1165.36,264,166.48,0.0,0.0,0.0,0.0,43,None,False
14694,Unsegmented (Insufficient History),DORMANT,United Kingdom,1,244.31,617,244.31,0.0,0.0,0.0,0.0,15,None,True
14695,Low-Activity / Long-Recency,DORMANT,United Kingdom,3,1534.22,519,511.4067,0.0,0.0,0.0,0.0,76,None,False
14696,High-Value Stable,SOFTENING,United Kingdom,8,2473.28,4,309.16,620.41,287.15,1.1606,1.0,137,POSITIVE_MOMENTUM,False
14697,Low-Activity / Long-Recency,DORMANT,United Kingdom,2,188.61,218,94.305,0.0,0.0,0.0,0.0,22,None,False
14698,Unsegmented (Insufficient History),EMERGING,United Kingdom,5,1217.27,1,243.454,1217.27,0.0,1.0,1.0,148,EMERGING_BROADENING,True
14699,Low-Activity / Long-Recency,DORMANT,United Kingdom,4,702.6,214,175.65,0.0,0.0,0.0,0.0,45,None,False
14700,Emerging Engagement,ENGAGED,United Kingdom,5,3076.06,32,615.212,654.0,0.0,1.0,1.0,111,POSITIVE_MOMENTUM,False
14701,High-Value Stable,ENGAGED,United Kingdom,15,4487.11,10,299.1407,584.66,207.53,1.8172,0.0,455,None,False
14702,High-Value Stable,ENGAGED,United Kingdom,29,6368.78,1,219.6131,1600.54,465.55,2.438,1.6667,338,POSITIVE_MOMENTUM,False
14703,Unsegmented (Insufficient History),EMERGING,United Kingdom,1,318.17,14,318.17,318.17,0.0,1.0,1.0,22,EMERGING_BROADENING,True
14704,Emerging Engagement,ENGAGED,United Kingdom,11,1752.92,11,159.3564,1286.46,106.75,11.0511,6.0,319,POSITIVE_MOMENTUM,False
14705,Unsegmented (Insufficient History),DORMANT,United Kingdom,1,179.0,198,179.0,0.0,0.0,0.0,0.0,1,None,True
14706,Unsegmented (Insufficient History),DORMANT,United Kingdom,1,367.54,618,367.54,0.0,0.0,0.0,0.0,25,None,True
14707,Low-Activity / Long-Recency,DORMANT,United Kingdom,2,139.2,435,69.6,0.0,0.0,0.0,0.0,1,None,False
14708,Emerging Engagement,REACTIVATED,United Kingdom,5,1793.22,2,358.644,425.19,282.12,0.5071,0.0,27,None,False
14709,High-Value Stable,SOFTENING,United Kingdom,25,8886.33,15,355.4532,968.3,2009.7,-0.5182,0.0,105,HIGH_VALUE_SOFTENING,False
14710,High-Value Stable,ENGAGED,United Kingdom,13,1899.79,14,146.1377,599.48,0.0,1.0,1.0,310,POSITIVE_MOMENTUM,False
14711,High-Value Stable,ENGAGED,United Kingdom,11,2839.62,10,258.1473,483.99,759.33,-0.3626,-0.3333,221,BROAD_ENGAGEMENT_SOFTENING,False
14712,Emerging Engagement,SOFTENING,United Kingdom,4,1328.07,29,332.0175,801.35,115.72,5.9249,1.0,24,POSITIVE_MOMENTUM,False
14713,High-Value Stable,ENGAGED,United Kingdom,21,5115.76,9,243.6076,632.59,579.97,0.0907,0.0,222,None,False
14714,Emerging Engagement,ENGAGED,United Kingdom,4,906.24,24,226.56,160.19,0.0,1.0,1.0,64,POSITIVE_MOMENTUM,False
14715,High-Value Stable,ENGAGED,United Kingdom,8,1825.45,24,228.1813,272.63,347.3,-0.215,0.0,102,HIGH_FREQUENCY_LOW_VALUE,False
14716,Low-Activity / Long-Recency,ENGAGED,United Kingdom,3,543.28,43,181.0933,125.79,181.72,-0.3078,0.0,85,None,False
14717,Unsegmented (Insufficient History),DORMANT,United Kingdom,1,81.3,733,81.3,0.0,0.0,0.0,0.0,11,None,True
14718,Unsegmented (Insufficient History),DORMANT,United Kingdom,1,226.42,410,226.42,0.0,0.0,0.0,0.0,11,None,True
14719,Emerging Engagement,ENGAGED,United Kingdom,5,1581.84,1,316.368,1093.72,264.66,3.1325,2.0,177,POSITIVE_MOMENTUM,False
14720,Emerging Engagement,SOFTENING,United Kingdom,3,663.81,5,221.27,508.01,155.8,2.2607,1.0,34,POSITIVE_MOMENTUM,False
14721,Unsegmented (Insufficient History),DORMANT,United Kingdom,1,109.07,379,109.07,0.0,0.0,0.0,0.0,24,None,True
14722,Low-Activity / Long-Recency,DORMANT,United Kingdom,3,489.52,147,163.1733,0.0,180.42,-1.0,-1.0,72,None,False
14723,High-Value Stable,ENGAGED,United Kingdom,11,1803.06,10,163.9145,666.71,0.0,1.0,1.0,287,POSITIVE_MOMENTUM,False
14724,Unsegmented (Insufficient History),DORMANT,United Kingdom,1,341.9,590,341.9,0.0,0.0,0.0,0.0,40,None,True
14725,Emerging Engagement,ENGAGED,United Kingdom,4,1252.74,24,313.185,655.58,0.0,1.0,1.0,85,POSITIVE_MOMENTUM,False
14726,Unsegmented (Insufficient History),DORMANT,United Kingdom,1,116.5,654,116.5,0.0,0.0,0.0,0.0,15,None,True
14727,Low-Activity / Long-Recency,DORMANT,United Kingdom,3,463.73,274,154.5767,0.0,0.0,0.0,0.0,43,None,False
14728,Unsegmented (Insufficient History),DORMANT,United Kingdom,1,190.58,413,190.58,0.0,0.0,0.0,0.0,14,None,True
14729,Low-Activity / Long-Recency,DORMANT,United Kingdom,3,586.24,373,195.4133,0.0,0.0,0.0,0.0,126,None,False
14730,High-Value Stable,ENGAGED,United Kingdom,8,1897.57,1,237.1962,1025.44,342.83,1.9911,0.5,317,POSITIVE_MOMENTUM,False
14731,Emerging Engagement,ENGAGED,United Kingdom,3,380.02,47,126.6733,129.0,0.0,1.0,1.0,38,POSITIVE_MOMENTUM,False
14732,High-Value Stable,ENGAGED,United Kingdom,19,5517.07,8,290.3721,1084.19,335.1,2.2354,2.0,162,POSITIVE_MOMENTUM,False
14733,High-Value Stable,SOFTENING,United Kingdom,15,14335.15,16,955.6767,541.71,1136.62,-0.5234,-0.6667,140,HIGH_VALUE_SOFTENING,False
14734,Low-Activity / Long-Recency,DORMANT,United Kingdom,4,1056.42,425,264.105,0.0,0.0,0.0,0.0,48,None,False
14735,High-Value Stable,SOFTENING,United Kingdom,56,12240.16,3,218.5743,2469.98,1040.3,1.3743,0.5,198,POSITIVE_MOMENTUM,False
14736,Low-Activity / Long-Recency,DORMANT,United Kingdom,2,374.05,485,187.025,0.0,0.0,0.0,0.0,70,None,False
14737,Low-Activity / Long-Recency,ENGAGED,United Kingdom,4,3554.17,3,888.5425,82.8,647.75,-0.8722,0.0,28,HIGH_VALUE_SOFTENING,False
14738,Emerging Engagement,ENGAGED,United Kingdom,9,1821.9,42,202.4333,556.8,231.96,1.4004,1.0,58,POSITIVE_MOMENTUM,False
14739,High-Value Stable,ENGAGED,United Kingdom,25,11573.62,4,462.9448,1654.7,939.96,0.7604,2.0,129,POSITIVE_MOMENTUM,False
14740,High-Value Stable,DORMANT,United Kingdom,11,4161.06,197,378.2782,0.0,0.0,0.0,0.0,173,HISTORICAL_VALUE_DORMANT,False
14741,High-Value Stable,ENGAGED,United Kingdom,7,1713.09,11,244.7271,535.38,369.66,0.4483,0.0,48,None,False
14742,Unsegmented (Insufficient History),DORMANT,United Kingdom,1,579.85,435,579.85,0.0,0.0,0.0,0.0,34,None,True
14743,Unsegmented (Insufficient History),DORMANT,United Kingdom,1,50.48,592,50.48,0.0,0.0,0.0,0.0,3,None,True
14744,High-Value Stable,ENGAGED,United Kingdom,14,3660.08,16,261.4343,171.95,0.0,1.0,1.0,57,POSITIVE_MOMENTUM,False
14745,High-Value Stable,DORMANT,United Kingdom,12,2551.41,112,212.6175,0.0,638.59,-1.0,-1.0,74,HIGH_FREQUENCY_LOW_VALUE,False
14746,Low-Activity / Long-Recency,DORMANT,United Kingdom,4,593.5,406,148.375,0.0,0.0,0.0,0.0,7,None,False
14747,Unsegmented (Insufficient History),DORMANT,United Kingdom,1,328.2,249,328.2,0.0,0.0,0.0,0.0,18,None,True
14748,High-Value Stable,ENGAGED,United Kingdom,10,2681.9,29,268.19,296.98,347.64,-0.1457,0.0,129,None,False
14749,Unsegmented (Insufficient History),DORMANT,United Kingdom,1,310.15,479,310.15,0.0,0.0,0.0,0.0,18,None,True
14750,Unsegmented (Insufficient History),DORMANT,United Kingdom,1,112.03,736,112.03,0.0,0.0,0.0,0.0,32,None,True
14751,Low-Activity / Long-Recency,DORMANT,United Kingdom,2,126.45,684,63.225,0.0,0.0,0.0,0.0,7,None,False
14752,Unsegmented (Insufficient History),EMERGING,United Kingdom,1,389.64,43,389.64,389.64,0.0,1.0,1.0,5,EMERGING_BROADENING,True
14753,Emerging Engagement,SOFTENING,United Kingdom,2,869.51,87,434.755,563.15,0.0,1.0,1.0,45,POSITIVE_MOMENTUM,False
14754,Emerging Engagement,ENGAGED,United Kingdom,6,1547.93,44,257.9883,409.78,0.0,1.0,1.0,110,POSITIVE_MOMENTUM,False
14755,High-Value Stable,ENGAGED,United Kingdom,25,9972.55,9,398.902,2142.6,1005.17,1.1316,0.3333,219,POSITIVE_MOMENTUM,False
14756,Emerging Engagement,ENGAGED,United Kingdom,3,2653.76,15,884.5867,738.96,0.0,1.0,1.0,102,POSITIVE_MOMENTUM,False
14757,Unsegmented (Insufficient History),SOFTENING,United Kingdom,1,420.5,75,420.5,420.5,0.0,1.0,1.0,19,POSITIVE_MOMENTUM,True
14758,Low-Activity / Long-Recency,DORMANT,United Kingdom,7,2864.97,144,409.2814,0.0,277.12,-1.0,-1.0,91,BROAD_ENGAGEMENT_SOFTENING,False
14759,Emerging Engagement,ENGAGED,United Kingdom,3,1625.97,4,541.99,755.12,298.6,1.5289,0.0,92,None,False
14760,Unsegmented (Insufficient History),DORMANT,United Kingdom,1,89.2,297,89.2,0.0,0.0,0.0,0.0,5,None,True
14761,Emerging Engagement,ENGAGED,United Kingdom,3,447.92,58,149.3067,158.4,0.0,1.0,1.0,21,POSITIVE_MOMENTUM,False
14762,Low-Activity / Long-Recency,DORMANT,United Kingdom,2,417.57,263,208.785,0.0,0.0,0.0,0.0,28,None,False
14764,Unsegmented (Insufficient History),EMERGING,United Kingdom,1,278.3,46,278.3,278.3,0.0,1.0,1.0,6,EMERGING_BROADENING,True
14765,Low-Activity / Long-Recency,ENGAGED,United Kingdom,3,254.11,29,84.7033,158.61,95.5,0.6608,-0.5,38,None,False
14766,High-Value Stable,ENGAGED,United Kingdom,11,6375.73,8,579.6118,942.05,365.11,1.5802,1.0,251,POSITIVE_MOMENTUM,False
14767,Unsegmented (Insufficient History),DORMANT,United Kingdom,1,382.81,474,382.81,0.0,0.0,0.0,0.0,18,None,True
14768,Low-Activity / Long-Recency,ENGAGED,United Kingdom,2,192.6,17,96.3,59.4,133.2,-0.5541,0.0,4,None,False
14769,High-Value Stable,SOFTENING,United Kingdom,17,15514.11,2,912.5947,4132.14,650.59,5.3514,0.0,834,None,False
14770,High-Value Stable,DORMANT,United Kingdom,8,3637.64,232,454.705,0.0,0.0,0.0,0.0,152,HISTORICAL_VALUE_DORMANT,False
14771,Low-Activity / Long-Recency,DORMANT,United Kingdom,2,594.62,621,297.31,0.0,0.0,0.0,0.0,46,None,False
14772,Unsegmented (Insufficient History),DORMANT,United Kingdom,1,139.26,112,139.26,0.0,139.26,-1.0,-1.0,9,None,True
14773,Unsegmented (Insufficient History),DORMANT,United Kingdom,1,140.55,592,140.55,0.0,0.0,0.0,0.0,10,None,True
14774,Unsegmented (Insufficient History),DORMANT,United Kingdom,1,241.45,528,241.45,0.0,0.0,0.0,0.0,13,None,True
14775,Low-Activity / Long-Recency,ENGAGED,United Kingdom,3,1011.9,58,337.3,310.44,294.9,0.0527,0.0,57,None,False
14776,High-Value Stable,ENGAGED,United Kingdom,15,3708.3,51,247.22,676.08,787.62,-0.1416,-0.4,68,None,False
14777,Unsegmented (Insufficient History),DORMANT,United Kingdom,1,307.56,403,307.56,0.0,0.0,0.0,0.0,16,None,True
14778,Low-Activity / Long-Recency,DORMANT,United Kingdom,2,730.86,127,365.43,0.0,396.81,-1.0,-1.0,34,None,False
14779,Low-Activity / Long-Recency,DORMANT,United Kingdom,3,386.15,280,128.7167,0.0,0.0,0.0,0.0,40,None,False
14780,Unsegmented (Insufficient History),ENGAGED,United Kingdom,2,447.68,54,223.84,447.68,0.0,1.0,1.0,26,POSITIVE_MOMENTUM,True
14782,Unsegmented (Insufficient History),DORMANT,United Kingdom,1,200.1,319,200.1,0.0,0.0,0.0,0.0,6,None,True
14783,Unsegmented (Insufficient History),DORMANT,United Kingdom,1,307.3,659,307.3,0.0,0.0,0.0,0.0,17,None,True
14784,Emerging Engagement,ENGAGED,United Kingdom,3,449.93,26,149.9767,175.31,0.0,1.0,1.0,25,POSITIVE_MOMENTUM,False
14785,Unsegmented (Insufficient History),EMERGING,United Kingdom,2,77.4,10,38.7,77.4,0.0,1.0,1.0,2,EMERGING_BROADENING,True
14786,Unsegmented (Insufficient History),DORMANT,United Kingdom,1,90.96,550,90.96,0.0,0.0,0.0,0.0,7,None,True
14787,Unsegmented (Insufficient History),DORMANT,United Kingdom,1,110.65,471,110.65,0.0,0.0,0.0,0.0,14,None,True
14788,Emerging Engagement,ENGAGED,United Kingdom,3,1156.32,7,385.44,679.44,0.0,1.0,1.0,53,POSITIVE_MOMENTUM,False
14789,Unsegmented (Insufficient History),EMERGING,United Kingdom,1,197.64,28,197.64,197.64,0.0,1.0,1.0,6,EMERGING_BROADENING,True
14790,Emerging Engagement,ENGAGED,United Kingdom,10,2526.62,16,252.662,381.02,211.88,0.7983,1.0,65,POSITIVE_MOMENTUM,False
14791,Unsegmented (Insufficient History),DORMANT,United Kingdom,1,303.63,606,303.63,0.0,0.0,0.0,0.0,19,None,True
14792,Unsegmented (Insufficient History),EMERGING,United Kingdom,1,6.2,63,6.2,6.2,0.0,1.0,1.0,2,EMERGING_BROADENING,True
14793,Emerging Engagement,ENGAGED,United Kingdom,2,625.9,21,312.95,228.99,0.0,1.0,1.0,39,POSITIVE_MOMENTUM,False
14794,High-Value Stable,ENGAGED,United Kingdom,10,1953.9,2,195.39,640.37,0.0,1.0,1.0,85,POSITIVE_MOMENTUM,False
14795,Unsegmented (Insufficient History),DORMANT,United Kingdom,1,131.45,166,131.45,0.0,131.45,-1.0,-1.0,6,None,True
14796,High-Value Stable,SOFTENING,United Kingdom,27,10169.33,1,376.6419,1394.31,3110.28,-0.5517,-0.4,487,HIGH_VALUE_SOFTENING,False
14797,Unsegmented (Insufficient History),DORMANT,United Kingdom,1,300.31,507,300.31,0.0,0.0,0.0,0.0,16,None,True
14798,Emerging Engagement,ENGAGED,United Kingdom,8,724.31,52,90.5388,76.34,21.72,2.5147,0.0,30,HIGH_FREQUENCY_LOW_VALUE,False
14799,Emerging Engagement,ENGAGED,United Kingdom,2,338.15,51,169.075,157.7,0.0,1.0,1.0,20,POSITIVE_MOMENTUM,False
14800,High-Value Stable,SOFTENING,United Kingdom,17,7191.33,47,423.0194,499.3,446.38,0.1186,0.5,337,None,False
14801,Unsegmented (Insufficient History),EMERGING,United Kingdom,1,189.34,61,189.34,189.34,0.0,1.0,1.0,56,EMERGING_BROADENING,True
14802,Low-Activity / Long-Recency,DORMANT,United Kingdom,2,1502.98,438,751.49,0.0,0.0,0.0,0.0,1,None,False
14803,Low-Activity / Long-Recency,DORMANT,United Kingdom,3,845.55,162,281.85,0.0,114.76,-1.0,-1.0,35,None,False
14804,Unsegmented (Insufficient History),EMERGING,United Kingdom,1,353.27,8,353.27,353.27,0.0,1.0,1.0,12,EMERGING_BROADENING,True
14805,Emerging Engagement,ENGAGED,United Kingdom,7,1082.55,15,154.65,437.15,0.0,1.0,1.0,88,POSITIVE_MOMENTUM,False
14806,Emerging Engagement,SOFTENING,United Kingdom,2,303.43,75,151.715,193.39,0.0,1.0,1.0,17,POSITIVE_MOMENTUM,False
14807,Low-Activity / Long-Recency,DORMANT,United Kingdom,2,504.14,390,252.07,0.0,0.0,0.0,0.0,37,None,False
14808,High-Value Stable,SOFTENING,United Kingdom,8,2718.6,39,339.825,884.78,1833.82,-0.5175,-0.6667,176,BROAD_ENGAGEMENT_SOFTENING,False
14809,Low-Activity / Long-Recency,DORMANT,United Kingdom,2,686.76,621,343.38,0.0,0.0,0.0,0.0,18,None,False
14810,High-Value Stable,SOFTENING,United Kingdom,13,2354.03,40,181.0792,218.55,590.63,-0.63,-0.5,125,BROAD_ENGAGEMENT_SOFTENING,False
14811,Unsegmented (Insufficient History),DORMANT,United Kingdom,1,170.5,387,170.5,0.0,0.0,0.0,0.0,28,None,True
14812,Unsegmented (Insufficient History),DORMANT,United Kingdom,1,178.85,598,178.85,0.0,0.0,0.0,0.0,36,None,True
14813,Low-Activity / Long-Recency,DORMANT,United Kingdom,4,888.91,369,222.2275,0.0,0.0,0.0,0.0,110,None,False
14814,Unsegmented (Insufficient History),DORMANT,United Kingdom,1,154.21,581,154.21,0.0,0.0,0.0,0.0,28,None,True
14815,Unsegmented (Insufficient History),EMERGING,United Kingdom,2,778.5,36,389.25,778.5,0.0,1.0,1.0,53,EMERGING_BROADENING,True
14816,Unsegmented (Insufficient History),DORMANT,United Kingdom,1,271.85,197,271.85,0.0,0.0,0.0,0.0,4,None,True
14817,High-Value Stable,DORMANT,United Kingdom,7,3959.86,200,565.6943,0.0,0.0,0.0,0.0,142,HISTORICAL_VALUE_DORMANT,False
14818,Low-Activity / Long-Recency,SOFTENING,United Kingdom,6,1153.56,73,192.26,248.17,291.38,-0.1483,0.0,87,None,False
14819,Emerging Engagement,ENGAGED,United Kingdom,4,456.41,64,114.1025,187.35,0.0,1.0,1.0,52,POSITIVE_MOMENTUM,False
14820,Emerging Engagement,ENGAGED,United Kingdom,9,1274.76,21,141.64,367.52,139.77,1.6295,2.0,51,POSITIVE_MOMENTUM,False
14821,Low-Activity / Long-Recency,DORMANT,United Kingdom,7,1230.15,366,175.7357,0.0,0.0,0.0,0.0,65,None,False
14822,Unsegmented (Insufficient History),DORMANT,United Kingdom,1,157.7,485,157.7,0.0,0.0,0.0,0.0,9,None,True
14823,Low-Activity / Long-Recency,DORMANT,United Kingdom,3,321.43,180,107.1433,0.0,0.0,0.0,0.0,56,None,False
14824,Emerging Engagement,ENGAGED,United Kingdom,10,4022.91,10,402.291,685.8,441.91,0.5519,2.0,84,POSITIVE_MOMENTUM,False
14825,High-Value Stable,ENGAGED,United Kingdom,24,4735.08,3,197.295,887.54,313.5,1.8311,1.5,187,POSITIVE_MOMENTUM,False
14826,Low-Activity / Long-Recency,DORMANT,United Kingdom,2,385.2,581,192.6,0.0,0.0,0.0,0.0,10,None,False
14828,High-Value Stable,DORMANT,United Kingdom,13,9839.46,196,756.8815,0.0,0.0,0.0,0.0,72,HISTORICAL_VALUE_DORMANT,False
14829,Emerging Engagement,ENGAGED,United Kingdom,7,1455.87,29,207.9814,165.92,0.0,1.0,1.0,77,POSITIVE_MOMENTUM,False
14830,Unsegmented (Insufficient History),EMERGING,United Kingdom,1,188.88,53,188.88,188.88,0.0,1.0,1.0,39,EMERGING_BROADENING,True
14831,Low-Activity / Long-Recency,DORMANT,United Kingdom,3,1676.57,680,558.8567,0.0,0.0,0.0,0.0,67,None,False
14832,Unsegmented (Insufficient History),DORMANT,United Kingdom,1,322.69,630,322.69,0.0,0.0,0.0,0.0,1,None,True
14833,Unsegmented (Insufficient History),DORMANT,United Kingdom,1,94.8,498,94.8,0.0,0.0,0.0,0.0,7,None,True
14834,Emerging Engagement,ENGAGED,United Kingdom,7,2206.16,17,315.1657,1291.0,185.61,5.9554,3.0,55,POSITIVE_MOMENTUM,False
14835,Low-Activity / Long-Recency,DORMANT,United Kingdom,2,297.0,528,148.5,0.0,0.0,0.0,0.0,1,None,False
14836,Unsegmented (Insufficient History),EMERGING,United Kingdom,3,102.45,10,34.15,102.45,0.0,1.0,1.0,5,EMERGING_BROADENING,True
14837,High-Value Stable,SOFTENING,United Kingdom,9,3460.32,89,384.48,303.94,853.3,-0.6438,-0.5,171,HIGH_VALUE_SOFTENING,False
14838,Low-Activity / Long-Recency,DORMANT,United Kingdom,2,769.92,423,384.96,0.0,0.0,0.0,0.0,69,None,False
14839,Low-Activity / Long-Recency,DORMANT,United Kingdom,3,915.28,418,305.0933,0.0,0.0,0.0,0.0,61,None,False
14840,Low-Activity / Long-Recency,DORMANT,United Kingdom,2,362.71,267,181.355,0.0,0.0,0.0,0.0,20,None,False
14841,High-Value Stable,ENGAGED,United Kingdom,14,7163.0,53,511.6429,920.19,593.72,0.5499,1.0,196,POSITIVE_MOMENTUM,False
14842,Emerging Engagement,ENGAGED,United Kingdom,4,2824.69,43,706.1725,923.17,213.04,3.3333,0.0,128,None,False
14843,Unsegmented (Insufficient History),DORMANT,United Kingdom,1,211.8,436,211.8,0.0,0.0,0.0,0.0,9,None,True
14844,High-Value Stable,ENGAGED,United Kingdom,10,6702.43,63,670.243,932.13,1383.13,-0.3261,-0.5,158,BROAD_ENGAGEMENT_SOFTENING,False
14845,Unsegmented (Insufficient History),DORMANT,United Kingdom,1,150.0,599,150.0,0.0,0.0,0.0,0.0,1,None,True
14846,Unsegmented (Insufficient History),DORMANT,United Kingdom,1,437.4,427,437.4,0.0,0.0,0.0,0.0,12,None,True
14847,Low-Activity / Long-Recency,DORMANT,United Kingdom,3,1348.95,148,449.65,0.0,309.4,-1.0,-1.0,56,None,False
14848,Unsegmented (Insufficient History),DORMANT,United Kingdom,1,310.56,404,310.56,0.0,0.0,0.0,0.0,11,None,True
14849,High-Value Stable,ENGAGED,United Kingdom,43,15407.61,21,358.3165,2146.01,3371.62,-0.3635,0.1429,279,HIGH_VALUE_SOFTENING,False
14850,Low-Activity / Long-Recency,DORMANT,United Kingdom,7,1770.96,311,252.9943,0.0,0.0,0.0,0.0,129,None,False
14851,Emerging Engagement,ENGAGED,United Kingdom,3,829.41,23,276.47,305.22,0.0,1.0,1.0,38,POSITIVE_MOMENTUM,False
14852,High-Value Stable,SOFTENING,United Kingdom,18,6132.43,58,340.6906,648.27,1698.02,-0.6182,-0.75,152,HIGH_VALUE_SOFTENING,False
14853,Emerging Engagement,ENGAGED,United Kingdom,5,1376.87,24,275.374,261.3,0.0,1.0,1.0,26,POSITIVE_MOMENTUM,False
14854,High-Value Stable,SOFTENING,United Kingdom,11,4303.06,78,391.1873,458.2,1090.5,-0.5798,-0.6667,170,HIGH_VALUE_SOFTENING,False
14855,High-Value Stable,DORMANT,United Kingdom,7,6520.3,119,931.4714,0.0,645.65,-1.0,-1.0,168,HIGH_VALUE_SOFTENING,False
14856,Unsegmented (Insufficient History),EMERGING,United Kingdom,3,1290.53,36,430.1767,1290.53,0.0,1.0,1.0,65,EMERGING_BROADENING,True
14857,High-Value Stable,ENGAGED,United Kingdom,7,3651.851,59,521.693,650.6,522.52,0.2451,0.0,170,None,False
14858,Unsegmented (Insufficient History),DORMANT,United Kingdom,1,180.75,505,180.75,0.0,0.0,0.0,0.0,11,None,True
14859,Emerging Engagement,ENGAGED,United Kingdom,5,1705.64,12,341.128,1056.88,0.0,1.0,1.0,51,POSITIVE_MOMENTUM,False
14860,Unsegmented (Insufficient History),EMERGING,United Kingdom,1,170.32,19,170.32,170.32,0.0,1.0,1.0,11,EMERGING_BROADENING,True
14861,Emerging Engagement,ENGAGED,United Kingdom,10,1380.73,52,138.073,125.79,0.0,1.0,1.0,62,HIGH_FREQUENCY_LOW_VALUE,False
14862,Emerging Engagement,ENGAGED,United Kingdom,2,841.2,25,420.6,537.1,304.1,0.7662,0.0,47,None,False
14863,Unsegmented (Insufficient History),EMERGING,United Kingdom,1,266.76,29,266.76,266.76,0.0,1.0,1.0,11,EMERGING_BROADENING,True
14865,Emerging Engagement,REACTIVATED,United Kingdom,4,92.52,7,23.13,15.0,0.0,1.0,1.0,4,POSITIVE_MOMENTUM,False
14866,Emerging Engagement,ENGAGED,United Kingdom,19,20746.54,10,1091.9232,13226.0,1060.22,11.4748,1.6667,40,POSITIVE_MOMENTUM,False
14867,High-Value Stable,DORMANT,United Kingdom,16,2952.06,185,184.5038,0.0,0.0,0.0,0.0,67,HIGH_FREQUENCY_LOW_VALUE,False
14868,High-Value Stable,SOFTENING,United Kingdom,12,4184.01,3,348.6675,1656.52,857.74,0.9313,0.3333,132,POSITIVE_MOMENTUM,False
14869,High-Value Stable,ENGAGED,United Kingdom,6,2778.14,8,463.0233,334.39,387.06,-0.1361,0.0,187,None,False
14870,Low-Activity / Long-Recency,DORMANT,United Kingdom,6,1838.95,261,306.4917,0.0,0.0,0.0,0.0,43,None,False
14871,High-Value Stable,REACTIVATED,United Kingdom,9,1228.17,3,136.4633,165.98,106.15,0.5636,0.0,123,HIGH_FREQUENCY_LOW_VALUE,False
14872,Low-Activity / Long-Recency,DORMANT,United Kingdom,3,816.6,483,272.2,0.0,0.0,0.0,0.0,34,None,False
14873,Low-Activity / Long-Recency,DORMANT,United Kingdom,2,854.13,210,427.065,0.0,0.0,0.0,0.0,48,None,False
14874,Unsegmented (Insufficient History),DORMANT,United Kingdom,1,116.18,535,116.18,0.0,0.0,0.0,0.0,6,None,True
14875,Low-Activity / Long-Recency,DORMANT,United Kingdom,3,2862.4,107,954.1333,0.0,1103.32,-1.0,-1.0,88,BROAD_ENGAGEMENT_SOFTENING,False
14876,Low-Activity / Long-Recency,DORMANT,United Kingdom,2,256.7,521,128.35,0.0,0.0,0.0,0.0,12,None,False
14877,Low-Activity / Long-Recency,DORMANT,United Kingdom,2,425.85,418,212.925,0.0,0.0,0.0,0.0,57,None,False
14878,High-Value Stable,ENGAGED,United Kingdom,25,4076.5,12,163.06,393.07,120.25,2.2688,2.0,159,POSITIVE_MOMENTUM,False
14879,Unsegmented (Insufficient History),DORMANT,United Kingdom,1,185.06,684,185.06,0.0,0.0,0.0,0.0,27,None,True
14880,Emerging Engagement,SOFTENING,United Kingdom,3,690.59,77,230.1967,342.92,0.0,1.0,1.0,45,POSITIVE_MOMENTUM,False
14881,Unsegmented (Insufficient History),EMERGING,United Kingdom,1,255.4,19,255.4,255.4,0.0,1.0,1.0,17,EMERGING_BROADENING,True
14882,High-Value Stable,ENGAGED,United Kingdom,14,3546.65,26,253.3321,589.7,0.0,1.0,1.0,32,POSITIVE_MOMENTUM,False
14883,Emerging Engagement,ENGAGED,United Kingdom,6,761.59,18,126.9317,403.11,47.92,7.4121,3.0,39,POSITIVE_MOMENTUM,False
14884,Unsegmented (Insufficient History),DORMANT,United Kingdom,1,120.6,669,120.6,0.0,0.0,0.0,0.0,8,None,True
14885,Low-Activity / Long-Recency,DORMANT,United Kingdom,3,1598.12,131,532.7067,0.0,765.32,-1.0,-1.0,24,None,False
14886,Unsegmented (Insufficient History),DORMANT,United Kingdom,1,364.8,252,364.8,0.0,0.0,0.0,0.0,18,None,True
14887,Unsegmented (Insufficient History),SOFTENING,United Kingdom,1,1862.0,79,1862.0,1862.0,0.0,1.0,1.0,6,POSITIVE_MOMENTUM,True
14888,Unsegmented (Insufficient History),DORMANT,United Kingdom,1,369.2,207,369.2,0.0,0.0,0.0,0.0,20,None,True
14889,Unsegmented (Insufficient History),DORMANT,United Kingdom,1,135.9,336,135.9,0.0,0.0,0.0,0.0,10,None,True
14890,Low-Activity / Long-Recency,DORMANT,United Kingdom,3,817.25,253,272.4167,0.0,0.0,0.0,0.0,55,None,False
14891,Low-Activity / Long-Recency,DORMANT,United Kingdom,4,1106.73,148,276.6825,0.0,105.0,-1.0,-1.0,55,None,False
14892,Unsegmented (Insufficient History),DORMANT,United Kingdom,1,202.35,690,202.35,0.0,0.0,0.0,0.0,13,None,True
14893,Emerging Engagement,ENGAGED,United Kingdom,3,1809.61,9,603.2033,1237.85,0.0,1.0,1.0,98,POSITIVE_MOMENTUM,False
14894,Emerging Engagement,SOFTENING,United Kingdom,3,1492.81,85,497.6033,655.75,0.0,1.0,1.0,39,POSITIVE_MOMENTUM,False
14895,High-Value Stable,ENGAGED,United Kingdom,38,25119.54,7,661.0405,3163.92,3245.03,-0.025,-0.125,441,None,False
14896,High-Value Stable,DORMANT,United Kingdom,8,1826.0,204,228.25,0.0,0.0,0.0,0.0,150,HIGH_FREQUENCY_LOW_VALUE,False
14897,Emerging Engagement,ENGAGED,United Kingdom,8,3140.54,7,392.5675,1190.88,0.0,1.0,1.0,94,POSITIVE_MOMENTUM,False
14898,High-Value Stable,ENGAGED,United Kingdom,14,3365.95,23,240.425,278.13,380.25,-0.2686,0.0,185,HIGH_VALUE_SOFTENING,False
14899,Unsegmented (Insufficient History),DORMANT,United Kingdom,1,1331.38,395,1331.38,0.0,0.0,0.0,0.0,126,None,True
14900,Unsegmented (Insufficient History),DORMANT,United Kingdom,1,13.92,522,13.92,0.0,0.0,0.0,0.0,1,None,True
14901,High-Value Stable,SOFTENING,United Kingdom,12,1919.0,11,159.9167,599.17,325.07,0.8432,1.0,103,POSITIVE_MOMENTUM,False
14902,Emerging Engagement,ENGAGED,United Kingdom,3,1035.62,25,345.2067,332.66,0.0,1.0,1.0,51,POSITIVE_MOMENTUM,False
14903,High-Value Stable,ENGAGED,United Kingdom,5,2795.33,21,559.066,396.71,601.69,-0.3407,0.0,227,None,False
14904,Emerging Engagement,ENGAGED,United Kingdom,4,1630.49,2,407.6225,1025.44,0.0,1.0,1.0,127,POSITIVE_MOMENTUM,False
14905,Low-Activity / Long-Recency,DORMANT,United Kingdom,8,1971.39,157,246.4238,0.0,307.6,-1.0,-1.0,45,None,False
14906,Unsegmented (Insufficient History),DORMANT,United Kingdom,1,68.44,445,68.44,0.0,0.0,0.0,0.0,1,None,True
14907,High-Value Stable,ENGAGED,United Kingdom,16,5547.72,3,346.7325,892.92,1647.49,-0.458,0.0,153,HIGH_VALUE_SOFTENING,False
14908,Emerging Engagement,SOFTENING,United Kingdom,2,381.9,74,190.95,277.8,0.0,1.0,1.0,14,POSITIVE_MOMENTUM,False
14909,Low-Activity / Long-Recency,DORMANT,United Kingdom,3,1404.68,437,468.2267,0.0,0.0,0.0,0.0,61,None,False
14910,Unsegmented (Insufficient History),EMERGING,United Kingdom,4,434.35,2,108.5875,434.35,0.0,1.0,1.0,25,EMERGING_BROADENING,True
14911,High-Value Stable,ENGAGED,EIRE,398,291420.81,1,732.2131,61807.38,38519.15,0.6046,0.9348,2550,POSITIVE_MOMENTUM,False
14912,Emerging Engagement,ENGAGED,Italy,6,1889.25,16,314.875,385.06,0.0,1.0,1.0,44,POSITIVE_MOMENTUM,False
14913,High-Value Stable,ENGAGED,United Kingdom,8,4073.13,35,509.1413,310.28,0.0,1.0,1.0,176,POSITIVE_MOMENTUM,False
14915,Low-Activity / Long-Recency,SOFTENING,United Kingdom,11,1811.25,91,164.6591,0.0,165.2,-1.0,-1.0,65,HIGH_FREQUENCY_LOW_VALUE,False
14916,High-Value Stable,SOFTENING,United Kingdom,8,3042.95,70,380.3688,301.22,672.71,-0.5522,-0.5,113,HIGH_VALUE_SOFTENING,False
14917,Low-Activity / Long-Recency,DORMANT,United Kingdom,2,1123.75,596,561.875,0.0,0.0,0.0,0.0,29,None,False
14918,High-Value Stable,DORMANT,United Kingdom,9,5955.81,115,661.7567,0.0,1610.15,-1.0,-1.0,79,HIGH_VALUE_SOFTENING,False
14919,Unsegmented (Insufficient History),DORMANT,United Kingdom,1,359.35,539,359.35,0.0,0.0,0.0,0.0,13,None,True
14920,Low-Activity / Long-Recency,DORMANT,United Kingdom,3,1607.17,212,535.7233,0.0,0.0,0.0,0.0,90,None,False
14921,Emerging Engagement,ENGAGED,United Kingdom,2,1316.07,30,658.035,413.06,0.0,1.0,1.0,78,POSITIVE_MOMENTUM,False
14922,Low-Activity / Long-Recency,DORMANT,United Kingdom,2,843.74,393,421.87,0.0,0.0,0.0,0.0,49,None,False
14923,Unsegmented (Insufficient History),EMERGING,United Kingdom,1,749.1,50,749.1,749.1,0.0,1.0,1.0,44,EMERGING_BROADENING,True
14924,Low-Activity / Long-Recency,DORMANT,United Kingdom,3,931.01,245,310.3367,0.0,0.0,0.0,0.0,30,None,False
14926,Low-Activity / Long-Recency,DORMANT,United Kingdom,2,359.4,381,179.7,0.0,0.0,0.0,0.0,2,None,False
14927,Unsegmented (Insufficient History),DORMANT,United Kingdom,1,308.2,396,308.2,0.0,0.0,0.0,0.0,20,None,True
14928,Unsegmented (Insufficient History),DORMANT,United Kingdom,1,223.91,627,223.91,0.0,0.0,0.0,0.0,21,None,True
14929,Emerging Engagement,ENGAGED,United Kingdom,2,836.69,32,418.345,223.88,0.0,1.0,1.0,34,POSITIVE_MOMENTUM,False
14930,High-Value Stable,DORMANT,Channel Islands,6,5236.73,108,872.7883,0.0,1258.83,-1.0,-1.0,213,HIGH_VALUE_SOFTENING,False
14931,Emerging Engagement,ENGAGED,Channel Islands,5,1257.68,4,251.536,671.68,0.0,1.0,1.0,30,POSITIVE_MOMENTUM,False
14932,Low-Activity / Long-Recency,DORMANT,Channel Islands,2,666.13,365,333.065,0.0,0.0,0.0,0.0,29,None,False
14933,Low-Activity / Long-Recency,DORMANT,Channel Islands,4,1770.0,443,442.5,0.0,0.0,0.0,0.0,1,None,False
14934,Emerging Engagement,SOFTENING,Channel Islands,5,3503.5,81,700.7,1062.1,0.0,1.0,1.0,115,POSITIVE_MOMENTUM,False
14935,Low-Activity / Long-Recency,DORMANT,Channel Islands,2,2849.83,297,1424.915,0.0,0.0,0.0,0.0,25,None,False
14936,High-Value Stable,ENGAGED,Channel Islands,12,12410.81,33,1034.2342,3064.14,3496.52,-0.1237,1.5,267,None,False
14937,Emerging Engagement,ENGAGED,Channel Islands,3,1621.88,56,540.6267,862.32,759.56,0.1353,1.0,33,None,False
14938,Low-Activity / Long-Recency,DORMANT,Channel Islands,2,2322.43,562,1161.215,0.0,0.0,0.0,0.0,71,None,False
14940,Low-Activity / Long-Recency,DORMANT,United Kingdom,2,531.49,417,265.745,0.0,0.0,0.0,0.0,32,None,False
14941,Unsegmented (Insufficient History),DORMANT,United Kingdom,1,182.1,578,182.1,0.0,0.0,0.0,0.0,7,None,True
14942,Low-Activity / Long-Recency,DORMANT,United Kingdom,4,746.56,401,186.64,0.0,0.0,0.0,0.0,12,None,False
14943,Unsegmented (Insufficient History),DORMANT,United Kingdom,1,107.62,663,107.62,0.0,0.0,0.0,0.0,5,None,True
14944,High-Value Stable,SOFTENING,United Kingdom,19,9784.67,29,514.9826,2736.06,1332.16,1.0539,1.5,184,POSITIVE_MOMENTUM,False
14945,Unsegmented (Insufficient History),DORMANT,United Kingdom,1,179.4,413,179.4,0.0,0.0,0.0,0.0,11,None,True
14946,Unsegmented (Insufficient History),EMERGING,United Kingdom,1,100.9,14,100.9,100.9,0.0,1.0,1.0,3,EMERGING_BROADENING,True
14947,Low-Activity / Long-Recency,SOFTENING,United Kingdom,6,1049.79,72,174.965,112.32,178.5,-0.3708,0.0,47,None,False
14948,Low-Activity / Long-Recency,SOFTENING,United Kingdom,6,1101.97,23,183.6617,462.74,360.83,0.2824,-0.3333,56,None,False
14949,Low-Activity / Long-Recency,DORMANT,United Kingdom,4,515.0,469,128.75,0.0,0.0,0.0,0.0,16,None,False
14950,Unsegmented (Insufficient History),EMERGING,United Kingdom,1,371.2,19,371.2,371.2,0.0,1.0,1.0,19,EMERGING_BROADENING,True
14951,Unsegmented (Insufficient History),SOFTENING,United Kingdom,1,311.69,79,311.69,311.69,0.0,1.0,1.0,20,POSITIVE_MOMENTUM,True
14952,High-Value Stable,ENGAGED,United Kingdom,32,17629.35,59,550.9172,4564.88,0.0,1.0,1.0,240,POSITIVE_MOMENTUM,False
14953,Emerging Engagement,ENGAGED,United Kingdom,4,971.32,25,242.83,285.67,0.0,1.0,1.0,202,POSITIVE_MOMENTUM,False
14954,Emerging Engagement,ENGAGED,United Kingdom,2,462.12,12,231.06,294.85,0.0,1.0,1.0,111,POSITIVE_MOMENTUM,False
14955,Unsegmented (Insufficient History),DORMANT,United Kingdom,1,163.77,732,163.77,0.0,0.0,0.0,0.0,30,None,True
14956,Unsegmented (Insufficient History),DORMANT,United Kingdom,1,1325.0,421,1325.0,0.0,0.0,0.0,0.0,4,None,True
14957,Low-Activity / Long-Recency,DORMANT,United Kingdom,2,261.69,253,130.845,0.0,0.0,0.0,0.0,27,None,False
14958,Low-Activity / Long-Recency,DORMANT,United Kingdom,6,941.99,147,156.9983,0.0,107.4,-1.0,-1.0,52,None,False
14959,Low-Activity / Long-Recency,ENGAGED,United Kingdom,4,695.42,64,173.855,158.1,114.94,0.3755,0.0,37,None,False
14960,Low-Activity / Long-Recency,REACTIVATED,United Kingdom,2,221.27,8,110.635,132.97,88.3,0.5059,0.0,23,None,False
14961,High-Value Stable,SOFTENING,United Kingdom,22,16410.15,10,745.9159,2126.75,1738.27,0.2235,0.0,328,None,False
14962,Low-Activity / Long-Recency,DORMANT,United Kingdom,4,366.91,270,91.7275,0.0,0.0,0.0,0.0,14,None,False
14963,High-Value Stable,ENGAGED,United Kingdom,12,3123.57,9,260.2975,1178.14,0.0,1.0,1.0,304,POSITIVE_MOMENTUM,False
14964,Unsegmented (Insufficient History),DORMANT,United Kingdom,1,206.21,247,206.21,0.0,0.0,0.0,0.0,13,None,True
14965,Low-Activity / Long-Recency,SOFTENING,United Kingdom,2,596.09,96,298.045,0.0,596.09,-1.0,-1.0,80,None,False
14966,Emerging Engagement,ENGAGED,United Kingdom,6,1064.26,14,177.3767,183.02,0.0,1.0,1.0,125,POSITIVE_MOMENTUM,False
14967,Emerging Engagement,ENGAGED,United Kingdom,6,1982.61,49,330.435,463.8,0.0,1.0,1.0,22,POSITIVE_MOMENTUM,False
14968,Emerging Engagement,ENGAGED,United Kingdom,2,501.24,30,250.62,147.59,0.0,1.0,1.0,83,POSITIVE_MOMENTUM,False
14969,Unsegmented (Insufficient History),DORMANT,United Kingdom,1,906.23,703,906.23,0.0,0.0,0.0,0.0,13,None,True
14970,High-Value Stable,ENGAGED,United Kingdom,12,4919.35,68,409.9458,472.31,337.5,0.3994,0.0,71,None,False
14971,Unsegmented (Insufficient History),EMERGING,United Kingdom,3,1097.98,35,365.9933,1097.98,0.0,1.0,1.0,144,EMERGING_BROADENING,True
14972,Low-Activity / Long-Recency,DORMANT,United Kingdom,2,145.07,128,72.535,0.0,114.77,-1.0,-1.0,20,None,False
14973,Low-Activity / Long-Recency,DORMANT,United Kingdom,3,1314.45,107,438.15,0.0,659.85,-1.0,-1.0,29,None,False
14974,Unsegmented (Insufficient History),EMERGING,United Kingdom,1,89.94,37,89.94,89.94,0.0,1.0,1.0,17,EMERGING_BROADENING,True
14975,Emerging Engagement,ENGAGED,United Kingdom,2,472.39,57,236.195,279.94,0.0,1.0,1.0,25,POSITIVE_MOMENTUM,False
14976,Emerging Engagement,ENGAGED,United Kingdom,7,790.86,57,112.98,230.9,109.7,1.1048,2.0,47,POSITIVE_MOMENTUM,False
14977,Unsegmented (Insufficient History),DORMANT,United Kingdom,1,31.93,725,31.93,0.0,0.0,0.0,0.0,4,None,True
14978,High-Value Stable,SOFTENING,United Kingdom,10,3112.19,72,311.219,394.14,0.0,1.0,1.0,175,POSITIVE_MOMENTUM,False
14979,Unsegmented (Insufficient History),DORMANT,United Kingdom,1,429.66,735,429.66,0.0,0.0,0.0,0.0,42,None,True
14980,Unsegmented (Insufficient History),DORMANT,United Kingdom,1,150.68,737,150.68,0.0,0.0,0.0,0.0,24,None,True
14981,Low-Activity / Long-Recency,DORMANT,United Kingdom,2,372.92,246,186.46,0.0,0.0,0.0,0.0,20,None,False
14982,Unsegmented (Insufficient History),DORMANT,United Kingdom,1,237.78,572,237.78,0.0,0.0,0.0,0.0,39,None,True
14983,Unsegmented (Insufficient History),DORMANT,United Kingdom,1,183.2,689,183.2,0.0,0.0,0.0,0.0,30,None,True
14984,Emerging Engagement,ENGAGED,United Kingdom,6,1260.51,19,210.085,100.14,0.0,1.0,1.0,48,POSITIVE_MOMENTUM,False
14985,Low-Activity / Long-Recency,DORMANT,United Kingdom,2,292.01,198,146.005,0.0,0.0,0.0,0.0,78,None,False
14986,Low-Activity / Long-Recency,DORMANT,United Kingdom,2,563.1,376,281.55,0.0,0.0,0.0,0.0,87,None,False
14987,Emerging Engagement,ENGAGED,United Kingdom,8,1550.65,15,193.8312,163.2,0.0,1.0,1.0,4,POSITIVE_MOMENTUM,False
14988,High-Value Stable,DORMANT,United Kingdom,7,2038.65,211,291.2357,0.0,0.0,0.0,0.0,171,None,False
14989,Unsegmented (Insufficient History),DORMANT,United Kingdom,1,342.4,661,342.4,0.0,0.0,0.0,0.0,18,None,True
14990,Low-Activity / Long-Recency,DORMANT,United Kingdom,2,304.17,612,152.085,0.0,0.0,0.0,0.0,41,None,False
14991,Unsegmented (Insufficient History),DORMANT,United Kingdom,1,314.67,430,314.67,0.0,0.0,0.0,0.0,21,None,True
14992,Unsegmented (Insufficient History),DORMANT,United Kingdom,1,210.5,442,210.5,0.0,0.0,0.0,0.0,27,None,True
14993,Unsegmented (Insufficient History),DORMANT,United Kingdom,1,36.13,563,36.13,0.0,0.0,0.0,0.0,9,None,True
14994,Low-Activity / Long-Recency,DORMANT,United Kingdom,5,946.72,382,189.344,0.0,0.0,0.0,0.0,233,None,False
14995,Emerging Engagement,ENGAGED,United Kingdom,2,231.98,38,115.99,112.67,0.0,1.0,1.0,53,POSITIVE_MOMENTUM,False
14996,Low-Activity / Long-Recency,DORMANT,United Kingdom,2,442.29,481,221.145,0.0,0.0,0.0,0.0,37,None,False
14997,Emerging Engagement,ENGAGED,United Kingdom,4,776.6,46,194.15,390.92,155.28,1.5175,1.0,36,POSITIVE_MOMENTUM,False
14998,Low-Activity / Long-Recency,DORMANT,United Kingdom,4,753.18,170,188.295,0.0,231.23,-1.0,-1.0,111,BROAD_ENGAGEMENT_SOFTENING,False
14999,Unsegmented (Insufficient History),DORMANT,United Kingdom,1,129.48,592,129.48,0.0,0.0,0.0,0.0,9,None,True
15000,Unsegmented (Insufficient History),EMERGING,United Kingdom,1,490.52,47,490.52,490.52,0.0,1.0,1.0,76,EMERGING_BROADENING,True
15001,Low-Activity / Long-Recency,DORMANT,United Kingdom,2,199.11,394,99.555,0.0,0.0,0.0,0.0,44,None,False
15002,High-Value Stable,DORMANT,United Kingdom,9,4138.08,115,459.7867,0.0,494.17,-1.0,-1.0,220,HIGH_VALUE_SOFTENING,False
15003,Low-Activity / Long-Recency,DORMANT,United Kingdom,6,1027.03,473,171.1717,0.0,0.0,0.0,0.0,253,None,False
15004,Unsegmented (Insufficient History),DORMANT,United Kingdom,1,1220.77,147,1220.77,0.0,1220.77,-1.0,-1.0,154,BROAD_ENGAGEMENT_SOFTENING,True
15005,High-Value Stable,ENGAGED,United Kingdom,56,13754.58,15,245.6175,1787.82,1566.18,0.1415,0.1429,591,None,False
15006,Emerging Engagement,ENGAGED,United Kingdom,2,757.78,51,378.89,480.38,0.0,1.0,1.0,165,POSITIVE_MOMENTUM,False
15007,Unsegmented (Insufficient History),DORMANT,United Kingdom,1,156.91,159,156.91,0.0,156.91,-1.0,-1.0,12,None,True
15008,Low-Activity / Long-Recency,DORMANT,United Kingdom,2,360.0,480,180.0,0.0,0.0,0.0,0.0,6,None,False
15009,Unsegmented (Insufficient History),EMERGING,United Kingdom,3,1259.43,12,419.81,1259.43,0.0,1.0,1.0,148,EMERGING_BROADENING,True
15010,Unsegmented (Insufficient History),EMERGING,United Kingdom,1,308.94,35,308.94,308.94,0.0,1.0,1.0,20,EMERGING_BROADENING,True
15011,Low-Activity / Long-Recency,DORMANT,United Kingdom,2,416.6,395,208.3,0.0,0.0,0.0,0.0,17,None,False
15012,Emerging Engagement,ENGAGED,United Kingdom,3,646.26,53,215.42,216.48,0.0,1.0,1.0,165,POSITIVE_MOMENTUM,False
15013,Low-Activity / Long-Recency,DORMANT,United Kingdom,10,1610.82,487,161.082,0.0,0.0,0.0,0.0,177,HIGH_FREQUENCY_LOW_VALUE,False
15014,Low-Activity / Long-Recency,ENGAGED,United Kingdom,2,257.67,43,128.835,139.94,117.73,0.1887,0.0,29,None,False
15015,Low-Activity / Long-Recency,DORMANT,United Kingdom,13,2354.97,501,181.1515,0.0,0.0,0.0,0.0,158,HIGH_FREQUENCY_LOW_VALUE,False
15016,Low-Activity / Long-Recency,DORMANT,United Kingdom,5,620.89,172,124.178,0.0,170.04,-1.0,-1.0,93,BROAD_ENGAGEMENT_SOFTENING,False
15017,Unsegmented (Insufficient History),EMERGING,United Kingdom,1,125.58,33,125.58,125.58,0.0,1.0,1.0,20,EMERGING_BROADENING,True
15018,Emerging Engagement,ENGAGED,United Kingdom,3,496.21,38,165.4033,204.87,0.0,1.0,1.0,30,POSITIVE_MOMENTUM,False
15019,Unsegmented (Insufficient History),DORMANT,United Kingdom,1,252.81,266,252.81,0.0,0.0,0.0,0.0,64,None,True
15020,Unsegmented (Insufficient History),DORMANT,United Kingdom,1,198.47,379,198.47,0.0,0.0,0.0,0.0,27,None,True
15021,High-Value Stable,ENGAGED,United Kingdom,12,2500.59,8,208.3825,791.54,415.47,0.9052,1.0,355,POSITIVE_MOMENTUM,False
15022,Emerging Engagement,ENGAGED,United Kingdom,5,1133.44,11,226.688,852.39,0.0,1.0,1.0,115,POSITIVE_MOMENTUM,False
15023,High-Value Stable,ENGAGED,United Kingdom,20,11578.65,3,578.9325,1692.44,2252.59,-0.2487,-0.25,486,BROAD_ENGAGEMENT_SOFTENING,False
15024,Emerging Engagement,ENGAGED,United Kingdom,16,3559.39,9,222.4619,805.81,150.03,4.371,1.5,168,POSITIVE_MOMENTUM,False
15025,Emerging Engagement,ENGAGED,United Kingdom,2,979.79,33,489.895,361.96,0.0,1.0,1.0,132,POSITIVE_MOMENTUM,False
15026,Emerging Engagement,SOFTENING,United Kingdom,5,1048.89,80,209.778,238.22,0.0,1.0,1.0,109,POSITIVE_MOMENTUM,False
15027,High-Value Stable,ENGAGED,United Kingdom,10,3195.6,30,319.56,99.18,312.85,-0.683,0.0,69,HIGH_VALUE_SOFTENING,False
15028,Emerging Engagement,ENGAGED,United Kingdom,6,962.94,8,160.49,441.16,0.0,1.0,1.0,65,POSITIVE_MOMENTUM,False
15029,Unsegmented (Insufficient History),DORMANT,United Kingdom,1,365.1,619,365.1,0.0,0.0,0.0,0.0,10,None,True
15030,Emerging Engagement,SOFTENING,United Kingdom,8,1979.91,71,247.4888,365.52,0.0,1.0,1.0,25,POSITIVE_MOMENTUM,False
15031,High-Value Stable,ENGAGED,United Kingdom,14,3102.94,4,221.6386,391.4,110.96,2.5274,1.0,237,POSITIVE_MOMENTUM,False
15032,High-Value Stable,DORMANT,United Kingdom,8,11010.05,256,1376.2562,0.0,0.0,0.0,0.0,39,HISTORICAL_VALUE_DORMANT,False
15033,High-Value Stable,ENGAGED,United Kingdom,10,2557.18,4,255.718,948.23,453.33,1.0917,0.3333,315,POSITIVE_MOMENTUM,False
15034,High-Value Stable,ENGAGED,United Kingdom,14,8231.2,15,587.9429,1633.78,0.0,1.0,1.0,416,POSITIVE_MOMENTUM,False
15035,Unsegmented (Insufficient History),SOFTENING,United Kingdom,1,252.73,89,252.73,252.73,0.0,1.0,1.0,26,POSITIVE_MOMENTUM,True
15036,Low-Activity / Long-Recency,SOFTENING,United Kingdom,3,429.56,72,143.1867,217.07,212.49,0.0216,-0.5,107,BROAD_ENGAGEMENT_SOFTENING,False
15037,Low-Activity / Long-Recency,DORMANT,United Kingdom,2,397.76,376,198.88,0.0,0.0,0.0,0.0,40,None,False
15038,High-Value Stable,ENGAGED,United Kingdom,9,1146.53,58,127.3922,188.04,0.0,1.0,1.0,190,HIGH_FREQUENCY_LOW_VALUE,False
15039,High-Value Stable,ENGAGED,United Kingdom,93,39141.48,9,420.8761,1381.94,4408.31,-0.6865,-0.1818,562,HIGH_VALUE_SOFTENING,False
15040,Unsegmented (Insufficient History),DORMANT,United Kingdom,1,7.49,541,7.49,0.0,0.0,0.0,0.0,1,None,True
15041,Low-Activity / Long-Recency,DORMANT,United Kingdom,2,289.4,170,144.7,0.0,179.93,-1.0,-1.0,98,BROAD_ENGAGEMENT_SOFTENING,False
15042,Low-Activity / Long-Recency,DORMANT,United Kingdom,2,315.45,199,157.725,0.0,0.0,0.0,0.0,9,None,False
15043,Emerging Engagement,ENGAGED,United Kingdom,6,2870.32,31,478.3867,537.0,0.0,1.0,1.0,39,POSITIVE_MOMENTUM,False
15044,High-Value Stable,ENGAGED,United Kingdom,35,16024.15,19,457.8329,2482.05,696.95,2.5613,1.0,344,POSITIVE_MOMENTUM,False
15045,Low-Activity / Long-Recency,DORMANT,United Kingdom,2,735.66,151,367.83,0.0,346.76,-1.0,-1.0,11,None,False
15046,High-Value Stable,ENGAGED,United Kingdom,25,7623.79,9,304.9516,1146.74,1667.07,-0.3121,0.3333,248,HIGH_VALUE_SOFTENING,False
15047,Unsegmented (Insufficient History),DORMANT,United Kingdom,1,343.62,269,343.62,0.0,0.0,0.0,0.0,22,None,True
15048,Low-Activity / Long-Recency,ENGAGED,United Kingdom,4,381.0,65,95.25,59.52,67.23,-0.1147,0.0,86,None,False
15049,Unsegmented (Insufficient History),DORMANT,United Kingdom,1,121.17,273,121.17,0.0,0.0,0.0,0.0,3,None,True
15050,Emerging Engagement,SOFTENING,United Kingdom,5,4087.19,25,817.438,1737.69,0.0,1.0,1.0,116,POSITIVE_MOMENTUM,False
15051,High-Value Stable,ENGAGED,United Kingdom,9,3926.91,23,436.3233,1005.62,377.74,1.6622,1.0,226,POSITIVE_MOMENTUM,False
15052,Unsegmented (Insufficient History),DORMANT,United Kingdom,1,207.73,319,207.73,0.0,0.0,0.0,0.0,27,None,True
15053,Low-Activity / Long-Recency,REACTIVATED,United Kingdom,3,693.95,4,231.3167,215.35,255.95,-0.1586,0.0,49,None,False
15054,Unsegmented (Insufficient History),EMERGING,United Kingdom,2,302.1,12,151.05,302.1,0.0,1.0,1.0,105,EMERGING_BROADENING,True
15055,Low-Activity / Long-Recency,DORMANT,United Kingdom,3,549.12,474,183.04,0.0,0.0,0.0,0.0,77,None,False
15056,Unsegmented (Insufficient History),DORMANT,United Kingdom,1,113.65,520,113.65,0.0,0.0,0.0,0.0,6,None,True
15057,Low-Activity / Long-Recency,DORMANT,United Kingdom,5,3255.96,275,651.192,0.0,0.0,0.0,0.0,62,HISTORICAL_VALUE_DORMANT,False
15058,Emerging Engagement,ENGAGED,United Kingdom,16,3387.58,25,211.7237,867.78,234.35,2.7029,3.0,232,POSITIVE_MOMENTUM,False
15059,High-Value Stable,ENGAGED,United Kingdom,19,3491.2,40,183.7474,329.12,439.58,-0.2513,-0.3333,308,HIGH_VALUE_SOFTENING,False
15060,Unsegmented (Insufficient History),EMERGING,United Kingdom,4,294.25,8,73.5625,294.25,0.0,1.0,1.0,81,EMERGING_BROADENING,True
15061,High-Value Stable,ENGAGED,United Kingdom,127,126389.02,3,995.1891,17959.14,5294.38,2.3921,0.5714,131,POSITIVE_MOMENTUM,False
15062,Emerging Engagement,SOFTENING,United Kingdom,8,2585.62,71,323.2025,173.82,0.0,1.0,1.0,98,POSITIVE_MOMENTUM,False
15063,Unsegmented (Insufficient History),DORMANT,United Kingdom,1,370.8,213,370.8,0.0,0.0,0.0,0.0,5,None,True
15064,Low-Activity / Long-Recency,DORMANT,United Kingdom,4,1254.41,410,313.6025,0.0,0.0,0.0,0.0,75,None,False
15065,High-Value Stable,ENGAGED,United Kingdom,5,3326.86,37,665.372,299.38,1452.35,-0.7939,0.0,156,HIGH_VALUE_SOFTENING,False
15066,Unsegmented (Insufficient History),EMERGING,United Kingdom,1,893.59,53,893.59,893.59,0.0,1.0,1.0,42,EMERGING_BROADENING,True
15067,Emerging Engagement,SOFTENING,United Kingdom,5,3862.88,78,772.576,896.71,0.0,1.0,1.0,170,POSITIVE_MOMENTUM,False
15068,Emerging Engagement,ENGAGED,United Kingdom,4,1174.9,46,293.725,313.4,0.0,1.0,1.0,178,POSITIVE_MOMENTUM,False
15069,Unsegmented (Insufficient History),DORMANT,United Kingdom,1,1109.53,179,1109.53,0.0,1109.53,-1.0,-1.0,70,None,True
15070,Low-Activity / Long-Recency,DORMANT,United Kingdom,3,737.05,372,245.6833,0.0,0.0,0.0,0.0,26,None,False
15071,Low-Activity / Long-Recency,SOFTENING,United Kingdom,4,1455.56,93,363.89,0.0,393.4,-1.0,-1.0,41,None,False
15072,Unsegmented (Insufficient History),DORMANT,United Kingdom,1,187.52,479,187.52,0.0,0.0,0.0,0.0,13,None,True
15073,Emerging Engagement,ENGAGED,United Kingdom,8,2788.02,9,348.5025,181.45,0.0,1.0,1.0,115,POSITIVE_MOMENTUM,False
15074,Low-Activity / Long-Recency,DORMANT,United Kingdom,3,1553.13,105,517.71,0.0,735.67,-1.0,-1.0,63,None,False
15075,Unsegmented (Insufficient History),SOFTENING,United Kingdom,1,773.03,77,773.03,773.03,0.0,1.0,1.0,27,POSITIVE_MOMENTUM,True
15076,Low-Activity / Long-Recency,DORMANT,United Kingdom,3,1447.74,172,482.58,0.0,880.85,-1.0,-1.0,68,None,False
15077,Low-Activity / Long-Recency,DORMANT,United Kingdom,2,2428.08,494,1214.04,0.0,0.0,0.0,0.0,28,None,False
15078,High-Value Stable,ENGAGED,United Kingdom,53,17286.73,7,326.1647,3040.52,2518.43,0.2073,0.25,118,None,False
15079,High-Value Stable,DORMANT,United Kingdom,11,3625.4,212,329.5818,0.0,0.0,0.0,0.0,119,HISTORICAL_VALUE_DORMANT,False
15080,Low-Activity / Long-Recency,DORMANT,United Kingdom,2,546.25,427,273.125,0.0,0.0,0.0,0.0,31,None,False
15081,High-Value Stable,ENGAGED,United Kingdom,12,1854.57,22,154.5475,256.75,0.0,1.0,1.0,75,POSITIVE_MOMENTUM,False
15082,Unsegmented (Insufficient History),DORMANT,United Kingdom,1,93.35,668,93.35,0.0,0.0,0.0,0.0,6,None,True
15083,Unsegmented (Insufficient History),DORMANT,United Kingdom,1,88.2,256,88.2,0.0,0.0,0.0,0.0,5,None,True
15084,Low-Activity / Long-Recency,DORMANT,United Kingdom,2,965.2,379,482.6,0.0,0.0,0.0,0.0,31,None,False
15085,Unsegmented (Insufficient History),DORMANT,United Kingdom,1,347.54,729,347.54,0.0,0.0,0.0,0.0,9,None,True
15086,Low-Activity / Long-Recency,DORMANT,United Kingdom,2,218.53,564,109.265,0.0,0.0,0.0,0.0,10,None,False
15087,Unsegmented (Insufficient History),DORMANT,United Kingdom,1,306.94,281,306.94,0.0,0.0,0.0,0.0,15,None,True
15088,Unsegmented (Insufficient History),EMERGING,United Kingdom,2,1160.07,21,580.035,1160.07,0.0,1.0,1.0,53,EMERGING_BROADENING,True
15089,High-Value Stable,ENGAGED,United Kingdom,6,2420.84,10,403.4733,384.56,2036.28,-0.8111,0.0,139,None,False
15090,Unsegmented (Insufficient History),DORMANT,United Kingdom,1,381.32,308,381.32,0.0,0.0,0.0,0.0,23,None,True
15091,Emerging Engagement,ENGAGED,United Kingdom,3,1046.61,67,348.87,480.71,0.0,1.0,1.0,55,POSITIVE_MOMENTUM,False
15092,Low-Activity / Long-Recency,DORMANT,United Kingdom,3,776.46,215,258.82,0.0,0.0,0.0,0.0,39,None,False
15093,High-Value Stable,ENGAGED,United Kingdom,23,13702.38,18,595.7557,569.92,630.42,-0.096,0.0,104,None,False
15094,Low-Activity / Long-Recency,DORMANT,United Kingdom,2,83.0,463,41.5,0.0,0.0,0.0,0.0,4,None,False
15095,High-Value Stable,DORMANT,United Kingdom,10,3141.64,103,314.164,0.0,600.1,-1.0,-1.0,90,HIGH_VALUE_SOFTENING,False
15096,Unsegmented (Insufficient History),EMERGING,United Kingdom,1,219.39,42,219.39,219.39,0.0,1.0,1.0,11,EMERGING_BROADENING,True
15097,Emerging Engagement,REACTIVATED,United Kingdom,3,908.35,4,302.7833,248.08,0.0,1.0,1.0,59,POSITIVE_MOMENTUM,False
15098,Low-Activity / Long-Recency,DORMANT,United Kingdom,3,39916.5,182,13305.5,0.0,0.0,0.0,0.0,1,HISTORICAL_VALUE_DORMANT,False
15099,Unsegmented (Insufficient History),SOFTENING,United Kingdom,1,410.48,84,410.48,410.48,0.0,1.0,1.0,23,POSITIVE_MOMENTUM,True
15100,Low-Activity / Long-Recency,DORMANT,United Kingdom,7,2193.9,333,313.4143,0.0,0.0,0.0,0.0,11,None,False
15101,Emerging Engagement,REACTIVATED,United Kingdom,6,1477.94,8,246.3233,215.25,0.0,1.0,1.0,52,POSITIVE_MOMENTUM,False
15102,Low-Activity / Long-Recency,DORMANT,United Kingdom,2,554.67,530,277.335,0.0,0.0,0.0,0.0,26,None,False
15103,Unsegmented (Insufficient History),ENGAGED,United Kingdom,2,703.36,31,351.68,703.36,0.0,1.0,1.0,35,POSITIVE_MOMENTUM,True
15104,Low-Activity / Long-Recency,DORMANT,United Kingdom,2,993.54,196,496.77,0.0,0.0,0.0,0.0,66,None,False
15105,Emerging Engagement,ENGAGED,United Kingdom,9,3094.91,18,343.8789,1765.95,532.98,2.3134,5.0,129,POSITIVE_MOMENTUM,False
15106,Emerging Engagement,ENGAGED,United Kingdom,5,1422.52,17,284.504,389.69,254.38,0.5319,1.0,90,POSITIVE_MOMENTUM,False
15107,Low-Activity / Long-Recency,DORMANT,United Kingdom,9,824.35,311,91.5944,0.0,0.0,0.0,0.0,32,HIGH_FREQUENCY_LOW_VALUE,False
15108,Low-Activity / Long-Recency,DORMANT,European Community,4,1300.25,141,325.0625,0.0,676.8,-1.0,-1.0,50,None,False
15109,Low-Activity / Long-Recency,DORMANT,United Kingdom,3,983.1,245,327.7,0.0,0.0,0.0,0.0,46,None,False
15110,Emerging Engagement,ENGAGED,United Kingdom,6,1505.85,23,250.975,619.55,206.9,1.9944,1.0,23,POSITIVE_MOMENTUM,False
15111,Emerging Engagement,ENGAGED,United Kingdom,5,2442.37,29,488.474,1278.98,0.0,1.0,1.0,109,POSITIVE_MOMENTUM,False
15112,Unsegmented (Insufficient History),DORMANT,United Kingdom,1,209.4,611,209.4,0.0,0.0,0.0,0.0,7,None,True
15113,Unsegmented (Insufficient History),EMERGING,United Kingdom,3,3509.43,9,1169.81,3509.43,0.0,1.0,1.0,77,EMERGING_BROADENING,True
15114,High-Value Stable,SOFTENING,United Kingdom,12,3400.12,30,283.3433,1081.59,651.72,0.6596,0.0,151,None,False
15115,Emerging Engagement,ENGAGED,United Kingdom,2,531.85,18,265.925,340.11,0.0,1.0,1.0,35,POSITIVE_MOMENTUM,False
15116,Emerging Engagement,ENGAGED,United Kingdom,4,1352.75,17,338.1875,561.78,311.32,0.8045,1.0,37,POSITIVE_MOMENTUM,False
15117,Emerging Engagement,ENGAGED,United Kingdom,8,2485.97,14,310.7463,876.05,363.33,1.4112,2.0,89,POSITIVE_MOMENTUM,False
15118,Unsegmented (Insufficient History),DORMANT,United Kingdom,1,244.8,134,244.8,0.0,244.8,-1.0,-1.0,1,None,True
15119,Unsegmented (Insufficient History),DORMANT,United Kingdom,1,266.4,245,266.4,0.0,0.0,0.0,0.0,14,None,True
15120,Unsegmented (Insufficient History),DORMANT,United Kingdom,1,358.82,133,358.82,0.0,358.82,-1.0,-1.0,21,None,True
15121,Emerging Engagement,ENGAGED,United Kingdom,2,457.72,50,228.86,162.57,0.0,1.0,1.0,28,POSITIVE_MOMENTUM,False
15122,High-Value Stable,DORMANT,United Kingdom,11,4487.27,114,407.9336,0.0,703.17,-1.0,-1.0,155,HIGH_VALUE_SOFTENING,False
15123,Emerging Engagement,REACTIVATED,United Kingdom,5,4656.17,7,931.234,1129.84,0.0,1.0,1.0,149,POSITIVE_MOMENTUM,False
15124,Emerging Engagement,ENGAGED,United Kingdom,4,450.82,22,112.705,93.44,0.0,1.0,1.0,30,POSITIVE_MOMENTUM,False
15125,High-Value Stable,SOFTENING,United Kingdom,24,17024.87,25,709.3696,733.0,3484.76,-0.7897,-0.625,151,HIGH_VALUE_SOFTENING,False
15126,Low-Activity / Long-Recency,DORMANT,United Kingdom,2,449.49,536,224.745,0.0,0.0,0.0,0.0,25,None,False
15127,Emerging Engagement,ENGAGED,United Kingdom,2,711.5,65,355.75,406.53,0.0,1.0,1.0,27,POSITIVE_MOMENTUM,False
15128,Low-Activity / Long-Recency,ENGAGED,United Kingdom,5,1783.68,60,356.736,300.76,686.54,-0.5619,-0.5,87,BROAD_ENGAGEMENT_SOFTENING,False
15129,High-Value Stable,SOFTENING,United Kingdom,23,6860.18,50,298.2687,650.67,1676.35,-0.6119,-0.8333,86,HIGH_VALUE_SOFTENING,False
15130,Unsegmented (Insufficient History),DORMANT,United Kingdom,1,330.11,169,330.11,0.0,330.11,-1.0,-1.0,22,None,True
15131,Unsegmented (Insufficient History),DORMANT,United Kingdom,1,80.28,394,80.28,0.0,0.0,0.0,0.0,7,None,True
15132,Emerging Engagement,ENGAGED,United Kingdom,5,977.93,18,195.586,135.7,352.36,-0.6149,1.0,49,None,False
15133,Low-Activity / Long-Recency,DORMANT,United Kingdom,5,1806.9,127,361.38,0.0,324.52,-1.0,-1.0,45,None,False
15134,Emerging Engagement,ENGAGED,United Kingdom,10,1596.29,14,159.629,773.13,375.41,1.0594,1.0,47,POSITIVE_MOMENTUM,False
15135,Low-Activity / Long-Recency,DORMANT,United Kingdom,2,305.68,239,152.84,0.0,0.0,0.0,0.0,17,None,False
15136,Emerging Engagement,ENGAGED,United Kingdom,4,1286.7,2,321.675,703.8,582.9,0.2074,2.0,61,None,False
15137,Low-Activity / Long-Recency,DORMANT,United Kingdom,2,823.4,520,411.7,0.0,0.0,0.0,0.0,34,None,False
15138,Unsegmented (Insufficient History),DORMANT,United Kingdom,1,502.52,393,502.52,0.0,0.0,0.0,0.0,31,None,True
15139,Low-Activity / Long-Recency,DORMANT,United Kingdom,2,178.96,239,89.48,0.0,0.0,0.0,0.0,13,None,False
15140,High-Value Stable,SOFTENING,United Kingdom,8,3243.69,52,405.4613,626.14,600.66,0.0424,0.0,103,None,False
15141,Low-Activity / Long-Recency,DORMANT,United Kingdom,7,1388.47,457,198.3529,0.0,0.0,0.0,0.0,44,None,False
15142,Emerging Engagement,ENGAGED,United Kingdom,6,2619.92,46,436.6533,498.74,0.0,1.0,1.0,115,POSITIVE_MOMENTUM,False
15143,Low-Activity / Long-Recency,DORMANT,United Kingdom,2,563.63,225,281.815,0.0,0.0,0.0,0.0,27,None,False
15144,High-Value Stable,SOFTENING,United Kingdom,29,12160.31,8,419.321,3019.6,1865.82,0.6184,0.4,199,POSITIVE_MOMENTUM,False
15145,Emerging Engagement,ENGAGED,United Kingdom,4,1194.73,4,298.6825,470.7,0.0,1.0,1.0,54,POSITIVE_MOMENTUM,False
15146,Low-Activity / Long-Recency,DORMANT,United Kingdom,2,1327.16,164,663.58,0.0,492.94,-1.0,-1.0,90,BROAD_ENGAGEMENT_SOFTENING,False
15147,Unsegmented (Insufficient History),DORMANT,United Kingdom,1,623.5,240,623.5,0.0,0.0,0.0,0.0,28,None,True
15148,Unsegmented (Insufficient History),EMERGING,United Kingdom,1,301.29,10,301.29,301.29,0.0,1.0,1.0,20,EMERGING_BROADENING,True
15149,Low-Activity / Long-Recency,DORMANT,United Kingdom,5,1554.61,133,310.922,0.0,520.8,-1.0,-1.0,62,None,False
15150,High-Value Stable,SOFTENING,United Kingdom,13,8977.94,17,690.6108,1721.71,2251.55,-0.2353,0.6667,495,None,False
15151,Low-Activity / Long-Recency,DORMANT,United Kingdom,2,2085.61,423,1042.805,0.0,0.0,0.0,0.0,56,None,False
15152,High-Value Stable,ENGAGED,United Kingdom,14,5263.83,9,375.9879,2362.48,1627.11,0.4519,0.4,214,POSITIVE_MOMENTUM,False
15153,Unsegmented (Insufficient History),EMERGING,United Kingdom,1,329.25,31,329.25,329.25,0.0,1.0,1.0,22,EMERGING_BROADENING,True
15154,Emerging Engagement,SOFTENING,United Kingdom,3,1343.72,75,447.9067,254.28,0.0,1.0,1.0,166,POSITIVE_MOMENTUM,False
15155,Unsegmented (Insufficient History),DORMANT,United Kingdom,1,383.97,383,383.97,0.0,0.0,0.0,0.0,24,None,True
15156,Unsegmented (Insufficient History),EMERGING,United Kingdom,3,961.49,1,320.4967,961.49,0.0,1.0,1.0,51,EMERGING_BROADENING,True
15157,High-Value Stable,REACTIVATED,United Kingdom,5,2654.11,3,530.822,430.7,419.91,0.0257,0.0,152,None,False
15158,Emerging Engagement,ENGAGED,United Kingdom,2,606.02,45,303.01,401.4,0.0,1.0,1.0,11,POSITIVE_MOMENTUM,False
15159,High-Value Stable,ENGAGED,United Kingdom,34,22116.73,1,650.4921,9671.04,3294.1,1.9359,2.0,413,POSITIVE_MOMENTUM,False
15160,Low-Activity / Long-Recency,DORMANT,United Kingdom,4,589.27,357,147.3175,0.0,0.0,0.0,0.0,17,None,False
15161,Unsegmented (Insufficient History),DORMANT,United Kingdom,1,119.92,388,119.92,0.0,0.0,0.0,0.0,33,None,True
15162,Unsegmented (Insufficient History),DORMANT,United Kingdom,1,312.9,731,312.9,0.0,0.0,0.0,0.0,12,None,True
15163,Emerging Engagement,ENGAGED,United Kingdom,2,304.47,18,152.235,149.47,0.0,1.0,1.0,29,POSITIVE_MOMENTUM,False
15164,High-Value Stable,ENGAGED,United Kingdom,9,2028.11,68,225.3456,461.35,0.0,1.0,1.0,243,POSITIVE_MOMENTUM,False
15165,Unsegmented (Insufficient History),DORMANT,United Kingdom,1,487.75,373,487.75,0.0,0.0,0.0,0.0,27,None,True
15166,Unsegmented (Insufficient History),DORMANT,United Kingdom,1,167.16,467,167.16,0.0,0.0,0.0,0.0,12,None,True
15167,Low-Activity / Long-Recency,DORMANT,United Kingdom,5,1627.62,320,325.524,0.0,0.0,0.0,0.0,262,None,False
15168,Unsegmented (Insufficient History),EMERGING,United Kingdom,1,106.56,25,106.56,106.56,0.0,1.0,1.0,5,EMERGING_BROADENING,True
15169,Low-Activity / Long-Recency,DORMANT,United Kingdom,2,569.22,382,284.61,0.0,0.0,0.0,0.0,58,None,False
15170,Unsegmented (Insufficient History),DORMANT,United Kingdom,1,81.15,406,81.15,0.0,0.0,0.0,0.0,4,None,True
15171,Unsegmented (Insufficient History),DORMANT,United Kingdom,1,1289.5,331,1289.5,0.0,0.0,0.0,0.0,5,None,True
15172,Emerging Engagement,SOFTENING,United Kingdom,5,1624.05,8,324.81,737.31,360.54,1.045,1.0,106,POSITIVE_MOMENTUM,False
15173,Low-Activity / Long-Recency,DORMANT,United Kingdom,7,1494.6,380,213.5143,0.0,0.0,0.0,0.0,68,None,False
15174,Low-Activity / Long-Recency,DORMANT,United Kingdom,2,481.46,322,240.73,0.0,0.0,0.0,0.0,34,None,False
15175,Unsegmented (Insufficient History),SOFTENING,United Kingdom,1,224.14,71,224.14,224.14,0.0,1.0,1.0,23,POSITIVE_MOMENTUM,True
15176,Unsegmented (Insufficient History),DORMANT,United Kingdom,1,988.04,667,988.04,0.0,0.0,0.0,0.0,52,None,True
15177,Unsegmented (Insufficient History),DORMANT,United Kingdom,1,948.93,425,948.93,0.0,0.0,0.0,0.0,26,None,True
15178,Unsegmented (Insufficient History),DORMANT,United Kingdom,1,40.5,260,40.5,0.0,0.0,0.0,0.0,3,None,True
15179,High-Value Stable,ENGAGED,United Kingdom,13,7491.92,18,576.3015,751.83,0.0,1.0,1.0,225,POSITIVE_MOMENTUM,False
15180,Low-Activity / Long-Recency,DORMANT,United Kingdom,3,816.93,367,272.31,0.0,0.0,0.0,0.0,46,None,False
15181,Emerging Engagement,ENGAGED,United Kingdom,5,1200.2,66,240.04,254.48,135.0,0.885,0.0,15,None,False
15182,High-Value Stable,DORMANT,United Kingdom,11,2998.952,154,272.632,0.0,252.37,-1.0,-1.0,78,HIGH_VALUE_SOFTENING,False
15183,Low-Activity / Long-Recency,DORMANT,United Kingdom,3,639.93,547,213.31,0.0,0.0,0.0,0.0,33,None,False
15184,Emerging Engagement,ENGAGED,United Kingdom,4,685.39,29,171.3475,166.97,0.0,1.0,1.0,72,POSITIVE_MOMENTUM,False
15185,Unsegmented (Insufficient History),SOFTENING,United Kingdom,1,310.62,70,310.62,310.62,0.0,1.0,1.0,21,POSITIVE_MOMENTUM,True
15186,Low-Activity / Long-Recency,ENGAGED,United Kingdom,5,1403.2,14,280.64,182.15,229.26,-0.2055,0.0,29,None,False
15187,High-Value Stable,ENGAGED,United Kingdom,16,4777.18,1,298.5738,2893.3,1452.28,0.9922,1.0,61,POSITIVE_MOMENTUM,False
15188,Unsegmented (Insufficient History),DORMANT,United Kingdom,1,310.43,725,310.43,0.0,0.0,0.0,0.0,23,None,True
15189,High-Value Stable,SOFTENING,United Kingdom,46,17524.38,1,380.9648,3589.62,7105.56,-0.4948,-0.5,90,HIGH_VALUE_SOFTENING,False
15190,Unsegmented (Insufficient History),DORMANT,United Kingdom,1,834.44,434,834.44,0.0,0.0,0.0,0.0,40,None,True
15191,Low-Activity / Long-Recency,DORMANT,United Kingdom,3,588.05,463,196.0167,0.0,0.0,0.0,0.0,33,None,False
15192,Low-Activity / Long-Recency,DORMANT,United Kingdom,5,1666.39,119,333.278,0.0,306.33,-1.0,-1.0,56,None,False
15193,Unsegmented (Insufficient History),EMERGING,United Kingdom,1,499.32,60,499.32,499.32,0.0,1.0,1.0,19,EMERGING_BROADENING,True
15194,High-Value Stable,SOFTENING,United Kingdom,28,12021.53,3,429.3404,3147.0,808.35,2.8931,1.0,274,POSITIVE_MOMENTUM,False
15195,Unsegmented (Insufficient History),EMERGING,United Kingdom,1,3861.0,2,3861.0,3861.0,0.0,1.0,1.0,1,EMERGING_BROADENING,True
15196,Low-Activity / Long-Recency,DORMANT,United Kingdom,2,313.7,432,156.85,0.0,0.0,0.0,0.0,34,None,False
15197,Emerging Engagement,ENGAGED,United Kingdom,6,1877.51,10,312.9183,306.36,0.0,1.0,1.0,44,POSITIVE_MOMENTUM,False
15198,Low-Activity / Long-Recency,SOFTENING,United Kingdom,5,571.35,92,114.27,0.0,193.64,-1.0,-1.0,28,None,False
15199,High-Value Stable,ENGAGED,United Kingdom,10,3122.4,59,312.24,300.95,310.6,-0.0311,0.0,17,None,False
15200,Unsegmented (Insufficient History),DORMANT,United Kingdom,1,549.05,494,549.05,0.0,0.0,0.0,0.0,30,None,True
15201,Low-Activity / Long-Recency,SOFTENING,United Kingdom,7,1842.95,87,263.2786,303.28,330.99,-0.0837,-0.5,44,None,False
15202,Low-Activity / Long-Recency,DORMANT,United Kingdom,3,6001.49,420,2000.4967,0.0,0.0,0.0,0.0,1,HISTORICAL_VALUE_DORMANT,False
15203,High-Value Stable,SOFTENING,United Kingdom,15,4400.18,25,293.3453,499.48,635.42,-0.2139,0.0,150,None,False
15204,Unsegmented (Insufficient History),DORMANT,United Kingdom,1,316.58,357,316.58,0.0,0.0,0.0,0.0,9,None,True
15205,Low-Activity / Long-Recency,SOFTENING,United Kingdom,2,653.24,85,326.62,176.94,476.3,-0.6285,0.0,37,None,False
15206,Low-Activity / Long-Recency,SOFTENING,United Kingdom,4,420.3,10,105.075,183.6,219.0,-0.1616,-0.5,3,None,False
15207,Low-Activity / Long-Recency,DORMANT,United Kingdom,3,683.92,416,227.9733,0.0,0.0,0.0,0.0,19,None,False
15208,Emerging Engagement,ENGAGED,United Kingdom,6,970.52,1,161.7533,546.6,258.12,1.1176,2.0,27,POSITIVE_MOMENTUM,False
15209,Unsegmented (Insufficient History),DORMANT,United Kingdom,1,178.98,730,178.98,0.0,0.0,0.0,0.0,13,None,True
15210,Low-Activity / Long-Recency,DORMANT,United Kingdom,3,1176.19,225,392.0633,0.0,0.0,0.0,0.0,66,None,False
15211,Emerging Engagement,ENGAGED,United Kingdom,2,894.41,60,447.205,511.34,0.0,1.0,1.0,52,POSITIVE_MOMENTUM,False
15212,Low-Activity / Long-Recency,DORMANT,United Kingdom,2,208.28,241,104.14,0.0,0.0,0.0,0.0,7,None,False
15213,Low-Activity / Long-Recency,DORMANT,United Kingdom,2,328.35,318,164.175,0.0,0.0,0.0,0.0,22,None,False
15214,Emerging Engagement,ENGAGED,United Kingdom,8,1661.44,1,207.68,1009.81,0.0,1.0,1.0,109,POSITIVE_MOMENTUM,False
15215,Emerging Engagement,ENGAGED,United Kingdom,7,2422.43,46,346.0614,434.9,300.04,0.4495,1.0,85,POSITIVE_MOMENTUM,False
15216,Emerging Engagement,SOFTENING,United Kingdom,2,486.09,87,243.045,96.6,0.0,1.0,1.0,24,POSITIVE_MOMENTUM,False
15217,Unsegmented (Insufficient History),DORMANT,United Kingdom,1,426.24,563,426.24,0.0,0.0,0.0,0.0,28,None,True
15218,High-Value Stable,SOFTENING,United Kingdom,22,11468.83,10,521.3105,1891.54,2108.09,-0.1027,-0.4,139,BROAD_ENGAGEMENT_SOFTENING,False
15219,Low-Activity / Long-Recency,DORMANT,United Kingdom,2,685.45,176,342.725,0.0,305.75,-1.0,-1.0,26,None,False
15220,High-Value Stable,ENGAGED,United Kingdom,6,1778.96,51,296.4933,494.91,425.86,0.1621,-0.5,110,BROAD_ENGAGEMENT_SOFTENING,False
15221,Low-Activity / Long-Recency,DORMANT,United Kingdom,4,2062.2,366,515.55,0.0,0.0,0.0,0.0,21,None,False
15222,High-Value Stable,DORMANT,United Kingdom,11,3550.91,318,322.81,0.0,0.0,0.0,0.0,98,HISTORICAL_VALUE_DORMANT,False
15223,Low-Activity / Long-Recency,DORMANT,United Kingdom,5,1417.95,225,283.59,0.0,0.0,0.0,0.0,26,None,False
15224,Low-Activity / Long-Recency,DORMANT,United Kingdom,5,871.36,358,174.272,0.0,0.0,0.0,0.0,24,None,False
15225,Unsegmented (Insufficient History),DORMANT,United Kingdom,1,409.4,234,409.4,0.0,0.0,0.0,0.0,23,None,True
15226,Unsegmented (Insufficient History),DORMANT,United Kingdom,1,154.41,310,154.41,0.0,0.0,0.0,0.0,8,None,True
15227,Emerging Engagement,ENGAGED,United Kingdom,9,2488.49,36,276.4989,342.58,0.0,1.0,1.0,86,POSITIVE_MOMENTUM,False
15228,High-Value Stable,ENGAGED,United Kingdom,6,5580.27,66,930.045,1162.68,1319.18,-0.1186,-0.5,184,BROAD_ENGAGEMENT_SOFTENING,False
15229,Unsegmented (Insufficient History),DORMANT,United Kingdom,1,160.5,586,160.5,0.0,0.0,0.0,0.0,9,None,True
15230,Low-Activity / Long-Recency,DORMANT,United Kingdom,2,429.6,239,214.8,0.0,0.0,0.0,0.0,23,None,False
15231,Unsegmented (Insufficient History),DORMANT,United Kingdom,1,250.26,621,250.26,0.0,0.0,0.0,0.0,14,None,True
15232,Low-Activity / Long-Recency,DORMANT,United Kingdom,2,612.06,113,306.03,0.0,612.06,-1.0,-1.0,26,None,False
15233,Unsegmented (Insufficient History),DORMANT,United Kingdom,1,59.4,401,59.4,0.0,0.0,0.0,0.0,1,None,True
15234,Unsegmented (Insufficient History),DORMANT,United Kingdom,1,197.0,276,197.0,0.0,0.0,0.0,0.0,14,None,True
15235,High-Value Stable,DORMANT,United Kingdom,16,2772.76,217,173.2975,0.0,0.0,0.0,0.0,161,HIGH_FREQUENCY_LOW_VALUE,False
15236,Unsegmented (Insufficient History),DORMANT,United Kingdom,1,321.05,298,321.05,0.0,0.0,0.0,0.0,15,None,True
15237,Emerging Engagement,ENGAGED,United Kingdom,4,1412.32,1,353.08,318.67,0.0,1.0,1.0,94,POSITIVE_MOMENTUM,False
15238,Low-Activity / Long-Recency,ENGAGED,United Kingdom,3,1071.99,29,357.33,299.21,472.64,-0.3669,0.0,49,None,False
15239,Unsegmented (Insufficient History),ENGAGED,United Kingdom,2,780.59,10,390.295,780.59,0.0,1.0,1.0,48,POSITIVE_MOMENTUM,True
15240,High-Value Stable,ENGAGED,United Kingdom,12,4459.98,44,371.665,661.19,0.0,1.0,1.0,134,POSITIVE_MOMENTUM,False
15241,High-Value Stable,SOFTENING,United Kingdom,11,3050.16,66,277.2873,411.58,279.5,0.4726,0.0,120,None,False
15242,Unsegmented (Insufficient History),DORMANT,United Kingdom,1,302.04,422,302.04,0.0,0.0,0.0,0.0,4,None,True
15243,Emerging Engagement,SOFTENING,United Kingdom,2,927.28,74,463.64,316.68,0.0,1.0,1.0,56,POSITIVE_MOMENTUM,False
15244,Emerging Engagement,ENGAGED,United Kingdom,3,912.08,65,304.0267,333.63,0.0,1.0,1.0,44,POSITIVE_MOMENTUM,False
15245,High-Value Stable,DORMANT,United Kingdom,8,4610.84,134,576.355,0.0,778.12,-1.0,-1.0,72,HIGH_VALUE_SOFTENING,False
15246,Low-Activity / Long-Recency,DORMANT,United Kingdom,3,780.4,238,260.1333,0.0,0.0,0.0,0.0,45,None,False
15247,Low-Activity / Long-Recency,DORMANT,United Kingdom,3,976.06,122,325.3533,0.0,356.0,-1.0,-1.0,13,None,False
15248,Low-Activity / Long-Recency,DORMANT,United Kingdom,3,1893.93,411,631.31,0.0,0.0,0.0,0.0,103,None,False
15249,High-Value Stable,SOFTENING,United Kingdom,18,9266.0,31,514.7778,1049.12,2797.97,-0.625,-0.6667,304,HIGH_VALUE_SOFTENING,False
15250,Unsegmented (Insufficient History),DORMANT,United Kingdom,1,60.0,640,60.0,0.0,0.0,0.0,0.0,3,None,True
15251,High-Value Stable,SOFTENING,United Kingdom,21,20324.54,9,967.8352,789.17,5600.1,-0.8591,-0.5,183,HIGH_VALUE_SOFTENING,False
15252,Emerging Engagement,ENGAGED,United Kingdom,5,2103.41,36,420.682,440.23,0.0,1.0,1.0,106,POSITIVE_MOMENTUM,False
15253,Emerging Engagement,ENGAGED,United Kingdom,8,2055.09,16,256.8863,744.35,173.85,3.2816,3.0,102,POSITIVE_MOMENTUM,False
15254,Low-Activity / Long-Recency,DORMANT,United Kingdom,3,1088.35,127,362.7833,0.0,300.36,-1.0,-1.0,64,None,False
15255,High-Value Stable,ENGAGED,United Kingdom,9,3706.02,66,411.78,890.85,0.0,1.0,1.0,137,POSITIVE_MOMENTUM,False
15256,Low-Activity / Long-Recency,DORMANT,United Kingdom,2,170.4,148,85.2,0.0,98.45,-1.0,-1.0,6,None,False
15257,Low-Activity / Long-Recency,DORMANT,United Kingdom,2,685.9,283,342.95,0.0,0.0,0.0,0.0,11,None,False
15258,Low-Activity / Long-Recency,DORMANT,United Kingdom,2,623.16,168,311.58,0.0,307.5,-1.0,-1.0,32,None,False
15259,Low-Activity / Long-Recency,DORMANT,United Kingdom,4,1182.38,512,295.595,0.0,0.0,0.0,0.0,50,None,False
15260,High-Value Stable,DORMANT,United Kingdom,25,8767.73,100,350.7092,0.0,540.29,-1.0,-1.0,186,HIGH_VALUE_SOFTENING,False
15261,Low-Activity / Long-Recency,DORMANT,United Kingdom,4,1508.0,135,377.0,0.0,254.82,-1.0,-1.0,87,BROAD_ENGAGEMENT_SOFTENING,False
15262,Low-Activity / Long-Recency,DORMANT,United Kingdom,3,418.82,323,139.6067,0.0,0.0,0.0,0.0,22,None,False
15263,Unsegmented (Insufficient History),DORMANT,United Kingdom,1,156.51,106,156.51,0.0,156.51,-1.0,-1.0,12,None,True
15264,Emerging Engagement,ENGAGED,United Kingdom,2,848.4,64,424.2,393.74,0.0,1.0,1.0,52,POSITIVE_MOMENTUM,False
15265,Low-Activity / Long-Recency,DORMANT,United Kingdom,4,3345.64,151,836.41,0.0,793.88,-1.0,-1.0,179,HIGH_VALUE_SOFTENING,False
15266,Low-Activity / Long-Recency,DORMANT,United Kingdom,5,852.21,338,170.442,0.0,0.0,0.0,0.0,38,None,False
15267,Emerging Engagement,ENGAGED,United Kingdom,5,1717.36,22,343.472,309.6,372.0,-0.1677,2.0,8,None,False
15268,Low-Activity / Long-Recency,DORMANT,United Kingdom,3,961.9,478,320.6333,0.0,0.0,0.0,0.0,21,None,False
15269,Emerging Engagement,ENGAGED,United Kingdom,3,1225.36,23,408.4533,408.8,0.0,1.0,1.0,33,POSITIVE_MOMENTUM,False
15270,High-Value Stable,ENGAGED,United Kingdom,21,8524.86,15,405.9457,529.2,536.54,-0.0137,1.0,66,None,False
15271,High-Value Stable,ENGAGED,United Kingdom,24,4528.54,7,188.6892,900.76,681.88,0.321,0.25,369,HIGH_FREQUENCY_LOW_VALUE,False
15272,Emerging Engagement,ENGAGED,United Kingdom,6,2030.95,57,338.4917,721.94,0.0,1.0,1.0,257,POSITIVE_MOMENTUM,False
15273,Unsegmented (Insufficient History),DORMANT,United Kingdom,1,228.96,599,228.96,0.0,0.0,0.0,0.0,1,None,True
15274,Unsegmented (Insufficient History),EMERGING,United Kingdom,2,716.57,4,358.285,716.57,0.0,1.0,1.0,44,EMERGING_BROADENING,True
15275,Unsegmented (Insufficient History),EMERGING,United Kingdom,1,615.14,37,615.14,615.14,0.0,1.0,1.0,41,EMERGING_BROADENING,True
15276,Emerging Engagement,ENGAGED,United Kingdom,4,619.8,66,154.95,128.63,0.0,1.0,1.0,160,POSITIVE_MOMENTUM,False
15277,Emerging Engagement,ENGAGED,United Kingdom,2,476.34,46,238.17,255.9,0.0,1.0,1.0,23,POSITIVE_MOMENTUM,False
15278,Low-Activity / Long-Recency,DORMANT,United Kingdom,4,496.16,561,124.04,0.0,0.0,0.0,0.0,29,None,False
15279,Low-Activity / Long-Recency,DORMANT,United Kingdom,5,1580.54,354,316.108,0.0,0.0,0.0,0.0,74,None,False
15280,Low-Activity / Long-Recency,DORMANT,United Kingdom,3,397.52,172,132.5067,0.0,113.12,-1.0,-1.0,48,None,False
15281,High-Value Stable,SOFTENING,United Kingdom,16,8543.57,58,533.9731,140.37,264.37,-0.469,-0.5,427,HIGH_VALUE_SOFTENING,False
15282,Unsegmented (Insufficient History),DORMANT,United Kingdom,1,348.59,570,348.59,0.0,0.0,0.0,0.0,27,None,True
15283,Low-Activity / Long-Recency,DORMANT,United Kingdom,3,148.33,390,49.4433,0.0,0.0,0.0,0.0,9,None,False
15284,Unsegmented (Insufficient History),DORMANT,United Kingdom,1,24.75,500,24.75,0.0,0.0,0.0,0.0,1,None,True
15285,Unsegmented (Insufficient History),DORMANT,United Kingdom,1,94.92,407,94.92,0.0,0.0,0.0,0.0,6,None,True
15286,Unsegmented (Insufficient History),EMERGING,United Kingdom,1,240.55,49,240.55,240.55,0.0,1.0,1.0,3,EMERGING_BROADENING,True
15287,Emerging Engagement,ENGAGED,United Kingdom,5,856.03,22,171.206,486.69,0.0,1.0,1.0,23,POSITIVE_MOMENTUM,False
15288,High-Value Stable,ENGAGED,United Kingdom,10,3715.38,43,371.538,300.16,382.36,-0.215,0.0,128,None,False
15289,Low-Activity / Long-Recency,ENGAGED,United Kingdom,5,1593.09,29,318.618,241.8,322.53,-0.2503,0.0,67,None,False
15290,High-Value Stable,ENGAGED,United Kingdom,26,10496.28,4,403.7031,4550.63,1360.02,2.346,0.5,106,POSITIVE_MOMENTUM,False
15291,High-Value Stable,ENGAGED,United Kingdom,40,13517.76,25,337.944,983.28,704.01,0.3967,0.5,116,POSITIVE_MOMENTUM,False
15292,Unsegmented (Insufficient History),DORMANT,United Kingdom,1,178.39,201,178.39,0.0,0.0,0.0,0.0,24,None,True
15293,Unsegmented (Insufficient History),DORMANT,United Kingdom,1,247.5,665,247.5,0.0,0.0,0.0,0.0,19,None,True
15294,Unsegmented (Insufficient History),DORMANT,United Kingdom,1,233.35,410,233.35,0.0,0.0,0.0,0.0,15,None,True
15295,Unsegmented (Insufficient History),DORMANT,United Kingdom,1,207.04,654,207.04,0.0,0.0,0.0,0.0,50,None,True
15296,High-Value Stable,ENGAGED,United Kingdom,12,10323.03,50,860.2525,1073.37,521.9,1.0567,-0.5,342,BROAD_ENGAGEMENT_SOFTENING,False
15297,Unsegmented (Insufficient History),EMERGING,United Kingdom,3,641.94,10,213.98,641.94,0.0,1.0,1.0,30,EMERGING_BROADENING,True
15298,High-Value Stable,ENGAGED,United Kingdom,23,9061.77,2,393.99,1441.68,1581.02,-0.0881,1.5,199,None,False
15299,Emerging Engagement,ENGAGED,United Kingdom,10,6156.53,67,615.653,1472.0,600.0,1.4533,1.0,9,POSITIVE_MOMENTUM,False
15300,Unsegmented (Insufficient History),EMERGING,United Kingdom,1,496.44,64,496.44,496.44,0.0,1.0,1.0,28,EMERGING_BROADENING,True
15301,High-Value Stable,SOFTENING,United Kingdom,17,6909.67,50,406.4512,1322.55,951.49,0.39,0.0,231,None,False
15302,Unsegmented (Insufficient History),DORMANT,United Kingdom,1,308.0,730,308.0,0.0,0.0,0.0,0.0,15,None,True
15303,Low-Activity / Long-Recency,DORMANT,United Kingdom,3,1224.18,290,408.06,0.0,0.0,0.0,0.0,63,None,False
15304,Emerging Engagement,ENGAGED,United Kingdom,9,796.4,60,88.4889,202.5,110.3,0.8359,1.0,8,HIGH_FREQUENCY_LOW_VALUE,False
15305,Unsegmented (Insufficient History),DORMANT,United Kingdom,1,93.6,555,93.6,0.0,0.0,0.0,0.0,5,None,True
15306,High-Value Stable,SOFTENING,United Kingdom,9,3484.73,64,387.1922,517.28,657.07,-0.2127,-0.5,123,BROAD_ENGAGEMENT_SOFTENING,False
15307,Unsegmented (Insufficient History),SOFTENING,United Kingdom,1,205.3,95,205.3,0.0,205.3,-1.0,-1.0,12,None,True
15308,Unsegmented (Insufficient History),DORMANT,United Kingdom,1,310.47,274,310.47,0.0,0.0,0.0,0.0,19,None,True
15309,Low-Activity / Long-Recency,DORMANT,United Kingdom,4,797.96,610,199.49,0.0,0.0,0.0,0.0,49,None,False
15310,Unsegmented (Insufficient History),DORMANT,United Kingdom,1,1634.64,478,1634.64,0.0,0.0,0.0,0.0,45,None,True
15311,High-Value Stable,ENGAGED,United Kingdom,208,114966.42,0,552.7232,14612.0,12410.42,0.1774,0.3,864,None,False
15312,High-Value Stable,SOFTENING,United Kingdom,12,2930.19,75,244.1825,130.05,186.9,-0.3042,0.0,118,HIGH_VALUE_SOFTENING,False
15313,Unsegmented (Insufficient History),DORMANT,United Kingdom,1,52.0,110,52.0,0.0,52.0,-1.0,-1.0,1,None,True
15314,Low-Activity / Long-Recency,DORMANT,United Kingdom,3,820.45,199,273.4833,0.0,0.0,0.0,0.0,49,None,False
15315,Low-Activity / Long-Recency,ENGAGED,United Kingdom,2,570.5,64,285.25,336.96,233.54,0.4428,0.0,35,None,False
15316,Unsegmented (Insufficient History),DORMANT,United Kingdom,1,165.0,326,165.0,0.0,0.0,0.0,0.0,1,None,True
15317,Unsegmented (Insufficient History),DORMANT,United Kingdom,1,129.75,677,129.75,0.0,0.0,0.0,0.0,5,None,True
15318,Unsegmented (Insufficient History),EMERGING,United Kingdom,1,312.62,3,312.62,312.62,0.0,1.0,1.0,33,EMERGING_BROADENING,True
15319,Unsegmented (Insufficient History),DORMANT,United Kingdom,1,204.5,283,204.5,0.0,0.0,0.0,0.0,16,None,True
15320,Unsegmented (Insufficient History),EMERGING,United Kingdom,1,267.13,44,267.13,267.13,0.0,1.0,1.0,36,EMERGING_BROADENING,True
15321,High-Value Stable,SOFTENING,United Kingdom,12,6709.73,70,559.1442,1588.84,0.0,1.0,1.0,242,POSITIVE_MOMENTUM,False
15322,Emerging Engagement,SOFTENING,United Kingdom,2,1390.86,85,695.43,679.68,0.0,1.0,1.0,76,POSITIVE_MOMENTUM,False
15323,Low-Activity / Long-Recency,DORMANT,United Kingdom,3,434.6,562,144.8667,0.0,0.0,0.0,0.0,29,None,False
15324,Unsegmented (Insufficient History),DORMANT,United Kingdom,1,140.22,701,140.22,0.0,0.0,0.0,0.0,8,None,True
15325,Low-Activity / Long-Recency,DORMANT,United Kingdom,8,1601.46,103,200.1825,0.0,161.74,-1.0,-1.0,164,BROAD_ENGAGEMENT_SOFTENING,False
15326,Low-Activity / Long-Recency,DORMANT,United Kingdom,5,1700.52,333,340.104,0.0,0.0,0.0,0.0,94,None,False
15327,Unsegmented (Insufficient History),EMERGING,United Kingdom,1,208.75,52,208.75,208.75,0.0,1.0,1.0,10,EMERGING_BROADENING,True
15328,Unsegmented (Insufficient History),DORMANT,United Kingdom,1,107.24,407,107.24,0.0,0.0,0.0,0.0,8,None,True
15329,High-Value Stable,ENGAGED,United Kingdom,11,2958.83,39,268.9845,295.7,754.0,-0.6078,-0.5,98,HIGH_VALUE_SOFTENING,False
15330,Unsegmented (Insufficient History),EMERGING,United Kingdom,2,714.96,32,357.48,714.96,0.0,1.0,1.0,10,EMERGING_BROADENING,True
15331,Low-Activity / Long-Recency,DORMANT,United Kingdom,3,767.91,499,255.97,0.0,0.0,0.0,0.0,41,None,False
15332,Low-Activity / Long-Recency,DORMANT,Lithuania,6,4892.68,366,815.4467,0.0,0.0,0.0,0.0,113,HISTORICAL_VALUE_DORMANT,False
15333,Unsegmented (Insufficient History),DORMANT,United Kingdom,1,1028.56,208,1028.56,0.0,0.0,0.0,0.0,16,None,True
15334,Low-Activity / Long-Recency,DORMANT,United Kingdom,3,350.82,156,116.94,0.0,350.82,-1.0,-1.0,67,None,False
15335,Unsegmented (Insufficient History),EMERGING,United Kingdom,1,170.22,53,170.22,170.22,0.0,1.0,1.0,34,EMERGING_BROADENING,True
15336,Unsegmented (Insufficient History),DORMANT,United Kingdom,1,240.5,401,240.5,0.0,0.0,0.0,0.0,15,None,True
15337,Unsegmented (Insufficient History),DORMANT,United Kingdom,1,373.02,411,373.02,0.0,0.0,0.0,0.0,21,None,True
15338,Unsegmented (Insufficient History),DORMANT,United Kingdom,1,277.93,677,277.93,0.0,0.0,0.0,0.0,56,None,True
15339,Emerging Engagement,ENGAGED,United Kingdom,7,1821.02,66,260.1457,316.17,0.0,1.0,1.0,162,POSITIVE_MOMENTUM,False
15340,Unsegmented (Insufficient History),DORMANT,United Kingdom,1,105.5,561,105.5,0.0,0.0,0.0,0.0,7,None,True
15341,Emerging Engagement,SOFTENING,United Kingdom,2,2402.72,80,1201.36,2020.52,0.0,1.0,1.0,22,POSITIVE_MOMENTUM,False
15342,Unsegmented (Insufficient History),DORMANT,United Kingdom,1,406.09,129,406.09,0.0,406.09,-1.0,-1.0,24,None,True
15343,Unsegmented (Insufficient History),SOFTENING,United Kingdom,1,364.5,87,364.5,364.5,0.0,1.0,1.0,21,POSITIVE_MOMENTUM,True
15344,Unsegmented (Insufficient History),ENGAGED,United Kingdom,3,563.94,0,187.98,563.94,0.0,1.0,1.0,21,POSITIVE_MOMENTUM,True
15345,Unsegmented (Insufficient History),EMERGING,United Kingdom,1,393.54,45,393.54,393.54,0.0,1.0,1.0,20,EMERGING_BROADENING,True
15346,Low-Activity / Long-Recency,DORMANT,United Kingdom,3,596.12,332,198.7067,0.0,0.0,0.0,0.0,36,None,False
15347,Low-Activity / Long-Recency,DORMANT,United Kingdom,4,1162.0,366,290.5,0.0,0.0,0.0,0.0,29,None,False
15348,Unsegmented (Insufficient History),SOFTENING,United Kingdom,1,158.04,72,158.04,158.04,0.0,1.0,1.0,9,POSITIVE_MOMENTUM,True
15349,Low-Activity / Long-Recency,DORMANT,United Kingdom,2,463.91,158,231.955,0.0,107.7,-1.0,-1.0,65,None,False
15350,Low-Activity / Long-Recency,DORMANT,United Kingdom,2,547.6,373,273.8,0.0,0.0,0.0,0.0,26,None,False
15351,High-Value Stable,ENGAGED,United Kingdom,10,3430.22,12,343.022,1659.99,0.0,1.0,1.0,201,POSITIVE_MOMENTUM,False
15352,Unsegmented (Insufficient History),DORMANT,United Kingdom,1,111.15,548,111.15,0.0,0.0,0.0,0.0,34,None,True
15353,High-Value Stable,DORMANT,United Kingdom,7,2794.47,254,399.21,0.0,0.0,0.0,0.0,274,None,False
15354,Low-Activity / Long-Recency,DORMANT,United Kingdom,3,284.4,603,94.8,0.0,0.0,0.0,0.0,1,None,False
15355,Unsegmented (Insufficient History),EMERGING,United Kingdom,2,277.05,29,138.525,277.05,0.0,1.0,1.0,9,EMERGING_BROADENING,True
15356,High-Value Stable,SOFTENING,United Kingdom,13,3239.57,31,249.1977,486.86,1069.51,-0.5448,-0.3333,290,HIGH_VALUE_SOFTENING,False
15358,High-Value Stable,ENGAGED,United Kingdom,42,16425.86,4,391.0919,2707.39,1276.74,1.1205,0.75,359,POSITIVE_MOMENTUM,False
15359,Low-Activity / Long-Recency,DORMANT,United Kingdom,8,181.35,662,22.6687,0.0,0.0,0.0,0.0,10,HIGH_FREQUENCY_LOW_VALUE,False
15360,Unsegmented (Insufficient History),EMERGING,United Kingdom,1,427.93,39,427.93,427.93,0.0,1.0,1.0,13,EMERGING_BROADENING,True
15361,Low-Activity / Long-Recency,DORMANT,United Kingdom,4,689.07,361,172.2675,0.0,0.0,0.0,0.0,10,None,False
15362,Low-Activity / Long-Recency,DORMANT,United Kingdom,2,613.08,448,306.54,0.0,0.0,0.0,0.0,38,None,False
15363,Low-Activity / Long-Recency,DORMANT,United Kingdom,2,678.11,372,339.055,0.0,0.0,0.0,0.0,32,None,False
15364,Low-Activity / Long-Recency,SOFTENING,United Kingdom,2,913.19,95,456.595,0.0,581.39,-1.0,-1.0,29,None,False
15365,Emerging Engagement,ENGAGED,United Kingdom,13,4557.13,25,350.5485,1353.04,752.67,0.7977,4.0,126,POSITIVE_MOMENTUM,False
15366,Emerging Engagement,SOFTENING,United Kingdom,7,2389.08,75,341.2971,496.97,0.0,1.0,1.0,86,POSITIVE_MOMENTUM,False
15367,High-Value Stable,ENGAGED,United Kingdom,11,5081.33,57,461.9391,461.41,0.0,1.0,1.0,214,POSITIVE_MOMENTUM,False
15368,Emerging Engagement,ENGAGED,United Kingdom,2,722.74,21,361.37,446.94,0.0,1.0,1.0,8,POSITIVE_MOMENTUM,False
15369,Low-Activity / Long-Recency,DORMANT,United Kingdom,11,6251.26,492,568.2964,0.0,0.0,0.0,0.0,44,HISTORICAL_VALUE_DORMANT,False
15370,Emerging Engagement,ENGAGED,United Kingdom,8,3739.01,40,467.3763,872.59,385.52,1.2634,2.0,90,POSITIVE_MOMENTUM,False
15371,Unsegmented (Insufficient History),DORMANT,United Kingdom,1,59.4,662,59.4,0.0,0.0,0.0,0.0,1,None,True
15372,Low-Activity / Long-Recency,DORMANT,United Kingdom,8,6017.06,137,752.1325,0.0,2007.4,-1.0,-1.0,45,HIGH_VALUE_SOFTENING,False
15373,High-Value Stable,ENGAGED,United Kingdom,17,3084.54,8,181.4435,729.01,495.15,0.4723,0.0,107,HIGH_FREQUENCY_LOW_VALUE,False
15374,Low-Activity / Long-Recency,DORMANT,United Kingdom,2,307.32,128,153.66,0.0,168.0,-1.0,-1.0,8,None,False
15375,Unsegmented (Insufficient History),DORMANT,United Kingdom,1,60.96,690,60.96,0.0,0.0,0.0,0.0,6,None,True
15376,Low-Activity / Long-Recency,ENGAGED,United Kingdom,3,1221.56,40,407.1867,244.34,334.85,-0.2703,0.0,100,None,False
15377,Low-Activity / Long-Recency,DORMANT,United Kingdom,4,1211.75,382,302.9375,0.0,0.0,0.0,0.0,15,None,False
15378,Low-Activity / Long-Recency,DORMANT,United Kingdom,2,246.5,462,123.25,0.0,0.0,0.0,0.0,8,None,False
15379,High-Value Stable,DORMANT,United Kingdom,8,4877.84,169,609.73,0.0,130.8,-1.0,-1.0,177,HIGH_VALUE_SOFTENING,False
15380,Emerging Engagement,ENGAGED,United Kingdom,11,3248.96,8,295.36,1107.7,352.46,2.1428,2.0,27,POSITIVE_MOMENTUM,False
15381,Low-Activity / Long-Recency,DORMANT,United Kingdom,5,1890.57,213,378.114,0.0,0.0,0.0,0.0,20,None,False
15382,High-Value Stable,ENGAGED,United Kingdom,12,13733.55,14,1144.4625,3828.59,0.0,1.0,1.0,315,POSITIVE_MOMENTUM,False
15384,Low-Activity / Long-Recency,DORMANT,United Kingdom,4,2027.79,169,506.9475,0.0,338.84,-1.0,-1.0,83,None,False
15385,Emerging Engagement,ENGAGED,United Kingdom,3,942.08,40,314.0267,316.88,0.0,1.0,1.0,18,POSITIVE_MOMENTUM,False
15386,Unsegmented (Insufficient History),DORMANT,United Kingdom,1,394.14,186,394.14,0.0,0.0,0.0,0.0,31,None,True
15387,Unsegmented (Insufficient History),DORMANT,United Kingdom,1,468.65,492,468.65,0.0,0.0,0.0,0.0,20,None,True
15388,Unsegmented (Insufficient History),DORMANT,Canada,1,140.54,270,140.54,0.0,0.0,0.0,0.0,10,None,True
15389,Low-Activity / Long-Recency,DORMANT,United Kingdom,5,2733.8,172,546.76,0.0,500.0,-1.0,-1.0,2,None,False
15390,Low-Activity / Long-Recency,DORMANT,Canada,2,1216.66,396,608.33,0.0,0.0,0.0,0.0,77,None,False
15391,Unsegmented (Insufficient History),DORMANT,United Kingdom,1,289.87,584,289.87,0.0,0.0,0.0,0.0,12,None,True
15392,Emerging Engagement,ENGAGED,United Kingdom,7,2911.62,4,415.9457,1196.55,0.0,1.0,1.0,100,POSITIVE_MOMENTUM,False
15393,Emerging Engagement,ENGAGED,United Kingdom,5,891.34,16,178.268,107.76,0.0,1.0,1.0,37,POSITIVE_MOMENTUM,False
15394,High-Value Stable,ENGAGED,United Kingdom,11,5286.8,9,480.6182,747.1,0.0,1.0,1.0,129,POSITIVE_MOMENTUM,False
15395,Unsegmented (Insufficient History),DORMANT,United Kingdom,1,107.45,325,107.45,0.0,0.0,0.0,0.0,7,None,True
15396,Low-Activity / Long-Recency,DORMANT,United Kingdom,2,796.38,112,398.19,0.0,288.18,-1.0,-1.0,16,None,False
15397,Unsegmented (Insufficient History),DORMANT,United Kingdom,1,94.0,289,94.0,0.0,0.0,0.0,0.0,6,None,True
15398,Unsegmented (Insufficient History),ENGAGED,United Kingdom,2,1345.53,16,672.765,1345.53,0.0,1.0,1.0,60,POSITIVE_MOMENTUM,True
15399,Unsegmented (Insufficient History),ENGAGED,United Kingdom,3,815.77,1,271.9233,815.77,0.0,1.0,1.0,45,POSITIVE_MOMENTUM,True
15400,Low-Activity / Long-Recency,SOFTENING,United Kingdom,8,1302.3,92,162.7875,0.0,257.4,-1.0,-1.0,16,HIGH_FREQUENCY_LOW_VALUE,False
15401,Low-Activity / Long-Recency,DORMANT,United Kingdom,2,216.95,452,108.475,0.0,0.0,0.0,0.0,14,None,False
15402,Low-Activity / Long-Recency,DORMANT,United Kingdom,6,1830.54,148,305.09,0.0,185.78,-1.0,-1.0,79,None,False
15403,Low-Activity / Long-Recency,DORMANT,United Kingdom,2,170.88,491,85.44,0.0,0.0,0.0,0.0,6,None,False
15404,Unsegmented (Insufficient History),DORMANT,United Kingdom,1,257.06,375,257.06,0.0,0.0,0.0,0.0,16,None,True
15405,Low-Activity / Long-Recency,DORMANT,United Kingdom,2,659.84,189,329.92,0.0,0.0,0.0,0.0,29,None,False
15406,Emerging Engagement,ENGAGED,United Kingdom,4,975.87,31,243.9675,258.42,0.0,1.0,1.0,108,POSITIVE_MOMENTUM,False
15407,Emerging Engagement,ENGAGED,United Kingdom,4,1046.74,33,261.685,306.01,0.0,1.0,1.0,142,POSITIVE_MOMENTUM,False
15408,Unsegmented (Insufficient History),DORMANT,United Kingdom,1,267.18,264,267.18,0.0,0.0,0.0,0.0,34,None,True
15409,Unsegmented (Insufficient History),DORMANT,United Kingdom,1,131.25,721,131.25,0.0,0.0,0.0,0.0,9,None,True
15410,High-Value Stable,SOFTENING,United Kingdom,10,4685.72,84,468.572,361.43,1288.52,-0.7195,-0.6667,80,HIGH_VALUE_SOFTENING,False
15411,Emerging Engagement,SOFTENING,United Kingdom,4,1348.93,26,337.2325,966.72,225.81,3.2811,1.0,86,POSITIVE_MOMENTUM,False
15412,Unsegmented (Insufficient History),DORMANT,United Kingdom,1,190.53,171,190.53,0.0,190.53,-1.0,-1.0,10,None,True
15413,Low-Activity / Long-Recency,DORMANT,United Kingdom,5,6798.72,691,1359.744,0.0,0.0,0.0,0.0,20,HISTORICAL_VALUE_DORMANT,False
15414,Emerging Engagement,ENGAGED,United Kingdom,3,774.9,9,258.3,738.7,0.0,1.0,1.0,37,POSITIVE_MOMENTUM,False
15415,Unsegmented (Insufficient History),DORMANT,United Kingdom,1,559.61,313,559.61,0.0,0.0,0.0,0.0,46,None,True
15416,High-Value Stable,ENGAGED,United Kingdom,7,4572.82,64,653.26,839.99,869.9,-0.0344,0.0,189,None,False
15417,Unsegmented (Insufficient History),SOFTENING,United Kingdom,1,508.8,85,508.8,508.8,0.0,1.0,1.0,28,POSITIVE_MOMENTUM,True
15418,Low-Activity / Long-Recency,DORMANT,United Kingdom,2,449.42,425,224.71,0.0,0.0,0.0,0.0,64,None,False
15419,Unsegmented (Insufficient History),EMERGING,United Kingdom,1,135.86,24,135.86,135.86,0.0,1.0,1.0,8,EMERGING_BROADENING,True
15420,Low-Activity / Long-Recency,DORMANT,United Kingdom,6,743.0,434,123.8333,0.0,0.0,0.0,0.0,52,None,False
15421,High-Value Stable,ENGAGED,United Kingdom,10,3805.34,58,380.534,211.0,0.0,1.0,1.0,170,POSITIVE_MOMENTUM,False
15422,Low-Activity / Long-Recency,DORMANT,United Kingdom,7,1619.97,323,231.4243,0.0,0.0,0.0,0.0,80,None,False
15423,Emerging Engagement,ENGAGED,United Kingdom,3,266.89,38,88.9633,43.5,0.0,1.0,1.0,13,POSITIVE_MOMENTUM,False
15424,Low-Activity / Long-Recency,DORMANT,United Kingdom,3,597.78,254,199.26,0.0,0.0,0.0,0.0,33,None,False
15425,Low-Activity / Long-Recency,DORMANT,United Kingdom,4,1941.12,400,485.28,0.0,0.0,0.0,0.0,114,None,False
15426,High-Value Stable,ENGAGED,United Kingdom,9,2156.35,19,239.5944,769.94,0.0,1.0,1.0,327,POSITIVE_MOMENTUM,False
15427,Unsegmented (Insufficient History),EMERGING,United Kingdom,3,1430.54,33,476.8467,1430.54,0.0,1.0,1.0,233,EMERGING_BROADENING,True
15428,Emerging Engagement,ENGAGED,United Kingdom,4,762.75,15,190.6875,93.78,0.0,1.0,1.0,39,POSITIVE_MOMENTUM,False
15429,Unsegmented (Insufficient History),ENGAGED,United Kingdom,2,397.35,26,198.675,397.35,0.0,1.0,1.0,77,POSITIVE_MOMENTUM,True
15430,Low-Activity / Long-Recency,DORMANT,United Kingdom,2,954.75,467,477.375,0.0,0.0,0.0,0.0,36,None,False
15431,Unsegmented (Insufficient History),DORMANT,United Kingdom,1,153.24,502,153.24,0.0,0.0,0.0,0.0,2,None,True
15432,Emerging Engagement,ENGAGED,United Kingdom,2,320.76,23,160.38,171.19,0.0,1.0,1.0,16,POSITIVE_MOMENTUM,False
15433,Low-Activity / Long-Recency,DORMANT,United Kingdom,2,533.3,213,266.65,0.0,0.0,0.0,0.0,40,None,False
15434,High-Value Stable,ENGAGED,United Kingdom,11,2567.06,8,233.3691,454.2,280.32,0.6203,0.0,82,HIGH_FREQUENCY_LOW_VALUE,False
15435,Unsegmented (Insufficient History),EMERGING,United Kingdom,1,149.29,22,149.29,149.29,0.0,1.0,1.0,29,EMERGING_BROADENING,True
15436,Emerging Engagement,ENGAGED,United Kingdom,3,1067.75,12,355.9167,583.65,0.0,1.0,1.0,243,POSITIVE_MOMENTUM,False
15437,Low-Activity / Long-Recency,DORMANT,United Kingdom,2,393.45,262,196.725,0.0,0.0,0.0,0.0,56,None,False
15438,Unsegmented (Insufficient History),DORMANT,United Kingdom,1,156.58,131,156.58,0.0,156.58,-1.0,-1.0,25,None,True
15439,Low-Activity / Long-Recency,DORMANT,United Kingdom,4,1269.05,404,317.2625,0.0,0.0,0.0,0.0,49,None,False
15440,Low-Activity / Long-Recency,ENGAGED,United Kingdom,3,383.68,54,127.8933,146.02,111.86,0.3054,0.0,50,None,False
15441,Low-Activity / Long-Recency,DORMANT,United Kingdom,3,1254.21,396,418.07,0.0,0.0,0.0,0.0,45,None,False
15442,Unsegmented (Insufficient History),DORMANT,United Kingdom,1,594.0,248,594.0,0.0,0.0,0.0,0.0,2,None,True
15443,Emerging Engagement,ENGAGED,United Kingdom,14,5114.23,1,365.3021,2528.79,247.09,9.2343,4.0,408,POSITIVE_MOMENTUM,False
15444,Unsegmented (Insufficient History),EMERGING,United Kingdom,2,1411.21,9,705.605,1411.21,0.0,1.0,1.0,191,EMERGING_BROADENING,True
15445,Low-Activity / Long-Recency,DORMANT,United Kingdom,2,284.5,264,142.25,0.0,0.0,0.0,0.0,12,None,False
15446,Low-Activity / Long-Recency,DORMANT,United Kingdom,3,399.75,376,133.25,0.0,0.0,0.0,0.0,90,None,False
15447,Low-Activity / Long-Recency,DORMANT,United Kingdom,5,492.88,330,98.576,0.0,0.0,0.0,0.0,27,None,False
15448,Low-Activity / Long-Recency,DORMANT,United Kingdom,2,788.81,312,394.405,0.0,0.0,0.0,0.0,49,None,False
15449,Emerging Engagement,ENGAGED,United Kingdom,3,974.52,26,324.84,326.82,0.0,1.0,1.0,47,POSITIVE_MOMENTUM,False
15450,Unsegmented (Insufficient History),EMERGING,United Kingdom,1,429.84,30,429.84,429.84,0.0,1.0,1.0,30,EMERGING_BROADENING,True
15451,Low-Activity / Long-Recency,DORMANT,United Kingdom,2,226.86,434,113.43,0.0,0.0,0.0,0.0,56,None,False
15452,Emerging Engagement,ENGAGED,United Kingdom,6,1785.11,29,297.5183,291.48,0.0,1.0,1.0,158,POSITIVE_MOMENTUM,False
15453,High-Value Stable,ENGAGED,United Kingdom,7,1371.77,1,195.9671,670.57,506.86,0.323,0.0,169,None,False
15454,Low-Activity / Long-Recency,DORMANT,United Kingdom,2,305.99,362,152.995,0.0,0.0,0.0,0.0,35,None,False
15455,Unsegmented (Insufficient History),DORMANT,United Kingdom,1,38.25,597,38.25,0.0,0.0,0.0,0.0,2,None,True
15456,High-Value Stable,DORMANT,United Kingdom,10,2091.52,283,209.152,0.0,0.0,0.0,0.0,128,HIGH_FREQUENCY_LOW_VALUE,False
15457,Unsegmented (Insufficient History),DORMANT,United Kingdom,1,237.07,262,237.07,0.0,0.0,0.0,0.0,56,None,True
15458,Emerging Engagement,ENGAGED,United Kingdom,2,370.44,25,185.22,161.64,0.0,1.0,1.0,13,POSITIVE_MOMENTUM,False
15459,Low-Activity / Long-Recency,DORMANT,United Kingdom,2,202.83,417,101.415,0.0,0.0,0.0,0.0,6,None,False
15460,Unsegmented (Insufficient History),DORMANT,United Kingdom,1,214.26,354,214.26,0.0,0.0,0.0,0.0,53,None,True
15461,Low-Activity / Long-Recency,DORMANT,United Kingdom,2,429.7,460,214.85,0.0,0.0,0.0,0.0,1,None,False
15462,Low-Activity / Long-Recency,SOFTENING,United Kingdom,4,737.05,94,184.2625,0.0,129.6,-1.0,-1.0,32,None,False
15463,Unsegmented (Insufficient History),EMERGING,United Kingdom,1,126.14,29,126.14,126.14,0.0,1.0,1.0,7,EMERGING_BROADENING,True
15464,Unsegmented (Insufficient History),DORMANT,United Kingdom,1,1044.65,338,1044.65,0.0,0.0,0.0,0.0,155,None,True
15465,High-Value Stable,SOFTENING,United Kingdom,32,12100.4,19,378.1375,1362.49,639.62,1.1302,0.5,94,POSITIVE_MOMENTUM,False
15466,Emerging Engagement,SOFTENING,United Kingdom,4,1560.46,85,390.115,334.53,0.0,1.0,1.0,211,POSITIVE_MOMENTUM,False
15467,Low-Activity / Long-Recency,SOFTENING,United Kingdom,3,524.88,9,174.96,122.32,402.56,-0.6961,-0.5,41,None,False
15468,Emerging Engagement,ENGAGED,United Kingdom,3,1430.48,51,476.8267,467.51,0.0,1.0,1.0,80,POSITIVE_MOMENTUM,False
15469,Low-Activity / Long-Recency,ENGAGED,United Kingdom,3,874.25,50,291.4167,234.25,304.3,-0.2302,0.0,38,None,False
15470,Unsegmented (Insufficient History),DORMANT,United Kingdom,1,63.42,575,63.42,0.0,0.0,0.0,0.0,4,None,True
15471,Emerging Engagement,REACTIVATED,United Kingdom,3,1292.01,2,430.67,454.48,0.0,1.0,1.0,122,POSITIVE_MOMENTUM,False
15472,Unsegmented (Insufficient History),DORMANT,United Kingdom,1,371.56,113,371.56,0.0,371.56,-1.0,-1.0,76,None,True
15473,Emerging Engagement,ENGAGED,United Kingdom,8,2046.0,14,255.75,1771.2,0.0,1.0,1.0,5,POSITIVE_MOMENTUM,False
15474,Unsegmented (Insufficient History),DORMANT,United Kingdom,1,150.35,595,150.35,0.0,0.0,0.0,0.0,19,None,True
15475,Unsegmented (Insufficient History),SOFTENING,United Kingdom,1,454.11,77,454.11,454.11,0.0,1.0,1.0,29,POSITIVE_MOMENTUM,True
15476,Low-Activity / Long-Recency,DORMANT,United Kingdom,4,2209.98,380,552.495,0.0,0.0,0.0,0.0,67,None,False
15477,Unsegmented (Insufficient History),DORMANT,United Kingdom,1,368.4,649,368.4,0.0,0.0,0.0,0.0,2,None,True
15478,Emerging Engagement,ENGAGED,United Kingdom,3,1983.48,40,661.16,1399.92,0.0,1.0,1.0,53,POSITIVE_MOMENTUM,False
15479,Unsegmented (Insufficient History),DORMANT,United Kingdom,1,147.4,733,147.4,0.0,0.0,0.0,0.0,9,None,True
15480,High-Value Stable,DORMANT,Malta,5,6279.0,116,1255.8,0.0,905.5,-1.0,-1.0,199,HIGH_VALUE_SOFTENING,False
15481,Unsegmented (Insufficient History),DORMANT,Norway,1,1993.34,401,1993.34,0.0,0.0,0.0,0.0,38,None,True
15482,Emerging Engagement,ENGAGED,United Kingdom,19,14417.36,15,758.8084,8951.46,666.06,12.4394,7.0,74,POSITIVE_MOMENTUM,False
15483,Low-Activity / Long-Recency,DORMANT,United Kingdom,10,817.82,161,81.782,0.0,114.31,-1.0,-1.0,216,HIGH_FREQUENCY_LOW_VALUE,False
15484,Emerging Engagement,ENGAGED,United Kingdom,6,4652.1,1,775.35,3590.41,0.0,1.0,1.0,180,POSITIVE_MOMENTUM,False
15485,Emerging Engagement,ENGAGED,United Kingdom,7,4810.92,30,687.2743,1296.37,0.0,1.0,1.0,80,POSITIVE_MOMENTUM,False
15486,Unsegmented (Insufficient History),DORMANT,United Kingdom,1,102.0,527,102.0,0.0,0.0,0.0,0.0,1,None,True
15487,Unsegmented (Insufficient History),DORMANT,United Kingdom,1,231.32,679,231.32,0.0,0.0,0.0,0.0,14,None,True
15488,Low-Activity / Long-Recency,SOFTENING,United Kingdom,5,431.92,92,86.384,0.0,91.32,-1.0,-1.0,10,None,False
15489,Emerging Engagement,ENGAGED,United Kingdom,8,2419.61,22,302.4513,786.02,0.0,1.0,1.0,75,POSITIVE_MOMENTUM,False
15490,Unsegmented (Insufficient History),DORMANT,United Kingdom,1,210.85,430,210.85,0.0,0.0,0.0,0.0,22,None,True
15491,High-Value Stable,SOFTENING,United Kingdom,6,3100.09,95,516.6817,0.0,1455.17,-1.0,-1.0,108,HIGH_VALUE_SOFTENING,False
15492,Unsegmented (Insufficient History),ENGAGED,United Kingdom,2,659.46,28,329.73,659.46,0.0,1.0,1.0,32,POSITIVE_MOMENTUM,True
15493,High-Value Stable,ENGAGED,United Kingdom,9,4121.68,32,457.9644,666.46,367.5,0.8135,1.0,289,POSITIVE_MOMENTUM,False
15494,High-Value Stable,ENGAGED,United Kingdom,5,3702.6,21,740.52,160.7,1119.88,-0.8565,0.0,307,HIGH_VALUE_SOFTENING,False
15495,Unsegmented (Insufficient History),DORMANT,United Kingdom,1,246.5,379,246.5,0.0,0.0,0.0,0.0,20,None,True
15496,Unsegmented (Insufficient History),DORMANT,United Kingdom,1,146.14,631,146.14,0.0,0.0,0.0,0.0,22,None,True
15497,High-Value Stable,ENGAGED,United Kingdom,9,8657.39,17,961.9322,291.6,0.0,1.0,1.0,66,POSITIVE_MOMENTUM,False
15498,High-Value Stable,ENGAGED,United Kingdom,44,24972.86,2,567.565,4190.03,1983.52,1.1124,0.3333,597,POSITIVE_MOMENTUM,False
15499,Unsegmented (Insufficient History),DORMANT,United Kingdom,1,158.65,723,158.65,0.0,0.0,0.0,0.0,40,None,True
15500,Unsegmented (Insufficient History),ENGAGED,United Kingdom,4,1131.56,8,282.89,1131.56,0.0,1.0,1.0,64,POSITIVE_MOMENTUM,True
15501,Low-Activity / Long-Recency,DORMANT,United Kingdom,2,399.95,404,199.975,0.0,0.0,0.0,0.0,64,None,False
15502,Emerging Engagement,ENGAGED,United Kingdom,14,13003.87,15,928.8479,4429.4,3315.07,0.3361,6.0,231,POSITIVE_MOMENTUM,False
15503,Low-Activity / Long-Recency,DORMANT,United Kingdom,2,257.3,362,128.65,0.0,0.0,0.0,0.0,112,None,False
15504,Emerging Engagement,SOFTENING,United Kingdom,4,402.7,81,100.675,52.83,0.0,1.0,1.0,42,POSITIVE_MOMENTUM,False
15505,High-Value Stable,SOFTENING,United Kingdom,5,3610.96,52,722.192,1519.82,2091.14,-0.2732,-0.3333,90,HIGH_VALUE_SOFTENING,False
15506,Emerging Engagement,ENGAGED,United Kingdom,6,2030.33,22,338.3883,763.31,208.77,2.6562,1.0,180,POSITIVE_MOMENTUM,False
15507,Unsegmented (Insufficient History),DORMANT,United Kingdom,1,475.86,171,475.86,0.0,475.86,-1.0,-1.0,41,None,True
15508,Low-Activity / Long-Recency,DORMANT,United Kingdom,6,1000.27,189,166.7117,0.0,0.0,0.0,0.0,78,None,False
15509,Unsegmented (Insufficient History),DORMANT,United Kingdom,1,152.41,380,152.41,0.0,0.0,0.0,0.0,26,None,True
15510,Unsegmented (Insufficient History),DORMANT,United Kingdom,1,250.0,330,250.0,0.0,0.0,0.0,0.0,1,None,True
15511,Unsegmented (Insufficient History),ENGAGED,United Kingdom,5,900.53,11,180.106,900.53,0.0,1.0,1.0,117,POSITIVE_MOMENTUM,True
15512,Low-Activity / Long-Recency,DORMANT,United Kingdom,4,331.58,155,82.895,0.0,19.8,-1.0,-1.0,29,None,False
15513,High-Value Stable,SOFTENING,United Kingdom,35,26437.05,33,755.3443,3406.08,5282.68,-0.3552,-0.6,278,BROAD_ENGAGEMENT_SOFTENING,False
15514,High-Value Stable,ENGAGED,United Kingdom,18,6392.06,12,355.1144,1521.78,0.0,1.0,1.0,171,POSITIVE_MOMENTUM,False
15515,Unsegmented (Insufficient History),DORMANT,United Kingdom,1,171.81,387,171.81,0.0,0.0,0.0,0.0,7,None,True
15516,Unsegmented (Insufficient History),EMERGING,United Kingdom,3,62.43,44,20.81,62.43,0.0,1.0,1.0,15,EMERGING_BROADENING,True
15517,Unsegmented (Insufficient History),DORMANT,United Kingdom,1,267.03,233,267.03,0.0,0.0,0.0,0.0,27,None,True
15518,High-Value Stable,SOFTENING,United Kingdom,15,4189.99,64,279.3327,317.69,629.69,-0.4955,-0.6667,250,HIGH_VALUE_SOFTENING,False
15519,Low-Activity / Long-Recency,DORMANT,United Kingdom,2,344.61,383,172.305,0.0,0.0,0.0,0.0,34,None,False
15520,Unsegmented (Insufficient History),EMERGING,United Kingdom,1,343.5,1,343.5,343.5,0.0,1.0,1.0,18,EMERGING_BROADENING,True
15521,High-Value Stable,SOFTENING,United Kingdom,16,7098.24,40,443.64,673.42,659.0,0.0219,-0.6667,186,BROAD_ENGAGEMENT_SOFTENING,False
15522,Unsegmented (Insufficient History),ENGAGED,United Kingdom,2,397.99,32,198.995,397.99,0.0,1.0,1.0,47,POSITIVE_MOMENTUM,True
15523,High-Value Stable,SOFTENING,United Kingdom,16,17259.19,84,1078.6994,412.01,0.0,1.0,1.0,65,POSITIVE_MOMENTUM,False
15524,Emerging Engagement,ENGAGED,United Kingdom,2,591.4,24,295.7,440.0,0.0,1.0,1.0,9,POSITIVE_MOMENTUM,False
15525,Emerging Engagement,ENGAGED,United Kingdom,4,890.22,2,222.555,459.44,0.0,1.0,1.0,152,POSITIVE_MOMENTUM,False
15526,Unsegmented (Insufficient History),EMERGING,United Kingdom,2,148.44,33,74.22,148.44,0.0,1.0,1.0,4,EMERGING_BROADENING,True
15527,Emerging Engagement,ENGAGED,United Kingdom,23,5554.89,18,241.517,1097.74,183.5,4.9822,2.0,226,POSITIVE_MOMENTUM,False
15528,Unsegmented (Insufficient History),DORMANT,United Kingdom,1,229.33,254,229.33,0.0,0.0,0.0,0.0,26,None,True
15529,High-Value Stable,ENGAGED,United Kingdom,12,4783.66,22,398.6383,1575.37,456.67,2.4497,2.0,451,POSITIVE_MOMENTUM,False
15530,Low-Activity / Long-Recency,ENGAGED,United Kingdom,5,1808.68,21,361.736,333.62,615.6,-0.4581,-0.5,111,BROAD_ENGAGEMENT_SOFTENING,False
15531,Unsegmented (Insufficient History),EMERGING,United Kingdom,2,1972.39,8,986.195,1972.39,0.0,1.0,1.0,196,EMERGING_BROADENING,True
15532,High-Value Stable,ENGAGED,United Kingdom,10,3738.85,25,373.885,350.24,860.69,-0.5931,-0.5,417,HIGH_VALUE_SOFTENING,False
15533,Unsegmented (Insufficient History),SOFTENING,United Kingdom,3,807.57,19,269.19,807.57,0.0,1.0,1.0,73,POSITIVE_MOMENTUM,True
15534,Unsegmented (Insufficient History),DORMANT,United Kingdom,1,162.25,725,162.25,0.0,0.0,0.0,0.0,8,None,True
15535,Low-Activity / Long-Recency,DORMANT,United Kingdom,6,1044.37,173,174.0617,0.0,125.01,-1.0,-1.0,88,BROAD_ENGAGEMENT_SOFTENING,False
15536,Unsegmented (Insufficient History),DORMANT,United Kingdom,1,259.09,409,259.09,0.0,0.0,0.0,0.0,16,None,True
15537,Unsegmented (Insufficient History),DORMANT,United Kingdom,1,110.92,163,110.92,0.0,110.92,-1.0,-1.0,24,None,True
15538,Low-Activity / Long-Recency,DORMANT,United Kingdom,6,3358.4,537,559.7333,0.0,0.0,0.0,0.0,3,HISTORICAL_VALUE_DORMANT,False
15539,Unsegmented (Insufficient History),EMERGING,United Kingdom,1,538.46,7,538.46,538.46,0.0,1.0,1.0,41,EMERGING_BROADENING,True
15540,Emerging Engagement,ENGAGED,United Kingdom,2,460.68,11,230.34,213.3,0.0,1.0,1.0,31,POSITIVE_MOMENTUM,False
15541,Unsegmented (Insufficient History),DORMANT,United Kingdom,1,85.13,114,85.13,0.0,85.13,-1.0,-1.0,29,None,True
15542,Low-Activity / Long-Recency,DORMANT,United Kingdom,3,855.71,512,285.2367,0.0,0.0,0.0,0.0,212,None,False
15543,Low-Activity / Long-Recency,DORMANT,United Kingdom,2,242.26,288,121.13,0.0,0.0,0.0,0.0,50,None,False
15544,High-Value Stable,ENGAGED,United Kingdom,20,7807.89,9,390.3945,774.34,1012.9,-0.2355,-0.3333,175,BROAD_ENGAGEMENT_SOFTENING,False
15545,Emerging Engagement,ENGAGED,United Kingdom,2,288.97,54,144.485,153.64,0.0,1.0,1.0,78,POSITIVE_MOMENTUM,False
15546,Low-Activity / Long-Recency,DORMANT,United Kingdom,2,1079.1,606,539.55,0.0,0.0,0.0,0.0,6,None,False
15547,Emerging Engagement,SOFTENING,United Kingdom,26,10057.05,7,386.8096,2165.44,362.03,4.9814,5.0,652,POSITIVE_MOMENTUM,False
15548,Unsegmented (Insufficient History),DORMANT,United Kingdom,1,158.09,595,158.09,0.0,0.0,0.0,0.0,23,None,True
15549,High-Value Stable,SOFTENING,United Kingdom,8,2334.16,77,291.77,61.58,689.58,-0.9107,0.0,139,None,False
15550,High-Value Stable,ENGAGED,United Kingdom,12,2211.05,4,184.2542,142.35,295.38,-0.5181,-0.5,166,BROAD_ENGAGEMENT_SOFTENING,False
15551,Emerging Engagement,ENGAGED,United Kingdom,7,1679.81,36,239.9729,436.06,0.0,1.0,1.0,117,POSITIVE_MOMENTUM,False
15552,Low-Activity / Long-Recency,DORMANT,United Kingdom,2,252.52,217,126.26,0.0,0.0,0.0,0.0,29,None,False
15553,Unsegmented (Insufficient History),EMERGING,United Kingdom,1,428.93,60,428.93,428.93,0.0,1.0,1.0,51,EMERGING_BROADENING,True
15554,Unsegmented (Insufficient History),DORMANT,United Kingdom,1,217.2,277,217.2,0.0,0.0,0.0,0.0,14,None,True
15555,High-Value Stable,ENGAGED,United Kingdom,36,11243.91,12,312.3308,1985.23,1035.19,0.9177,0.5,667,POSITIVE_MOMENTUM,False
15556,Unsegmented (Insufficient History),EMERGING,United Kingdom,1,279.77,24,279.77,279.77,0.0,1.0,1.0,31,EMERGING_BROADENING,True
15557,Unsegmented (Insufficient History),EMERGING,United Kingdom,1,468.91,28,468.91,468.91,0.0,1.0,1.0,16,EMERGING_BROADENING,True
15558,Unsegmented (Insufficient History),DORMANT,United Kingdom,1,202.68,639,202.68,0.0,0.0,0.0,0.0,23,None,True
15559,Unsegmented (Insufficient History),DORMANT,United Kingdom,1,1109.4,568,1109.4,0.0,0.0,0.0,0.0,62,None,True
15560,Low-Activity / Long-Recency,DORMANT,United Kingdom,2,153.52,397,76.76,0.0,0.0,0.0,0.0,10,None,False
15561,High-Value Stable,SOFTENING,United Kingdom,8,1934.39,11,241.7988,350.92,183.92,0.908,-0.5,65,None,False
15562,Low-Activity / Long-Recency,DORMANT,United Kingdom,3,671.43,351,223.81,0.0,0.0,0.0,0.0,32,None,False
15563,Emerging Engagement,ENGAGED,United Kingdom,7,2859.46,22,408.4943,664.82,0.0,1.0,1.0,179,POSITIVE_MOMENTUM,False
15564,Low-Activity / Long-Recency,DORMANT,United Kingdom,2,70.74,463,35.37,0.0,0.0,0.0,0.0,4,None,False
15565,Unsegmented (Insufficient History),ENGAGED,United Kingdom,2,173.16,50,86.58,173.16,0.0,1.0,1.0,8,POSITIVE_MOMENTUM,True
15566,Low-Activity / Long-Recency,DORMANT,United Kingdom,2,227.87,392,113.935,0.0,0.0,0.0,0.0,9,None,False
15567,Unsegmented (Insufficient History),EMERGING,United Kingdom,1,186.01,18,186.01,186.01,0.0,1.0,1.0,7,EMERGING_BROADENING,True
15568,Unsegmented (Insufficient History),ENGAGED,United Kingdom,3,758.29,2,252.7633,758.29,0.0,1.0,1.0,27,POSITIVE_MOMENTUM,True
15569,High-Value Stable,DORMANT,United Kingdom,10,3583.45,103,358.345,0.0,1087.21,-1.0,-1.0,123,HIGH_VALUE_SOFTENING,False
15570,High-Value Stable,ENGAGED,United Kingdom,25,8736.49,7,349.4596,1338.84,301.26,3.4441,2.0,442,POSITIVE_MOMENTUM,False
15571,High-Value Stable,ENGAGED,United Kingdom,14,3892.35,11,278.025,650.43,0.0,1.0,1.0,442,POSITIVE_MOMENTUM,False
15572,High-Value Stable,ENGAGED,United Kingdom,10,3965.2,4,396.52,980.63,679.25,0.4437,2.0,259,POSITIVE_MOMENTUM,False
15573,Emerging Engagement,ENGAGED,United Kingdom,5,1188.42,31,237.684,591.19,0.0,1.0,1.0,181,POSITIVE_MOMENTUM,False
15574,Low-Activity / Long-Recency,DORMANT,United Kingdom,6,1101.44,177,183.5733,0.0,112.1,-1.0,-1.0,191,BROAD_ENGAGEMENT_SOFTENING,False
15575,Unsegmented (Insufficient History),DORMANT,United Kingdom,1,30.1,619,30.1,0.0,0.0,0.0,0.0,3,None,True
15576,Unsegmented (Insufficient History),EMERGING,United Kingdom,1,921.37,37,921.37,921.37,0.0,1.0,1.0,43,EMERGING_BROADENING,True
15577,Low-Activity / Long-Recency,DORMANT,United Kingdom,5,396.03,151,79.206,0.0,229.23,-1.0,-1.0,58,None,False
15578,Unsegmented (Insufficient History),DORMANT,United Kingdom,1,127.1,162,127.1,0.0,127.1,-1.0,-1.0,13,None,True
15579,Emerging Engagement,ENGAGED,United Kingdom,5,1250.63,68,250.126,132.25,0.0,1.0,1.0,140,POSITIVE_MOMENTUM,False
15580,Low-Activity / Long-Recency,DORMANT,United Kingdom,8,1375.39,376,171.9237,0.0,0.0,0.0,0.0,150,HIGH_FREQUENCY_LOW_VALUE,False
15581,High-Value Stable,DORMANT,United Kingdom,38,7480.4,120,196.8526,0.0,3045.01,-1.0,-1.0,542,HIGH_VALUE_SOFTENING,False
15582,Low-Activity / Long-Recency,ENGAGED,United Kingdom,3,682.91,24,227.6367,141.4,237.9,-0.4056,0.0,39,None,False
15583,Unsegmented (Insufficient History),DORMANT,United Kingdom,1,95.96,376,95.96,0.0,0.0,0.0,0.0,37,None,True
15584,Emerging Engagement,ENGAGED,United Kingdom,6,1268.2,23,211.3667,570.46,150.4,2.793,2.0,174,POSITIVE_MOMENTUM,False
15585,Unsegmented (Insufficient History),DORMANT,United Kingdom,1,455.3,176,455.3,0.0,455.3,-1.0,-1.0,31,None,True
15586,Low-Activity / Long-Recency,DORMANT,United Kingdom,3,1139.1,592,379.7,0.0,0.0,0.0,0.0,30,None,False
15587,Emerging Engagement,SOFTENING,United Kingdom,7,1522.08,50,217.44,456.84,111.96,3.0804,1.0,3,POSITIVE_MOMENTUM,False
15588,Unsegmented (Insufficient History),DORMANT,United Kingdom,1,579.6,677,579.6,0.0,0.0,0.0,0.0,4,None,True
15589,Low-Activity / Long-Recency,DORMANT,United Kingdom,3,478.53,255,159.51,0.0,0.0,0.0,0.0,28,None,False
15590,Low-Activity / Long-Recency,DORMANT,United Kingdom,5,1496.6,382,299.32,0.0,0.0,0.0,0.0,75,None,False
15591,Low-Activity / Long-Recency,DORMANT,United Kingdom,3,217.9,582,72.6333,0.0,0.0,0.0,0.0,6,None,False
15592,Unsegmented (Insufficient History),EMERGING,United Kingdom,1,388.58,46,388.58,388.58,0.0,1.0,1.0,24,EMERGING_BROADENING,True
15593,Unsegmented (Insufficient History),SOFTENING,United Kingdom,1,199.8,70,199.8,199.8,0.0,1.0,1.0,5,POSITIVE_MOMENTUM,True
15594,Emerging Engagement,ENGAGED,United Kingdom,5,1771.78,15,354.356,983.56,520.31,0.8903,2.0,85,POSITIVE_MOMENTUM,False
15595,Unsegmented (Insufficient History),DORMANT,United Kingdom,1,357.6,487,357.6,0.0,0.0,0.0,0.0,4,None,True
15596,High-Value Stable,DORMANT,United Kingdom,9,2727.72,100,303.08,0.0,16.9,-1.0,-1.0,82,None,False
15597,Emerging Engagement,ENGAGED,United Kingdom,2,563.37,35,281.685,324.57,0.0,1.0,1.0,35,POSITIVE_MOMENTUM,False
15598,Emerging Engagement,ENGAGED,United Kingdom,2,548.02,53,274.01,240.68,0.0,1.0,1.0,32,POSITIVE_MOMENTUM,False
15599,Emerging Engagement,ENGAGED,United Kingdom,3,1250.06,26,416.6867,312.91,0.0,1.0,1.0,77,POSITIVE_MOMENTUM,False
15600,Low-Activity / Long-Recency,DORMANT,United Kingdom,4,1199.31,428,299.8275,0.0,0.0,0.0,0.0,55,None,False
15601,High-Value Stable,ENGAGED,United Kingdom,30,14191.74,11,473.058,1191.1,836.87,0.4233,0.5,310,POSITIVE_MOMENTUM,False
15602,High-Value Stable,ENGAGED,United Kingdom,16,3137.96,8,196.1225,754.92,0.0,1.0,1.0,62,POSITIVE_MOMENTUM,False
15603,Emerging Engagement,SOFTENING,United Kingdom,2,88.48,78,44.24,48.48,0.0,1.0,1.0,4,POSITIVE_MOMENTUM,False
15604,Unsegmented (Insufficient History),EMERGING,United Kingdom,1,216.39,52,216.39,216.39,0.0,1.0,1.0,17,EMERGING_BROADENING,True
15605,Emerging Engagement,ENGAGED,United Kingdom,9,1741.95,36,193.55,508.05,0.0,1.0,1.0,80,POSITIVE_MOMENTUM,False
15606,High-Value Stable,ENGAGED,United Kingdom,17,5230.99,61,307.7053,480.78,613.03,-0.2157,-0.5,84,None,False
15607,Low-Activity / Long-Recency,DORMANT,United Kingdom,9,1708.97,336,189.8856,0.0,0.0,0.0,0.0,95,HIGH_FREQUENCY_LOW_VALUE,False
15608,Emerging Engagement,ENGAGED,United Kingdom,5,1785.98,28,357.196,808.0,285.68,1.8283,2.0,93,POSITIVE_MOMENTUM,False
15609,Unsegmented (Insufficient History),DORMANT,United Kingdom,1,298.48,184,298.48,0.0,0.0,0.0,0.0,16,None,True
15610,Unsegmented (Insufficient History),EMERGING,United Kingdom,1,112.46,51,112.46,112.46,0.0,1.0,1.0,6,EMERGING_BROADENING,True
15611,High-Value Stable,SOFTENING,United Kingdom,26,2997.28,9,115.28,644.31,515.04,0.251,0.25,43,HIGH_FREQUENCY_LOW_VALUE,False
15612,Unsegmented (Insufficient History),EMERGING,United Kingdom,2,195.15,36,97.575,195.15,0.0,1.0,1.0,4,EMERGING_BROADENING,True
15613,Unsegmented (Insufficient History),DORMANT,United Kingdom,1,433.72,610,433.72,0.0,0.0,0.0,0.0,27,None,True
15614,Low-Activity / Long-Recency,DORMANT,United Kingdom,4,3147.36,437,786.84,0.0,0.0,0.0,0.0,73,HISTORICAL_VALUE_DORMANT,False
15615,High-Value Stable,ENGAGED,United Kingdom,47,21373.97,10,454.7653,3031.89,2145.89,0.4129,-0.4286,292,BROAD_ENGAGEMENT_SOFTENING,False
15616,Unsegmented (Insufficient History),DORMANT,United Kingdom,1,317.11,438,317.11,0.0,0.0,0.0,0.0,13,None,True
15617,Low-Activity / Long-Recency,DORMANT,United Kingdom,3,828.55,396,276.1833,0.0,0.0,0.0,0.0,41,None,False
15618,Low-Activity / Long-Recency,SOFTENING,United Kingdom,4,776.851,32,194.2127,357.81,419.041,-0.1461,-0.6667,39,None,False
15619,Unsegmented (Insufficient History),EMERGING,United Kingdom,1,336.4,10,336.4,336.4,0.0,1.0,1.0,3,EMERGING_BROADENING,True
15620,Emerging Engagement,ENGAGED,United Kingdom,4,1942.36,56,485.59,678.17,0.0,1.0,1.0,114,POSITIVE_MOMENTUM,False
15621,Unsegmented (Insufficient History),EMERGING,United Kingdom,4,1293.03,4,323.2575,1293.03,0.0,1.0,1.0,11,EMERGING_BROADENING,True
15622,High-Value Stable,SOFTENING,United Kingdom,17,7852.61,43,461.9182,1107.56,0.0,1.0,1.0,331,POSITIVE_MOMENTUM,False
15623,Low-Activity / Long-Recency,DORMANT,United Kingdom,8,2437.05,141,304.6313,0.0,301.03,-1.0,-1.0,91,BROAD_ENGAGEMENT_SOFTENING,False
15624,Low-Activity / Long-Recency,DORMANT,United Kingdom,4,588.13,116,147.0325,0.0,276.73,-1.0,-1.0,26,None,False
15625,High-Value Stable,DORMANT,United Kingdom,9,3236.4,103,359.6,0.0,838.93,-1.0,-1.0,106,HIGH_VALUE_SOFTENING,False
15626,Emerging Engagement,SOFTENING,United Kingdom,3,1067.52,74,355.84,393.92,0.0,1.0,1.0,73,POSITIVE_MOMENTUM,False
15627,Low-Activity / Long-Recency,DORMANT,United Kingdom,2,566.9,457,283.45,0.0,0.0,0.0,0.0,23,None,False
15628,High-Value Stable,ENGAGED,United Kingdom,17,5333.08,4,313.7106,1244.84,620.28,1.0069,1.0,136,POSITIVE_MOMENTUM,False
15629,Low-Activity / Long-Recency,DORMANT,United Kingdom,4,2240.9,450,560.225,0.0,0.0,0.0,0.0,39,None,False
15630,Emerging Engagement,ENGAGED,United Kingdom,3,1481.4,45,493.8,789.49,0.0,1.0,1.0,76,POSITIVE_MOMENTUM,False
15631,Unsegmented (Insufficient History),DORMANT,United Kingdom,1,596.67,642,596.67,0.0,0.0,0.0,0.0,39,None,True
15632,High-Value Stable,ENGAGED,United Kingdom,8,3285.31,15,410.6638,933.47,795.18,0.1739,0.0,107,None,False
15633,Low-Activity / Long-Recency,DORMANT,United Kingdom,13,4335.96,509,333.5354,0.0,0.0,0.0,0.0,77,HISTORICAL_VALUE_DORMANT,False
15634,Emerging Engagement,ENGAGED,United Kingdom,2,554.65,17,277.325,243.55,0.0,1.0,1.0,34,POSITIVE_MOMENTUM,False
15635,Unsegmented (Insufficient History),DORMANT,United Kingdom,1,100.35,395,100.35,0.0,0.0,0.0,0.0,2,None,True
15636,Emerging Engagement,SOFTENING,United Kingdom,4,1444.58,89,361.145,418.06,0.0,1.0,1.0,39,POSITIVE_MOMENTUM,False
15637,Emerging Engagement,ENGAGED,United Kingdom,5,797.59,52,159.518,223.36,0.0,1.0,1.0,37,POSITIVE_MOMENTUM,False
15638,Low-Activity / Long-Recency,DORMANT,United Kingdom,6,2265.2,378,377.5333,0.0,0.0,0.0,0.0,20,None,False
15639,Low-Activity / Long-Recency,DORMANT,United Kingdom,3,1065.08,134,355.0267,0.0,425.32,-1.0,-1.0,61,None,False
15640,High-Value Stable,SOFTENING,United Kingdom,29,23494.31,4,810.1486,3579.37,2129.17,0.6811,0.3333,303,POSITIVE_MOMENTUM,False
15641,High-Value Stable,DORMANT,United Kingdom,12,5345.55,105,445.4625,0.0,581.82,-1.0,-1.0,249,HIGH_VALUE_SOFTENING,False
15642,Unsegmented (Insufficient History),DORMANT,United Kingdom,1,105.78,729,105.78,0.0,0.0,0.0,0.0,6,None,True
15643,Low-Activity / Long-Recency,DORMANT,United Kingdom,3,664.0,191,221.3333,0.0,0.0,0.0,0.0,31,None,False
15644,Low-Activity / Long-Recency,DORMANT,United Kingdom,4,803.54,166,200.885,0.0,380.35,-1.0,-1.0,166,BROAD_ENGAGEMENT_SOFTENING,False
15645,Emerging Engagement,ENGAGED,United Kingdom,3,1055.17,18,351.7233,612.01,0.0,1.0,1.0,59,POSITIVE_MOMENTUM,False
15646,Low-Activity / Long-Recency,DORMANT,United Kingdom,5,784.81,157,156.962,0.0,107.6,-1.0,-1.0,65,None,False
15647,Unsegmented (Insufficient History),DORMANT,United Kingdom,1,169.0,415,169.0,0.0,0.0,0.0,0.0,11,None,True
15648,Low-Activity / Long-Recency,DORMANT,United Kingdom,2,639.5,204,319.75,0.0,0.0,0.0,0.0,23,None,False
15649,Low-Activity / Long-Recency,DORMANT,United Kingdom,4,1660.35,336,415.0875,0.0,0.0,0.0,0.0,8,None,False
15650,Low-Activity / Long-Recency,DORMANT,United Kingdom,2,553.88,521,276.94,0.0,0.0,0.0,0.0,33,None,False
15651,Emerging Engagement,ENGAGED,United Kingdom,5,1259.06,36,251.812,418.98,0.0,1.0,1.0,52,POSITIVE_MOMENTUM,False
15652,Low-Activity / Long-Recency,SOFTENING,United Kingdom,5,1405.94,91,281.188,0.0,337.74,-1.0,-1.0,93,BROAD_ENGAGEMENT_SOFTENING,False
15653,Low-Activity / Long-Recency,SOFTENING,United Kingdom,2,877.44,92,438.72,0.0,877.44,-1.0,-1.0,4,None,False
15654,Unsegmented (Insufficient History),EMERGING,United Kingdom,2,922.53,9,461.265,922.53,0.0,1.0,1.0,15,EMERGING_BROADENING,True
15655,Unsegmented (Insufficient History),DORMANT,United Kingdom,1,560.67,243,560.67,0.0,0.0,0.0,0.0,34,None,True
15656,Low-Activity / Long-Recency,ENGAGED,United Kingdom,4,748.5,45,187.125,184.87,256.77,-0.28,0.0,46,None,False
15657,Unsegmented (Insufficient History),EMERGING,United Kingdom,1,30.0,22,30.0,30.0,0.0,1.0,1.0,1,EMERGING_BROADENING,True
15658,High-Value Stable,DORMANT,United Kingdom,8,2117.27,190,264.6587,0.0,0.0,0.0,0.0,79,None,False
15659,Emerging Engagement,ENGAGED,United Kingdom,3,532.49,43,177.4967,306.45,0.0,1.0,1.0,14,POSITIVE_MOMENTUM,False
15660,Emerging Engagement,SOFTENING,United Kingdom,15,2603.69,25,173.5793,716.52,145.32,3.9306,0.5,73,POSITIVE_MOMENTUM,False
15661,Low-Activity / Long-Recency,DORMANT,United Kingdom,8,1215.95,317,151.9937,0.0,0.0,0.0,0.0,27,HIGH_FREQUENCY_LOW_VALUE,False
15662,Low-Activity / Long-Recency,DORMANT,United Kingdom,2,283.73,661,141.865,0.0,0.0,0.0,0.0,12,None,False
15663,Unsegmented (Insufficient History),DORMANT,United Kingdom,1,138.14,106,138.14,0.0,138.14,-1.0,-1.0,9,None,True
15664,Emerging Engagement,ENGAGED,United Kingdom,4,1254.03,50,313.5075,386.43,0.0,1.0,1.0,54,POSITIVE_MOMENTUM,False
15665,Low-Activity / Long-Recency,DORMANT,United Kingdom,5,3987.07,168,797.414,0.0,765.79,-1.0,-1.0,163,HIGH_VALUE_SOFTENING,False
15666,Low-Activity / Long-Recency,DORMANT,United Kingdom,2,632.94,472,316.47,0.0,0.0,0.0,0.0,62,None,False
15667,Unsegmented (Insufficient History),EMERGING,United Kingdom,1,301.32,39,301.32,301.32,0.0,1.0,1.0,13,EMERGING_BROADENING,True
15668,Unsegmented (Insufficient History),DORMANT,United Kingdom,1,76.32,217,76.32,0.0,0.0,0.0,0.0,1,None,True
15669,Low-Activity / Long-Recency,ENGAGED,United Kingdom,4,684.34,40,171.085,118.8,366.74,-0.6761,-0.5,31,None,False
15670,Low-Activity / Long-Recency,DORMANT,United Kingdom,2,325.2,296,162.6,0.0,0.0,0.0,0.0,19,None,False
15671,High-Value Stable,ENGAGED,United Kingdom,7,2657.13,18,379.59,684.24,939.76,-0.2719,0.0,52,None,False
15672,Unsegmented (Insufficient History),DORMANT,United Kingdom,1,45.3,725,45.3,0.0,0.0,0.0,0.0,3,None,True
15673,High-Value Stable,SOFTENING,United Kingdom,9,6204.32,88,689.3689,711.53,318.66,1.2329,0.0,177,None,False
15674,High-Value Stable,SOFTENING,United Kingdom,13,6948.23,73,534.4792,1066.94,0.0,1.0,1.0,262,POSITIVE_MOMENTUM,False
15675,Low-Activity / Long-Recency,SOFTENING,United Kingdom,4,542.04,81,135.51,98.3,180.39,-0.4551,0.0,32,None,False
15676,Emerging Engagement,ENGAGED,United Kingdom,3,3435.76,18,1145.2533,2537.96,0.0,1.0,1.0,191,POSITIVE_MOMENTUM,False
15677,Emerging Engagement,ENGAGED,United Kingdom,3,1305.63,49,435.21,657.23,0.0,1.0,1.0,63,POSITIVE_MOMENTUM,False
15678,Emerging Engagement,ENGAGED,United Kingdom,3,1825.94,52,608.6467,352.7,0.0,1.0,1.0,77,POSITIVE_MOMENTUM,False
15679,Emerging Engagement,ENGAGED,United Kingdom,4,781.28,24,195.32,521.02,82.04,5.3508,1.0,98,POSITIVE_MOMENTUM,False
15680,High-Value Stable,ENGAGED,United Kingdom,10,4028.69,9,402.869,854.79,0.0,1.0,1.0,155,POSITIVE_MOMENTUM,False
15681,High-Value Stable,ENGAGED,United Kingdom,14,2989.7,25,213.55,722.94,0.0,1.0,1.0,48,POSITIVE_MOMENTUM,False
15682,Low-Activity / Long-Recency,DORMANT,United Kingdom,2,318.24,599,159.12,0.0,0.0,0.0,0.0,25,None,False
15683,Low-Activity / Long-Recency,DORMANT,United Kingdom,2,524.54,117,262.27,0.0,193.75,-1.0,-1.0,25,None,False
15684,Low-Activity / Long-Recency,DORMANT,United Kingdom,3,173.95,547,57.9833,0.0,0.0,0.0,0.0,9,None,False
15685,Unsegmented (Insufficient History),DORMANT,United Kingdom,1,55.98,450,55.98,0.0,0.0,0.0,0.0,17,None,True
15686,Unsegmented (Insufficient History),DORMANT,United Kingdom,1,90.0,420,90.0,0.0,0.0,0.0,0.0,1,None,True
15687,High-Value Stable,ENGAGED,United Kingdom,9,2993.1,8,332.5667,1313.65,0.0,1.0,1.0,119,POSITIVE_MOMENTUM,False
15688,Unsegmented (Insufficient History),DORMANT,United Kingdom,1,190.57,418,190.57,0.0,0.0,0.0,0.0,26,None,True
15689,Low-Activity / Long-Recency,DORMANT,United Kingdom,3,521.03,119,173.6767,0.0,150.6,-1.0,-1.0,20,None,False
15690,Low-Activity / Long-Recency,ENGAGED,United Kingdom,2,239.76,4,119.88,128.76,111.0,0.16,0.0,19,None,False
15691,Low-Activity / Long-Recency,DORMANT,United Kingdom,4,571.3,252,142.825,0.0,0.0,0.0,0.0,12,None,False
15692,Unsegmented (Insufficient History),EMERGING,United Kingdom,1,191.04,28,191.04,191.04,0.0,1.0,1.0,12,EMERGING_BROADENING,True
15693,Unsegmented (Insufficient History),DORMANT,United Kingdom,1,37.5,659,37.5,0.0,0.0,0.0,0.0,1,None,True
15694,Emerging Engagement,ENGAGED,United Kingdom,24,9978.48,0,415.77,3173.62,304.08,9.4368,4.0,55,POSITIVE_MOMENTUM,False
15695,Low-Activity / Long-Recency,DORMANT,United Kingdom,4,1131.04,266,282.76,0.0,0.0,0.0,0.0,55,None,False
15696,High-Value Stable,ENGAGED,United Kingdom,13,3881.22,33,298.5554,1081.16,0.0,1.0,1.0,163,POSITIVE_MOMENTUM,False
15697,Unsegmented (Insufficient History),DORMANT,United Kingdom,1,246.75,689,246.75,0.0,0.0,0.0,0.0,14,None,True
15698,Unsegmented (Insufficient History),DORMANT,United Kingdom,1,46.2,624,46.2,0.0,0.0,0.0,0.0,2,None,True
15699,Unsegmented (Insufficient History),EMERGING,United Kingdom,1,309.65,17,309.65,309.65,0.0,1.0,1.0,18,EMERGING_BROADENING,True
15700,Low-Activity / Long-Recency,DORMANT,United Kingdom,2,696.68,172,348.34,0.0,696.68,-1.0,-1.0,85,BROAD_ENGAGEMENT_SOFTENING,False
15701,Emerging Engagement,ENGAGED,United Kingdom,4,1529.0,2,382.25,675.1,853.9,-0.2094,2.0,193,None,False
15702,Low-Activity / Long-Recency,DORMANT,Nigeria,2,140.39,476,70.195,0.0,0.0,0.0,0.0,30,None,False
15703,Unsegmented (Insufficient History),DORMANT,United Kingdom,1,211.5,264,211.5,0.0,0.0,0.0,0.0,5,None,True
15704,Low-Activity / Long-Recency,DORMANT,United Kingdom,6,3734.66,140,622.4433,0.0,786.3,-1.0,-1.0,129,HIGH_VALUE_SOFTENING,False
15705,Unsegmented (Insufficient History),DORMANT,United Kingdom,1,143.1,201,143.1,0.0,0.0,0.0,0.0,6,None,True
15706,Emerging Engagement,ENGAGED,United Kingdom,4,1060.56,63,265.14,610.51,450.05,0.3565,2.0,50,POSITIVE_MOMENTUM,False
15707,Unsegmented (Insufficient History),ENGAGED,United Kingdom,4,916.98,35,229.245,916.98,0.0,1.0,1.0,126,POSITIVE_MOMENTUM,True
15708,High-Value Stable,ENGAGED,United Kingdom,9,3887.15,40,431.9056,645.91,632.13,0.0218,0.0,135,None,False
15709,Low-Activity / Long-Recency,DORMANT,United Kingdom,2,327.85,283,163.925,0.0,0.0,0.0,0.0,26,None,False
15710,Unsegmented (Insufficient History),DORMANT,United Kingdom,1,898.87,417,898.87,0.0,0.0,0.0,0.0,110,None,True
15711,Low-Activity / Long-Recency,DORMANT,United Kingdom,2,420.25,556,210.125,0.0,0.0,0.0,0.0,25,None,False
15712,High-Value Stable,SOFTENING,United Kingdom,12,3472.41,9,289.3675,306.05,307.66,-0.0052,1.0,86,None,False
15713,Low-Activity / Long-Recency,DORMANT,United Kingdom,4,839.64,143,209.91,0.0,185.55,-1.0,-1.0,48,None,False
15714,Emerging Engagement,ENGAGED,United Kingdom,5,783.96,11,156.792,330.03,0.0,1.0,1.0,45,POSITIVE_MOMENTUM,False
15715,Low-Activity / Long-Recency,DORMANT,United Kingdom,5,658.02,555,131.604,0.0,0.0,0.0,0.0,33,None,False
15716,High-Value Stable,DORMANT,United Kingdom,11,2485.26,145,225.9327,0.0,216.37,-1.0,-1.0,188,BROAD_ENGAGEMENT_SOFTENING,False
15717,Low-Activity / Long-Recency,DORMANT,United Kingdom,5,607.0,234,121.4,0.0,0.0,0.0,0.0,17,None,False
15718,Unsegmented (Insufficient History),DORMANT,United Kingdom,1,293.79,540,293.79,0.0,0.0,0.0,0.0,18,None,True
15719,High-Value Stable,SOFTENING,United Kingdom,31,10195.97,32,328.9023,968.1,1633.1,-0.4072,-0.5,449,BROAD_ENGAGEMENT_SOFTENING,False
15720,Emerging Engagement,ENGAGED,United Kingdom,2,739.22,24,369.61,598.73,0.0,1.0,1.0,152,POSITIVE_MOMENTUM,False
15721,Unsegmented (Insufficient History),EMERGING,United Kingdom,1,471.4,11,471.4,471.4,0.0,1.0,1.0,80,EMERGING_BROADENING,True
15722,High-Value Stable,ENGAGED,United Kingdom,11,5234.0,35,475.8182,797.76,654.15,0.2195,1.0,91,None,False
15723,Low-Activity / Long-Recency,DORMANT,United Kingdom,4,930.7,364,232.675,0.0,0.0,0.0,0.0,108,None,False
15724,Low-Activity / Long-Recency,DORMANT,United Kingdom,3,310.85,201,103.6167,0.0,0.0,0.0,0.0,17,None,False
15725,Unsegmented (Insufficient History),EMERGING,United Kingdom,1,415.25,15,415.25,415.25,0.0,1.0,1.0,32,EMERGING_BROADENING,True
15726,Unsegmented (Insufficient History),DORMANT,United Kingdom,1,321.91,390,321.91,0.0,0.0,0.0,0.0,23,None,True
15727,High-Value Stable,SOFTENING,United Kingdom,15,9371.71,16,624.7807,569.67,1358.42,-0.5806,-0.5,426,HIGH_VALUE_SOFTENING,False
15728,Low-Activity / Long-Recency,DORMANT,United Kingdom,2,544.6,379,272.3,0.0,0.0,0.0,0.0,10,None,False
15729,Low-Activity / Long-Recency,DORMANT,United Kingdom,3,192.55,212,64.1833,0.0,0.0,0.0,0.0,10,None,False
15730,High-Value Stable,ENGAGED,United Kingdom,5,1726.58,65,345.316,343.66,309.79,0.1093,0.0,102,None,False
15731,Unsegmented (Insufficient History),DORMANT,United Kingdom,1,125.3,553,125.3,0.0,0.0,0.0,0.0,8,None,True
15732,Low-Activity / Long-Recency,DORMANT,United Kingdom,10,1543.97,212,154.397,0.0,0.0,0.0,0.0,53,HIGH_FREQUENCY_LOW_VALUE,False
15733,Unsegmented (Insufficient History),DORMANT,United Kingdom,1,162.3,282,162.3,0.0,0.0,0.0,0.0,10,None,True
15734,Low-Activity / Long-Recency,DORMANT,United Kingdom,4,2263.3,114,565.825,0.0,760.8,-1.0,-1.0,36,None,False
15735,Unsegmented (Insufficient History),DORMANT,United Kingdom,1,327.68,421,327.68,0.0,0.0,0.0,0.0,19,None,True
15736,Low-Activity / Long-Recency,DORMANT,United Kingdom,2,1767.12,435,883.56,0.0,0.0,0.0,0.0,95,None,False
15737,Emerging Engagement,ENGAGED,United Kingdom,8,1188.12,14,148.515,307.19,168.2,0.8263,2.0,60,POSITIVE_MOMENTUM,False
15738,High-Value Stable,ENGAGED,United Kingdom,41,13043.32,18,318.1298,958.97,924.39,0.0374,0.0,70,None,False
15739,Unsegmented (Insufficient History),EMERGING,United Kingdom,1,449.12,66,449.12,449.12,0.0,1.0,1.0,8,EMERGING_BROADENING,True
15740,Unsegmented (Insufficient History),EMERGING,United Kingdom,1,154.88,49,154.88,154.88,0.0,1.0,1.0,9,EMERGING_BROADENING,True
15741,Low-Activity / Long-Recency,DORMANT,United Kingdom,2,208.62,458,104.31,0.0,0.0,0.0,0.0,11,None,False
15742,Unsegmented (Insufficient History),DORMANT,United Kingdom,1,156.87,619,156.87,0.0,0.0,0.0,0.0,41,None,True
15743,Emerging Engagement,ENGAGED,United Kingdom,4,775.96,16,193.99,341.91,111.5,2.0665,1.0,59,POSITIVE_MOMENTUM,False
15744,Unsegmented (Insufficient History),SOFTENING,United Kingdom,1,34.8,77,34.8,34.8,0.0,1.0,1.0,3,POSITIVE_MOMENTUM,True
15745,Emerging Engagement,ENGAGED,United Kingdom,4,1094.59,19,273.6475,791.74,0.0,1.0,1.0,57,POSITIVE_MOMENTUM,False
15746,Unsegmented (Insufficient History),DORMANT,United Kingdom,1,196.88,134,196.88,0.0,196.88,-1.0,-1.0,28,None,True
15747,High-Value Stable,ENGAGED,United Kingdom,9,2499.81,12,277.7567,421.27,525.37,-0.1981,-0.5,116,BROAD_ENGAGEMENT_SOFTENING,False
15748,Emerging Engagement,ENGAGED,United Kingdom,3,609.81,40,203.27,144.36,0.0,1.0,1.0,34,POSITIVE_MOMENTUM,False
15749,Low-Activity / Long-Recency,DORMANT,United Kingdom,3,44534.3,235,14844.7667,0.0,0.0,0.0,0.0,5,HISTORICAL_VALUE_DORMANT,False
15750,High-Value Stable,ENGAGED,United Kingdom,18,6452.991,2,358.4995,1354.87,497.26,1.7247,3.0,389,POSITIVE_MOMENTUM,False
15751,Low-Activity / Long-Recency,DORMANT,United Kingdom,11,1380.44,460,125.4945,0.0,0.0,0.0,0.0,90,HIGH_FREQUENCY_LOW_VALUE,False
15752,High-Value Stable,SOFTENING,United Kingdom,9,3924.91,39,436.1011,533.23,1050.69,-0.4925,-0.6667,359,HIGH_VALUE_SOFTENING,False
15753,Unsegmented (Insufficient History),DORMANT,United Kingdom,1,79.2,304,79.2,0.0,0.0,0.0,0.0,1,None,True
15754,High-Value Stable,ENGAGED,United Kingdom,9,3037.61,51,337.5122,366.77,0.0,1.0,1.0,114,POSITIVE_MOMENTUM,False
15755,High-Value Stable,SOFTENING,United Kingdom,17,5993.12,10,352.5365,1219.42,524.1,1.3267,2.0,281,POSITIVE_MOMENTUM,False
15756,Low-Activity / Long-Recency,ENGAGED,United Kingdom,4,528.01,61,132.0025,168.12,115.72,0.4528,0.0,160,None,False
15757,Emerging Engagement,ENGAGED,United Kingdom,6,2940.36,65,490.06,453.06,0.0,1.0,1.0,162,POSITIVE_MOMENTUM,False
15758,Unsegmented (Insufficient History),EMERGING,United Kingdom,1,205.25,24,205.25,205.25,0.0,1.0,1.0,9,EMERGING_BROADENING,True
15759,Low-Activity / Long-Recency,DORMANT,United Kingdom,7,830.93,218,118.7043,0.0,0.0,0.0,0.0,10,None,False
15760,Low-Activity / Long-Recency,DORMANT,Norway,2,13916.34,630,6958.17,0.0,0.0,0.0,0.0,1,HISTORICAL_VALUE_DORMANT,False
15761,Unsegmented (Insufficient History),DORMANT,United Kingdom,1,143.05,442,143.05,0.0,0.0,0.0,0.0,5,None,True
15762,Unsegmented (Insufficient History),ENGAGED,United Kingdom,2,583.75,65,291.875,583.75,0.0,1.0,1.0,37,POSITIVE_MOMENTUM,True
15763,Unsegmented (Insufficient History),ENGAGED,United Kingdom,2,1086.92,31,543.46,1086.92,0.0,1.0,1.0,58,POSITIVE_MOMENTUM,True
15764,High-Value Stable,SOFTENING,United Kingdom,8,4503.08,88,562.885,3.35,1582.1,-0.9979,-0.5,187,HIGH_VALUE_SOFTENING,False
15765,Unsegmented (Insufficient History),DORMANT,United Kingdom,1,370.63,666,370.63,0.0,0.0,0.0,0.0,25,None,True
15766,Emerging Engagement,ENGAGED,United Kingdom,3,831.06,64,277.02,315.06,0.0,1.0,1.0,21,POSITIVE_MOMENTUM,False
15768,High-Value Stable,DORMANT,United Kingdom,34,15308.89,115,450.2615,0.0,142.68,-1.0,-1.0,437,HIGH_VALUE_SOFTENING,False
15769,High-Value Stable,ENGAGED,United Kingdom,46,88612.52,7,1926.3591,14389.0,13974.0,0.0297,0.1667,26,None,False
15770,Unsegmented (Insufficient History),DORMANT,United Kingdom,1,321.45,612,321.45,0.0,0.0,0.0,0.0,18,None,True
15771,Low-Activity / Long-Recency,DORMANT,United Kingdom,3,1006.54,604,335.5133,0.0,0.0,0.0,0.0,26,None,False
15772,Unsegmented (Insufficient History),DORMANT,United Kingdom,1,280.88,418,280.88,0.0,0.0,0.0,0.0,16,None,True
15773,Emerging Engagement,REACTIVATED,United Kingdom,2,774.52,5,387.26,635.68,0.0,1.0,1.0,46,POSITIVE_MOMENTUM,False
15774,Emerging Engagement,ENGAGED,United Kingdom,6,1288.34,68,214.7233,270.8,0.0,1.0,1.0,88,POSITIVE_MOMENTUM,False
15775,Low-Activity / Long-Recency,DORMANT,United Kingdom,2,150.5,245,75.25,0.0,0.0,0.0,0.0,9,None,False
15776,Unsegmented (Insufficient History),DORMANT,United Kingdom,1,241.62,133,241.62,0.0,241.62,-1.0,-1.0,18,None,True
15777,Low-Activity / Long-Recency,DORMANT,United Kingdom,7,1762.61,241,251.8014,0.0,0.0,0.0,0.0,29,None,False
15778,Unsegmented (Insufficient History),DORMANT,United Kingdom,1,307.95,431,307.95,0.0,0.0,0.0,0.0,17,None,True
15779,Low-Activity / Long-Recency,DORMANT,United Kingdom,2,124.08,463,62.04,0.0,0.0,0.0,0.0,8,None,False
15780,Low-Activity / Long-Recency,DORMANT,United Kingdom,3,475.28,183,158.4267,0.0,0.0,0.0,0.0,26,None,False
15781,Low-Activity / Long-Recency,ENGAGED,United Kingdom,3,345.46,25,115.1533,134.16,127.95,0.0485,0.0,20,None,False
15782,Emerging Engagement,ENGAGED,United Kingdom,4,4014.1,9,1003.525,2614.74,0.0,1.0,1.0,51,POSITIVE_MOMENTUM,False
15783,Unsegmented (Insufficient History),EMERGING,United Kingdom,1,246.3,10,246.3,246.3,0.0,1.0,1.0,14,EMERGING_BROADENING,True
15784,Low-Activity / Long-Recency,DORMANT,United Kingdom,2,848.33,467,424.165,0.0,0.0,0.0,0.0,33,None,False
15785,High-Value Stable,SOFTENING,United Kingdom,16,5969.93,32,373.1206,663.14,335.43,0.977,-0.5,102,BROAD_ENGAGEMENT_SOFTENING,False
15786,High-Value Stable,ENGAGED,United Kingdom,5,8501.62,46,1700.324,1771.36,3147.64,-0.4372,1.0,358,HIGH_VALUE_SOFTENING,False
15787,Unsegmented (Insufficient History),EMERGING,United Kingdom,3,933.26,26,311.0867,933.26,0.0,1.0,1.0,156,EMERGING_BROADENING,True
15788,Unsegmented (Insufficient History),DORMANT,United Kingdom,1,221.83,508,221.83,0.0,0.0,0.0,0.0,14,None,True
15789,Low-Activity / Long-Recency,DORMANT,United Kingdom,6,1962.01,358,327.0017,0.0,0.0,0.0,0.0,110,None,False
15790,Unsegmented (Insufficient History),EMERGING,United Kingdom,1,218.75,10,218.75,218.75,0.0,1.0,1.0,34,EMERGING_BROADENING,True
15791,Emerging Engagement,ENGAGED,United Kingdom,5,3608.34,43,721.668,389.45,0.0,1.0,1.0,121,POSITIVE_MOMENTUM,False
15792,Low-Activity / Long-Recency,DORMANT,United Kingdom,2,933.84,399,466.92,0.0,0.0,0.0,0.0,57,None,False
15793,Emerging Engagement,ENGAGED,United Kingdom,8,2399.57,14,299.9463,658.97,0.0,1.0,1.0,12,POSITIVE_MOMENTUM,False
15794,Low-Activity / Long-Recency,DORMANT,United Kingdom,2,777.0,736,388.5,0.0,0.0,0.0,0.0,15,None,False
15795,Low-Activity / Long-Recency,DORMANT,United Kingdom,8,1979.87,149,247.4837,0.0,610.01,-1.0,-1.0,111,BROAD_ENGAGEMENT_SOFTENING,False
15796,High-Value Stable,ENGAGED,United Kingdom,17,5171.63,1,304.2135,1135.84,325.8,2.4863,2.0,138,POSITIVE_MOMENTUM,False
15797,Low-Activity / Long-Recency,DORMANT,United Kingdom,6,2821.08,113,470.18,0.0,367.2,-1.0,-1.0,12,None,False
15798,Low-Activity / Long-Recency,DORMANT,United Kingdom,3,1535.37,492,511.79,0.0,0.0,0.0,0.0,73,None,False
15799,Emerging Engagement,SOFTENING,United Kingdom,4,1421.34,75,355.335,402.9,0.0,1.0,1.0,143,POSITIVE_MOMENTUM,False
15800,Low-Activity / Long-Recency,DORMANT,United Kingdom,7,1227.07,107,175.2957,0.0,452.39,-1.0,-1.0,198,BROAD_ENGAGEMENT_SOFTENING,False
15801,Emerging Engagement,ENGAGED,United Kingdom,3,1063.95,46,354.65,926.73,137.22,5.7536,1.0,61,POSITIVE_MOMENTUM,False
15802,Unsegmented (Insufficient History),DORMANT,United Kingdom,1,451.42,142,451.42,0.0,451.42,-1.0,-1.0,1,None,True
15803,Emerging Engagement,ENGAGED,United Kingdom,4,1929.66,51,482.415,415.82,0.0,1.0,1.0,48,POSITIVE_MOMENTUM,False
15804,High-Value Stable,ENGAGED,United Kingdom,13,4206.39,0,323.5685,1651.55,2029.48,-0.1862,1.0,170,None,False
15805,High-Value Stable,ENGAGED,United Kingdom,30,10148.93,23,338.2977,1939.68,844.08,1.298,0.5,337,POSITIVE_MOMENTUM,False
15806,Low-Activity / Long-Recency,ENGAGED,United Kingdom,3,784.58,46,261.5267,262.7,221.52,0.1859,0.0,24,None,False
15807,Emerging Engagement,ENGAGED,United Kingdom,5,1817.52,50,363.504,903.9,0.0,1.0,1.0,85,POSITIVE_MOMENTUM,False
15808,High-Value Stable,DORMANT,United Kingdom,21,17180.25,306,818.1071,0.0,0.0,0.0,0.0,348,HISTORICAL_VALUE_DORMANT,False
15809,Emerging Engagement,ENGAGED,United Kingdom,7,1274.44,36,182.0629,116.56,0.0,1.0,1.0,51,POSITIVE_MOMENTUM,False
15810,High-Value Stable,SOFTENING,United Kingdom,8,2999.04,78,374.88,30.79,507.07,-0.9393,0.0,89,HIGH_VALUE_SOFTENING,False
15811,High-Value Stable,ENGAGED,United Kingdom,7,3486.15,22,498.0214,444.82,478.96,-0.0713,0.0,205,None,False
15812,High-Value Stable,DORMANT,United Kingdom,12,5201.47,107,433.4558,0.0,746.92,-1.0,-1.0,87,HIGH_VALUE_SOFTENING,False
15813,Low-Activity / Long-Recency,DORMANT,United Kingdom,2,1303.91,207,651.955,0.0,0.0,0.0,0.0,40,None,False
15814,Emerging Engagement,ENGAGED,United Kingdom,6,2634.44,16,439.0733,1945.33,0.0,1.0,1.0,83,POSITIVE_MOMENTUM,False
15815,Low-Activity / Long-Recency,ENGAGED,United Kingdom,5,2100.6,63,420.12,225.9,480.62,-0.53,0.0,33,None,False
15816,Low-Activity / Long-Recency,DORMANT,United Kingdom,2,144.15,542,72.075,0.0,0.0,0.0,0.0,11,None,False
15817,Low-Activity / Long-Recency,DORMANT,United Kingdom,3,2766.4,420,922.1333,0.0,0.0,0.0,0.0,133,None,False
15818,Unsegmented (Insufficient History),DORMANT,United Kingdom,1,340.5,588,340.5,0.0,0.0,0.0,0.0,11,None,True
15819,High-Value Stable,ENGAGED,United Kingdom,10,3934.79,49,393.479,319.98,408.33,-0.2164,0.0,182,None,False
15820,Unsegmented (Insufficient History),DORMANT,United Kingdom,1,206.98,319,206.98,0.0,0.0,0.0,0.0,17,None,True
15821,Unsegmented (Insufficient History),EMERGING,United Kingdom,2,570.96,44,285.48,570.96,0.0,1.0,1.0,57,EMERGING_BROADENING,True
15822,Emerging Engagement,REACTIVATED,United Kingdom,6,1840.06,3,306.6767,445.27,0.0,1.0,1.0,46,POSITIVE_MOMENTUM,False
15823,Low-Activity / Long-Recency,DORMANT,United Kingdom,3,3882.17,372,1294.0567,0.0,0.0,0.0,0.0,155,HISTORICAL_VALUE_DORMANT,False
15824,Low-Activity / Long-Recency,DORMANT,United Kingdom,2,890.94,453,445.47,0.0,0.0,0.0,0.0,24,None,False
15825,Unsegmented (Insufficient History),DORMANT,United Kingdom,1,532.94,172,532.94,0.0,532.94,-1.0,-1.0,20,None,True
15826,Emerging Engagement,ENGAGED,United Kingdom,4,2598.28,56,649.57,934.31,0.0,1.0,1.0,100,POSITIVE_MOMENTUM,False
15827,High-Value Stable,SOFTENING,United Kingdom,28,3603.14,73,128.6836,237.93,482.49,-0.5069,-0.6667,124,HIGH_VALUE_SOFTENING,False
15828,Unsegmented (Insufficient History),DORMANT,United Kingdom,1,1108.82,375,1108.82,0.0,0.0,0.0,0.0,74,None,True
15829,Low-Activity / Long-Recency,SOFTENING,United Kingdom,2,636.14,99,318.07,0.0,636.14,-1.0,-1.0,44,None,False
15830,Unsegmented (Insufficient History),EMERGING,United Kingdom,1,576.0,37,576.0,576.0,0.0,1.0,1.0,39,EMERGING_BROADENING,True
15831,Emerging Engagement,ENGAGED,United Kingdom,3,794.64,58,264.88,343.53,141.17,1.4334,0.0,63,None,False
15832,Unsegmented (Insufficient History),DORMANT,United Kingdom,1,836.79,254,836.79,0.0,0.0,0.0,0.0,54,None,True
15833,Unsegmented (Insufficient History),DORMANT,United Kingdom,1,80.4,737,80.4,0.0,0.0,0.0,0.0,5,None,True
15834,High-Value Stable,SOFTENING,United Kingdom,7,3764.39,70,537.77,441.93,510.45,-0.1342,0.0,333,None,False
15835,Low-Activity / Long-Recency,ENGAGED,United Kingdom,4,954.09,44,238.5225,278.58,187.2,0.4881,0.0,47,None,False
15836,Unsegmented (Insufficient History),EMERGING,United Kingdom,1,137.37,50,137.37,137.37,0.0,1.0,1.0,10,EMERGING_BROADENING,True
15837,Emerging Engagement,ENGAGED,United Kingdom,2,777.01,64,388.505,391.98,0.0,1.0,1.0,52,POSITIVE_MOMENTUM,False
15838,High-Value Stable,ENGAGED,United Kingdom,34,73205.5,11,2153.1029,19489.58,5944.62,2.2785,0.4,61,POSITIVE_MOMENTUM,False
15839,Emerging Engagement,SOFTENING,United Kingdom,3,1048.49,33,349.4967,749.31,299.18,1.5045,1.0,56,POSITIVE_MOMENTUM,False
15840,Low-Activity / Long-Recency,ENGAGED,United Kingdom,2,355.56,58,177.78,113.82,241.74,-0.5292,0.0,26,None,False
15841,Emerging Engagement,SOFTENING,United Kingdom,9,2742.41,72,304.7122,610.8,0.0,1.0,1.0,60,POSITIVE_MOMENTUM,False
15842,Low-Activity / Long-Recency,DORMANT,United Kingdom,2,548.8,393,274.4,0.0,0.0,0.0,0.0,24,None,False
15843,Unsegmented (Insufficient History),DORMANT,United Kingdom,1,118.95,303,118.95,0.0,0.0,0.0,0.0,8,None,True
15844,Unsegmented (Insufficient History),EMERGING,United Kingdom,1,130.74,46,130.74,130.74,0.0,1.0,1.0,11,EMERGING_BROADENING,True
15845,High-Value Stable,ENGAGED,United Kingdom,11,4426.28,17,402.3891,1185.01,989.6,0.1975,0.5,129,None,False
15846,Unsegmented (Insufficient History),DORMANT,United Kingdom,1,107.01,385,107.01,0.0,0.0,0.0,0.0,27,None,True
15847,Emerging Engagement,ENGAGED,United Kingdom,5,822.57,38,164.514,208.59,0.0,1.0,1.0,39,POSITIVE_MOMENTUM,False
15848,Unsegmented (Insufficient History),DORMANT,United Kingdom,1,137.99,621,137.99,0.0,0.0,0.0,0.0,34,None,True
15850,High-Value Stable,ENGAGED,United Kingdom,6,1006.75,19,167.7917,118.72,116.16,0.022,0.0,269,None,False
15851,Unsegmented (Insufficient History),DORMANT,United Kingdom,1,109.73,526,109.73,0.0,0.0,0.0,0.0,8,None,True
15852,Low-Activity / Long-Recency,DORMANT,United Kingdom,3,257.26,186,85.7533,0.0,0.0,0.0,0.0,31,None,False
15853,Unsegmented (Insufficient History),EMERGING,United Kingdom,1,110.8,51,110.8,110.8,0.0,1.0,1.0,29,EMERGING_BROADENING,True
15854,High-Value Stable,ENGAGED,United Kingdom,21,5578.28,4,265.6324,575.43,809.3,-0.289,0.0,168,HIGH_VALUE_SOFTENING,False
15855,Low-Activity / Long-Recency,DORMANT,United Kingdom,6,1052.72,136,175.4533,0.0,237.55,-1.0,-1.0,72,None,False
15856,High-Value Stable,ENGAGED,United Kingdom,52,32275.95,4,620.6913,4895.71,3697.29,0.3241,0.25,384,POSITIVE_MOMENTUM,False
15857,Emerging Engagement,ENGAGED,United Kingdom,2,570.48,18,285.24,297.0,0.0,1.0,1.0,21,POSITIVE_MOMENTUM,False
15858,High-Value Stable,ENGAGED,United Kingdom,13,3552.41,15,273.2623,611.35,0.0,1.0,1.0,273,POSITIVE_MOMENTUM,False
15859,Unsegmented (Insufficient History),DORMANT,United Kingdom,1,438.46,432,438.46,0.0,0.0,0.0,0.0,22,None,True
15860,High-Value Stable,SOFTENING,United Kingdom,17,2361.3,40,138.9,198.02,346.88,-0.4291,-0.3333,249,HIGH_FREQUENCY_LOW_VALUE,False
15861,Emerging Engagement,ENGAGED,United Kingdom,12,4369.2,12,364.1,2023.16,407.52,3.9646,4.0,452,POSITIVE_MOMENTUM,False
15862,High-Value Stable,ENGAGED,United Kingdom,13,2512.29,8,193.2531,173.15,168.72,0.0263,0.0,417,HIGH_FREQUENCY_LOW_VALUE,False
15863,Emerging Engagement,ENGAGED,United Kingdom,5,355.1,25,71.02,59.64,0.0,1.0,1.0,74,POSITIVE_MOMENTUM,False
15864,Emerging Engagement,ENGAGED,United Kingdom,7,2180.76,22,311.5371,978.46,715.44,0.3676,0.5,18,POSITIVE_MOMENTUM,False
15865,Emerging Engagement,ENGAGED,United Kingdom,5,2241.42,40,448.284,581.2,0.0,1.0,1.0,119,POSITIVE_MOMENTUM,False
15866,Unsegmented (Insufficient History),DORMANT,United Kingdom,1,211.89,101,211.89,0.0,211.89,-1.0,-1.0,43,None,True
15867,High-Value Stable,SOFTENING,United Kingdom,31,8923.3,5,287.8484,862.73,892.14,-0.033,0.5,547,None,False
15868,Unsegmented (Insufficient History),DORMANT,United Kingdom,1,94.53,583,94.53,0.0,0.0,0.0,0.0,4,None,True
15869,Low-Activity / Long-Recency,DORMANT,United Kingdom,3,321.11,277,107.0367,0.0,0.0,0.0,0.0,29,None,False
15870,Emerging Engagement,ENGAGED,United Kingdom,4,857.46,32,214.365,351.44,0.0,1.0,1.0,127,POSITIVE_MOMENTUM,False
15871,Unsegmented (Insufficient History),DORMANT,United Kingdom,1,33.1,437,33.1,0.0,0.0,0.0,0.0,5,None,True
15872,Emerging Engagement,ENGAGED,United Kingdom,4,729.25,14,182.3125,316.25,0.0,1.0,1.0,164,POSITIVE_MOMENTUM,False
15873,Low-Activity / Long-Recency,DORMANT,United Kingdom,4,313.92,499,78.48,0.0,0.0,0.0,0.0,3,None,False
15874,High-Value Stable,ENGAGED,United Kingdom,21,11284.76,63,537.3695,2198.13,44.95,47.9017,0.0,262,None,False
15875,Unsegmented (Insufficient History),DORMANT,United Kingdom,1,108.52,646,108.52,0.0,0.0,0.0,0.0,18,None,True
15876,Low-Activity / Long-Recency,DORMANT,United Kingdom,2,1449.14,409,724.57,0.0,0.0,0.0,0.0,11,None,False
15877,Unsegmented (Insufficient History),EMERGING,United Kingdom,2,490.33,1,245.165,490.33,0.0,1.0,1.0,122,EMERGING_BROADENING,True
15878,Low-Activity / Long-Recency,DORMANT,United Kingdom,2,330.77,561,165.385,0.0,0.0,0.0,0.0,47,None,False
15879,Low-Activity / Long-Recency,DORMANT,United Kingdom,4,1137.8,404,284.45,0.0,0.0,0.0,0.0,171,None,False
15880,Unsegmented (Insufficient History),DORMANT,United Kingdom,1,329.03,369,329.03,0.0,0.0,0.0,0.0,95,None,True
15881,Low-Activity / Long-Recency,DORMANT,United Kingdom,5,501.39,312,100.278,0.0,0.0,0.0,0.0,26,None,False
15882,Low-Activity / Long-Recency,DORMANT,United Kingdom,8,1124.66,198,140.5825,0.0,0.0,0.0,0.0,49,HIGH_FREQUENCY_LOW_VALUE,False
15883,Unsegmented (Insufficient History),EMERGING,United Kingdom,2,396.48,2,198.24,396.48,0.0,1.0,1.0,42,EMERGING_BROADENING,True
15884,Low-Activity / Long-Recency,DORMANT,United Kingdom,2,244.6,432,122.3,0.0,0.0,0.0,0.0,14,None,False
15885,High-Value Stable,SOFTENING,United Kingdom,15,1951.82,92,130.1213,0.0,364.35,-1.0,-1.0,83,HIGH_FREQUENCY_LOW_VALUE,False
15886,Emerging Engagement,ENGAGED,United Kingdom,4,1052.87,60,263.2175,181.09,0.0,1.0,1.0,58,POSITIVE_MOMENTUM,False
15887,Low-Activity / Long-Recency,DORMANT,United Kingdom,3,1027.15,406,342.3833,0.0,0.0,0.0,0.0,27,None,False
15888,Emerging Engagement,SOFTENING,United Kingdom,3,429.16,80,143.0533,168.31,0.0,1.0,1.0,33,POSITIVE_MOMENTUM,False
15889,Low-Activity / Long-Recency,DORMANT,United Kingdom,8,1427.6,156,178.45,0.0,148.0,-1.0,-1.0,256,BROAD_ENGAGEMENT_SOFTENING,False
15890,Low-Activity / Long-Recency,DORMANT,United Kingdom,5,535.65,394,107.13,0.0,0.0,0.0,0.0,10,None,False
15891,Unsegmented (Insufficient History),DORMANT,United Kingdom,1,511.68,226,511.68,0.0,0.0,0.0,0.0,60,None,True
15892,Unsegmented (Insufficient History),DORMANT,United Kingdom,1,128.2,669,128.2,0.0,0.0,0.0,0.0,38,None,True
15893,Unsegmented (Insufficient History),DORMANT,United Kingdom,1,305.28,481,305.28,0.0,0.0,0.0,0.0,1,None,True
15894,Low-Activity / Long-Recency,DORMANT,United Kingdom,2,258.25,253,129.125,0.0,0.0,0.0,0.0,35,None,False
15895,Unsegmented (Insufficient History),DORMANT,United Kingdom,1,179.17,149,179.17,0.0,179.17,-1.0,-1.0,11,None,True
15897,Low-Activity / Long-Recency,DORMANT,United Kingdom,2,208.59,194,104.295,0.0,0.0,0.0,0.0,17,None,False
15898,High-Value Stable,REACTIVATED,United Kingdom,25,4996.45,1,199.858,385.89,0.0,1.0,1.0,281,POSITIVE_MOMENTUM,False
15899,Unsegmented (Insufficient History),DORMANT,United Kingdom,1,56.25,368,56.25,0.0,0.0,0.0,0.0,4,None,True
15900,Emerging Engagement,ENGAGED,United Kingdom,4,886.57,23,221.6425,337.28,0.0,1.0,1.0,100,POSITIVE_MOMENTUM,False
15901,Emerging Engagement,SOFTENING,United Kingdom,7,687.72,16,98.2457,241.24,110.49,1.1834,1.0,145,POSITIVE_MOMENTUM,False
15902,Unsegmented (Insufficient History),DORMANT,United Kingdom,1,145.01,380,145.01,0.0,0.0,0.0,0.0,18,None,True
15903,High-Value Stable,ENGAGED,United Kingdom,12,8939.84,9,744.9867,4485.12,0.0,1.0,1.0,58,POSITIVE_MOMENTUM,False
15904,Unsegmented (Insufficient History),EMERGING,United Kingdom,1,164.68,8,164.68,164.68,0.0,1.0,1.0,30,EMERGING_BROADENING,True
15905,Unsegmented (Insufficient History),DORMANT,United Kingdom,1,114.69,543,114.69,0.0,0.0,0.0,0.0,22,None,True
15906,Emerging Engagement,ENGAGED,United Kingdom,10,2530.19,19,253.019,769.98,114.55,5.7218,2.0,143,POSITIVE_MOMENTUM,False
15907,Emerging Engagement,REACTIVATED,United Kingdom,3,882.72,3,294.24,405.13,254.52,0.5917,0.0,175,None,False
15908,Low-Activity / Long-Recency,DORMANT,United Kingdom,2,758.62,490,379.31,0.0,0.0,0.0,0.0,37,None,False
15909,Unsegmented (Insufficient History),DORMANT,United Kingdom,1,191.94,173,191.94,0.0,191.94,-1.0,-1.0,7,None,True
15910,Emerging Engagement,ENGAGED,United Kingdom,15,2661.17,0,177.4113,565.52,112.75,4.0157,2.0,394,POSITIVE_MOMENTUM,False
15911,Low-Activity / Long-Recency,DORMANT,United Kingdom,8,1700.24,623,212.53,0.0,0.0,0.0,0.0,162,HIGH_FREQUENCY_LOW_VALUE,False
15912,Low-Activity / Long-Recency,DORMANT,United Kingdom,9,1074.7,178,119.4111,0.0,123.13,-1.0,-1.0,83,HIGH_FREQUENCY_LOW_VALUE,False
15913,Unsegmented (Insufficient History),DORMANT,United Kingdom,1,6.3,534,6.3,0.0,0.0,0.0,0.0,1,None,True
15914,Low-Activity / Long-Recency,DORMANT,United Kingdom,2,205.99,378,102.995,0.0,0.0,0.0,0.0,13,None,False
15915,Unsegmented (Insufficient History),DORMANT,United Kingdom,1,364.45,401,364.45,0.0,0.0,0.0,0.0,105,None,True
15916,High-Value Stable,ENGAGED,United Kingdom,13,3145.24,16,241.9415,655.91,0.0,1.0,1.0,227,POSITIVE_MOMENTUM,False
15917,Low-Activity / Long-Recency,DORMANT,United Kingdom,5,530.17,247,106.034,0.0,0.0,0.0,0.0,127,None,False
15918,Low-Activity / Long-Recency,DORMANT,United Kingdom,3,582.88,190,194.2933,0.0,0.0,0.0,0.0,49,None,False
15919,Emerging Engagement,ENGAGED,United Kingdom,2,525.69,19,262.845,311.61,0.0,1.0,1.0,103,POSITIVE_MOMENTUM,False
15920,Low-Activity / Long-Recency,DORMANT,United Kingdom,9,569.14,154,63.2378,0.0,167.5,-1.0,-1.0,93,HIGH_FREQUENCY_LOW_VALUE,False
15921,Low-Activity / Long-Recency,DORMANT,United Kingdom,4,775.26,172,193.815,0.0,323.03,-1.0,-1.0,69,None,False
15922,Unsegmented (Insufficient History),DORMANT,United Kingdom,1,369.5,373,369.5,0.0,0.0,0.0,0.0,11,None,True
15923,Unsegmented (Insufficient History),DORMANT,United Kingdom,1,127.08,372,127.08,0.0,0.0,0.0,0.0,21,None,True
15924,Unsegmented (Insufficient History),DORMANT,United Kingdom,1,102.82,731,102.82,0.0,0.0,0.0,0.0,14,None,True
15925,Unsegmented (Insufficient History),DORMANT,United Kingdom,1,207.15,194,207.15,0.0,0.0,0.0,0.0,12,None,True
15926,Unsegmented (Insufficient History),DORMANT,United Kingdom,1,134.44,542,134.44,0.0,0.0,0.0,0.0,7,None,True
15927,Unsegmented (Insufficient History),DORMANT,United Kingdom,1,106.54,647,106.54,0.0,0.0,0.0,0.0,13,None,True
15928,Unsegmented (Insufficient History),DORMANT,United Kingdom,1,293.53,656,293.53,0.0,0.0,0.0,0.0,11,None,True
15929,Unsegmented (Insufficient History),DORMANT,United Kingdom,1,594.0,644,594.0,0.0,0.0,0.0,0.0,1,None,True
15930,Unsegmented (Insufficient History),EMERGING,United Kingdom,1,426.63,67,426.63,426.63,0.0,1.0,1.0,21,EMERGING_BROADENING,True
15931,Unsegmented (Insufficient History),DORMANT,United Kingdom,1,239.9,428,239.9,0.0,0.0,0.0,0.0,14,None,True
15932,High-Value Stable,SOFTENING,United Kingdom,8,2495.87,4,311.9837,609.92,612.7,-0.0045,0.0,93,None,False
15933,Unsegmented (Insufficient History),SOFTENING,United Kingdom,3,1107.46,21,369.1533,1107.46,0.0,1.0,1.0,63,POSITIVE_MOMENTUM,True
15934,Low-Activity / Long-Recency,DORMANT,United Kingdom,2,2190.66,417,1095.33,0.0,0.0,0.0,0.0,29,None,False
15935,Low-Activity / Long-Recency,DORMANT,United Kingdom,2,416.86,239,208.43,0.0,0.0,0.0,0.0,12,None,False
15936,Low-Activity / Long-Recency,DORMANT,United Kingdom,2,282.79,379,141.395,0.0,0.0,0.0,0.0,16,None,False
15937,Unsegmented (Insufficient History),EMERGING,United Kingdom,1,145.35,64,145.35,145.35,0.0,1.0,1.0,7,EMERGING_BROADENING,True
15938,Low-Activity / Long-Recency,DORMANT,United Kingdom,9,734.81,112,81.6456,0.0,69.28,-1.0,-1.0,27,HIGH_FREQUENCY_LOW_VALUE,False
15939,High-Value Stable,SOFTENING,United Kingdom,16,9060.39,89,566.2744,254.76,640.38,-0.6022,-0.75,52,HIGH_VALUE_SOFTENING,False
15940,Unsegmented (Insufficient History),DORMANT,United Kingdom,1,35.8,311,35.8,0.0,0.0,0.0,0.0,1,None,True
15941,Unsegmented (Insufficient History),DORMANT,United Kingdom,1,405.0,637,405.0,0.0,0.0,0.0,0.0,6,None,True
15942,Unsegmented (Insufficient History),DORMANT,United Kingdom,1,337.44,133,337.44,0.0,337.44,-1.0,-1.0,14,None,True
15943,Low-Activity / Long-Recency,DORMANT,United Kingdom,2,271.29,649,135.645,0.0,0.0,0.0,0.0,12,None,False
15944,Low-Activity / Long-Recency,DORMANT,United Kingdom,4,2164.24,276,541.06,0.0,0.0,0.0,0.0,25,None,False
15945,Low-Activity / Long-Recency,DORMANT,United Kingdom,4,646.27,365,161.5675,0.0,0.0,0.0,0.0,24,None,False
15946,Low-Activity / Long-Recency,DORMANT,United Kingdom,3,2304.18,502,768.06,0.0,0.0,0.0,0.0,25,None,False
15947,Unsegmented (Insufficient History),SOFTENING,United Kingdom,1,1708.24,82,1708.24,1708.24,0.0,1.0,1.0,29,POSITIVE_MOMENTUM,True
15948,Emerging Engagement,ENGAGED,United Kingdom,3,1509.09,8,503.03,955.24,0.0,1.0,1.0,63,POSITIVE_MOMENTUM,False
15949,Unsegmented (Insufficient History),ENGAGED,United Kingdom,2,364.72,16,182.36,364.72,0.0,1.0,1.0,12,POSITIVE_MOMENTUM,True
15950,High-Value Stable,SOFTENING,United Kingdom,10,7120.91,31,712.091,653.33,662.56,-0.0139,1.0,225,None,False
15951,Emerging Engagement,REACTIVATED,United Kingdom,3,1013.17,8,337.7233,333.05,0.0,1.0,1.0,44,POSITIVE_MOMENTUM,False
15952,Emerging Engagement,ENGAGED,United Kingdom,4,781.91,33,195.4775,472.71,76.55,5.1752,1.0,65,POSITIVE_MOMENTUM,False
15953,High-Value Stable,ENGAGED,United Kingdom,18,3440.34,15,191.13,833.24,0.0,1.0,1.0,102,POSITIVE_MOMENTUM,False
15954,Unsegmented (Insufficient History),DORMANT,United Kingdom,1,190.75,589,190.75,0.0,0.0,0.0,0.0,20,None,True
15955,High-Value Stable,SOFTENING,United Kingdom,22,8085.98,24,367.5445,1952.61,1018.03,0.918,0.2,222,None,False
15956,Low-Activity / Long-Recency,DORMANT,United Kingdom,2,617.6,551,308.8,0.0,0.0,0.0,0.0,18,None,False
15957,Emerging Engagement,ENGAGED,United Kingdom,3,921.25,31,307.0833,428.89,0.0,1.0,1.0,121,POSITIVE_MOMENTUM,False
15958,Emerging Engagement,SOFTENING,United Kingdom,4,462.12,74,115.53,104.35,0.0,1.0,1.0,50,POSITIVE_MOMENTUM,False
15959,Low-Activity / Long-Recency,DORMANT,United Kingdom,3,542.89,682,180.9633,0.0,0.0,0.0,0.0,58,None,False
15960,Low-Activity / Long-Recency,DORMANT,United Kingdom,4,410.95,374,102.7375,0.0,0.0,0.0,0.0,24,None,False
15961,Unsegmented (Insufficient History),DORMANT,United Kingdom,1,451.29,379,451.29,0.0,0.0,0.0,0.0,42,None,True
15962,Unsegmented (Insufficient History),DORMANT,United Kingdom,1,289.48,449,289.48,0.0,0.0,0.0,0.0,43,None,True
15963,Unsegmented (Insufficient History),EMERGING,United Kingdom,2,470.76,19,235.38,470.76,0.0,1.0,1.0,26,EMERGING_BROADENING,True
15964,Unsegmented (Insufficient History),DORMANT,United Kingdom,1,269.21,663,269.21,0.0,0.0,0.0,0.0,20,None,True
15965,High-Value Stable,ENGAGED,United Kingdom,13,2771.94,17,213.2262,652.68,0.0,1.0,1.0,202,POSITIVE_MOMENTUM,False
15966,Unsegmented (Insufficient History),DORMANT,United Kingdom,1,426.53,450,426.53,0.0,0.0,0.0,0.0,27,None,True
15967,High-Value Stable,ENGAGED,United Kingdom,12,2966.0,23,247.1667,235.78,0.0,1.0,1.0,316,POSITIVE_MOMENTUM,False
15968,Unsegmented (Insufficient History),DORMANT,United Kingdom,1,404.55,388,404.55,0.0,0.0,0.0,0.0,70,None,True
15969,Emerging Engagement,ENGAGED,United Kingdom,5,1127.05,2,225.41,357.4,0.0,1.0,1.0,31,POSITIVE_MOMENTUM,False
15970,Low-Activity / Long-Recency,DORMANT,United Kingdom,2,1017.32,303,508.66,0.0,0.0,0.0,0.0,19,None,False
15971,High-Value Stable,ENGAGED,United Kingdom,18,5902.83,17,327.935,2090.4,1023.3,1.0428,0.6667,12,POSITIVE_MOMENTUM,False
15972,Low-Activity / Long-Recency,DORMANT,United Kingdom,5,1769.33,456,353.866,0.0,0.0,0.0,0.0,104,None,False
15973,Low-Activity / Long-Recency,DORMANT,United Kingdom,3,680.62,366,226.8733,0.0,0.0,0.0,0.0,8,None,False
15974,High-Value Stable,SOFTENING,United Kingdom,7,3442.15,39,491.7357,547.14,840.16,-0.3488,-0.5,141,BROAD_ENGAGEMENT_SOFTENING,False
15975,Unsegmented (Insufficient History),SOFTENING,United Kingdom,1,371.01,84,371.01,371.01,0.0,1.0,1.0,24,POSITIVE_MOMENTUM,True
15976,Low-Activity / Long-Recency,DORMANT,United Kingdom,6,1694.41,165,282.4017,0.0,217.65,-1.0,-1.0,265,BROAD_ENGAGEMENT_SOFTENING,False
15977,Unsegmented (Insufficient History),EMERGING,United Kingdom,2,1054.73,17,527.365,1054.73,0.0,1.0,1.0,48,EMERGING_BROADENING,True
15978,Emerging Engagement,SOFTENING,United Kingdom,3,3279.42,77,1093.14,1098.78,0.0,1.0,1.0,107,POSITIVE_MOMENTUM,False
15979,Unsegmented (Insufficient History),DORMANT,United Kingdom,1,329.22,602,329.22,0.0,0.0,0.0,0.0,22,None,True
15980,Emerging Engagement,SOFTENING,United Kingdom,7,6543.68,88,934.8114,1638.68,0.0,1.0,1.0,101,POSITIVE_MOMENTUM,False
15981,High-Value Stable,SOFTENING,United Kingdom,21,9362.77,24,445.8462,950.28,836.0,0.1367,0.0,151,None,False
15982,Unsegmented (Insufficient History),DORMANT,United Kingdom,1,324.51,605,324.51,0.0,0.0,0.0,0.0,45,None,True
15983,High-Value Stable,ENGAGED,United Kingdom,8,3110.37,22,388.7962,326.75,0.0,1.0,1.0,137,POSITIVE_MOMENTUM,False
15984,High-Value Stable,SOFTENING,United Kingdom,30,8393.02,2,279.7673,973.12,1032.18,-0.0572,0.5,458,None,False
15985,Low-Activity / Long-Recency,DORMANT,United Kingdom,7,2715.28,123,387.8971,0.0,242.84,-1.0,-1.0,50,None,False
15986,Emerging Engagement,ENGAGED,United Kingdom,2,354.42,30,177.21,168.12,0.0,1.0,1.0,25,POSITIVE_MOMENTUM,False
15987,High-Value Stable,SOFTENING,United Kingdom,8,1535.99,12,191.9988,239.14,677.55,-0.6471,-0.5,143,BROAD_ENGAGEMENT_SOFTENING,False
15988,Emerging Engagement,ENGAGED,United Kingdom,3,738.89,19,246.2967,156.78,0.0,1.0,1.0,114,POSITIVE_MOMENTUM,False
15989,Low-Activity / Long-Recency,DORMANT,United Kingdom,2,368.31,375,184.155,0.0,0.0,0.0,0.0,81,None,False
15990,Emerging Engagement,ENGAGED,United Kingdom,7,1997.75,44,285.3929,390.74,0.0,1.0,1.0,117,POSITIVE_MOMENTUM,False
15991,Unsegmented (Insufficient History),DORMANT,United Kingdom,1,150.55,534,150.55,0.0,0.0,0.0,0.0,6,None,True
15992,Emerging Engagement,REACTIVATED,United Kingdom,3,896.6,3,298.8667,41.99,0.0,1.0,1.0,53,POSITIVE_MOMENTUM,False
15993,Unsegmented (Insufficient History),EMERGING,United Kingdom,7,2777.67,8,396.81,2777.67,0.0,1.0,1.0,335,EMERGING_BROADENING,True
15994,Emerging Engagement,ENGAGED,United Kingdom,3,1175.68,54,391.8933,414.27,0.0,1.0,1.0,93,POSITIVE_MOMENTUM,False
15995,Unsegmented (Insufficient History),DORMANT,United Kingdom,1,694.54,414,694.54,0.0,0.0,0.0,0.0,108,None,True
15996,High-Value Stable,SOFTENING,United Kingdom,7,1386.4,88,198.0571,152.82,252.59,-0.395,-0.5,140,BROAD_ENGAGEMENT_SOFTENING,False
15998,High-Value Stable,ENGAGED,United Kingdom,16,8274.14,36,517.1337,974.96,329.84,1.9559,1.0,682,POSITIVE_MOMENTUM,False
15999,Unsegmented (Insufficient History),DORMANT,United Kingdom,1,20.4,735,20.4,0.0,0.0,0.0,0.0,1,None,True
16000,Unsegmented (Insufficient History),EMERGING,United Kingdom,3,12393.7,2,4131.2333,12393.7,0.0,1.0,1.0,9,EMERGING_BROADENING,True
16001,Unsegmented (Insufficient History),DORMANT,United Kingdom,1,583.39,381,583.39,0.0,0.0,0.0,0.0,29,None,True
16002,Unsegmented (Insufficient History),DORMANT,United Kingdom,1,169.21,625,169.21,0.0,0.0,0.0,0.0,42,None,True
16003,High-Value Stable,ENGAGED,United Kingdom,10,5613.83,29,561.383,941.47,612.9,0.5361,0.0,146,None,False
16004,Low-Activity / Long-Recency,DORMANT,United Kingdom,5,2146.39,474,429.278,0.0,0.0,0.0,0.0,63,None,False
16005,High-Value Stable,ENGAGED,United Kingdom,10,2365.49,12,236.549,303.3,0.0,1.0,1.0,315,POSITIVE_MOMENTUM,False
16006,Low-Activity / Long-Recency,DORMANT,United Kingdom,2,332.82,211,166.41,0.0,0.0,0.0,0.0,75,None,False
16007,High-Value Stable,ENGAGED,United Kingdom,7,3053.06,47,436.1514,966.14,0.0,1.0,1.0,337,POSITIVE_MOMENTUM,False
16008,High-Value Stable,ENGAGED,United Kingdom,15,5339.13,23,355.942,339.63,0.0,1.0,1.0,63,POSITIVE_MOMENTUM,False
16009,Emerging Engagement,ENGAGED,United Kingdom,4,972.11,22,243.0275,530.52,441.59,0.2014,2.0,68,None,False
16010,High-Value Stable,DORMANT,United Kingdom,11,1694.86,245,154.0782,0.0,0.0,0.0,0.0,122,HIGH_FREQUENCY_LOW_VALUE,False
16011,High-Value Stable,SOFTENING,United Kingdom,29,5601.01,8,193.1383,1167.3,967.0,0.2071,-0.2,181,HIGH_FREQUENCY_LOW_VALUE,False
16012,High-Value Stable,SOFTENING,United Kingdom,5,2978.59,35,595.718,283.17,1132.12,-0.7499,-0.5,207,HIGH_VALUE_SOFTENING,False
16013,High-Value Stable,ENGAGED,United Kingdom,84,56078.44,3,667.6005,13721.26,10608.02,0.2935,0.0,54,None,False
16014,Low-Activity / Long-Recency,ENGAGED,United Kingdom,5,1100.28,37,220.056,132.45,260.75,-0.492,0.0,219,None,False
16015,Unsegmented (Insufficient History),EMERGING,United Kingdom,3,704.55,3,234.85,704.55,0.0,1.0,1.0,146,EMERGING_BROADENING,True
16016,High-Value Stable,ENGAGED,United Kingdom,11,2083.4,3,189.4,674.44,0.0,1.0,1.0,181,POSITIVE_MOMENTUM,False
16017,Emerging Engagement,ENGAGED,United Kingdom,5,1545.58,47,309.116,211.88,0.0,1.0,1.0,99,POSITIVE_MOMENTUM,False
16018,Emerging Engagement,ENGAGED,United Kingdom,4,698.13,39,174.5325,247.0,0.0,1.0,1.0,48,POSITIVE_MOMENTUM,False
16019,High-Value Stable,ENGAGED,United Kingdom,27,17329.16,46,641.8207,833.99,462.75,0.8022,1.0,256,POSITIVE_MOMENTUM,False
16020,Unsegmented (Insufficient History),EMERGING,United Kingdom,3,851.01,16,283.67,851.01,0.0,1.0,1.0,42,EMERGING_BROADENING,True
16021,Low-Activity / Long-Recency,DORMANT,United Kingdom,2,487.03,395,243.515,0.0,0.0,0.0,0.0,117,None,False
16022,Unsegmented (Insufficient History),DORMANT,United Kingdom,1,602.63,260,602.63,0.0,0.0,0.0,0.0,68,None,True
16023,Emerging Engagement,ENGAGED,United Kingdom,3,719.81,46,239.9367,219.12,0.0,1.0,1.0,90,POSITIVE_MOMENTUM,False
16024,Emerging Engagement,ENGAGED,United Kingdom,3,483.99,12,161.33,251.03,0.0,1.0,1.0,78,POSITIVE_MOMENTUM,False
16025,Unsegmented (Insufficient History),EMERGING,United Kingdom,1,439.66,29,439.66,439.66,0.0,1.0,1.0,28,EMERGING_BROADENING,True
16026,Unsegmented (Insufficient History),EMERGING,United Kingdom,1,236.09,43,236.09,236.09,0.0,1.0,1.0,30,EMERGING_BROADENING,True
16027,Low-Activity / Long-Recency,SOFTENING,United Kingdom,15,2048.36,91,136.5573,0.0,417.95,-1.0,-1.0,20,HIGH_FREQUENCY_LOW_VALUE,False
16028,Unsegmented (Insufficient History),DORMANT,United Kingdom,1,82.2,595,82.2,0.0,0.0,0.0,0.0,5,None,True
16029,High-Value Stable,SOFTENING,United Kingdom,107,117763.62,38,1100.5946,26720.7,17383.88,0.5371,-0.4762,57,None,False
16030,Unsegmented (Insufficient History),DORMANT,United Kingdom,1,331.24,309,331.24,0.0,0.0,0.0,0.0,28,None,True
16031,Low-Activity / Long-Recency,SOFTENING,United Kingdom,2,547.9,92,273.95,0.0,242.27,-1.0,-1.0,91,BROAD_ENGAGEMENT_SOFTENING,False
16032,Low-Activity / Long-Recency,DORMANT,United Kingdom,6,1965.72,456,327.62,0.0,0.0,0.0,0.0,130,None,False
16033,High-Value Stable,SOFTENING,United Kingdom,27,10608.81,5,392.9189,2914.27,2599.18,0.1212,-0.2,605,None,False
16034,Low-Activity / Long-Recency,DORMANT,United Kingdom,6,911.32,196,151.8867,0.0,0.0,0.0,0.0,43,None,False
16035,Unsegmented (Insufficient History),DORMANT,United Kingdom,1,217.73,560,217.73,0.0,0.0,0.0,0.0,21,None,True
16036,Emerging Engagement,SOFTENING,United Kingdom,4,2556.84,87,639.21,570.19,0.0,1.0,1.0,120,POSITIVE_MOMENTUM,False
16037,Low-Activity / Long-Recency,DORMANT,United Kingdom,5,1509.34,269,301.868,0.0,0.0,0.0,0.0,62,None,False
16038,Low-Activity / Long-Recency,REACTIVATED,United Kingdom,3,471.78,7,157.26,78.45,76.38,0.0271,0.0,24,None,False
16039,Low-Activity / Long-Recency,DORMANT,United Kingdom,2,456.4,423,228.2,0.0,0.0,0.0,0.0,27,None,False
16040,High-Value Stable,ENGAGED,United Kingdom,7,2416.9,65,345.2714,437.37,453.75,-0.0361,0.0,95,None,False
16041,Low-Activity / Long-Recency,SOFTENING,United Kingdom,3,3166.4,30,1055.4667,426.6,2739.8,-0.8443,-0.5,6,HIGH_VALUE_SOFTENING,False
16042,Emerging Engagement,ENGAGED,United Kingdom,8,2245.32,22,280.665,736.99,415.53,0.7736,2.0,88,POSITIVE_MOMENTUM,False
16043,Emerging Engagement,ENGAGED,United Kingdom,8,1856.59,37,232.0738,97.5,0.0,1.0,1.0,56,POSITIVE_MOMENTUM,False
16044,Unsegmented (Insufficient History),DORMANT,United Kingdom,1,340.84,435,340.84,0.0,0.0,0.0,0.0,19,None,True
16045,High-Value Stable,DORMANT,United Kingdom,8,3434.93,119,429.3663,0.0,479.45,-1.0,-1.0,111,HIGH_VALUE_SOFTENING,False
16046,Unsegmented (Insufficient History),DORMANT,United Kingdom,1,235.78,562,235.78,0.0,0.0,0.0,0.0,22,None,True
16047,Unsegmented (Insufficient History),DORMANT,EIRE,1,107.14,682,107.14,0.0,0.0,0.0,0.0,1,None,True
16048,Low-Activity / Long-Recency,DORMANT,United Kingdom,4,818.79,373,204.6975,0.0,0.0,0.0,0.0,30,None,False
16049,Emerging Engagement,ENGAGED,United Kingdom,6,1852.15,40,308.6917,1074.81,0.0,1.0,1.0,383,POSITIVE_MOMENTUM,False
16050,Low-Activity / Long-Recency,DORMANT,United Kingdom,3,300.7,173,100.2333,0.0,137.9,-1.0,-1.0,19,None,False
16051,Unsegmented (Insufficient History),DORMANT,United Kingdom,1,188.44,681,188.44,0.0,0.0,0.0,0.0,12,None,True
16052,Unsegmented (Insufficient History),EMERGING,United Kingdom,1,362.06,54,362.06,362.06,0.0,1.0,1.0,34,EMERGING_BROADENING,True
16053,High-Value Stable,ENGAGED,United Kingdom,6,3634.84,32,605.8067,387.76,1124.19,-0.6551,0.0,169,HIGH_VALUE_SOFTENING,False
16054,Low-Activity / Long-Recency,DORMANT,United Kingdom,4,2111.88,145,527.97,0.0,783.9,-1.0,-1.0,109,BROAD_ENGAGEMENT_SOFTENING,False
16055,Unsegmented (Insufficient History),DORMANT,United Kingdom,1,134.8,220,134.8,0.0,0.0,0.0,0.0,8,None,True
16056,Unsegmented (Insufficient History),EMERGING,United Kingdom,1,650.75,45,650.75,650.75,0.0,1.0,1.0,66,EMERGING_BROADENING,True
16057,High-Value Stable,SOFTENING,United Kingdom,10,3854.85,16,385.485,718.89,484.69,0.4832,-0.6667,175,BROAD_ENGAGEMENT_SOFTENING,False
16058,Unsegmented (Insufficient History),DORMANT,United Kingdom,1,62.7,406,62.7,0.0,0.0,0.0,0.0,2,None,True
16059,High-Value Stable,ENGAGED,United Kingdom,12,3053.57,65,254.4642,508.56,303.6,0.6751,1.0,233,POSITIVE_MOMENTUM,False
16060,Low-Activity / Long-Recency,DORMANT,United Kingdom,3,541.95,400,180.65,0.0,0.0,0.0,0.0,22,None,False
16061,Unsegmented (Insufficient History),DORMANT,United Kingdom,1,89.65,431,89.65,0.0,0.0,0.0,0.0,3,None,True
16062,High-Value Stable,ENGAGED,United Kingdom,8,2863.45,9,357.9313,375.48,199.96,0.8778,0.0,134,None,False
16063,Unsegmented (Insufficient History),DORMANT,United Kingdom,1,335.32,260,335.32,0.0,0.0,0.0,0.0,23,None,True
16064,Unsegmented (Insufficient History),DORMANT,United Kingdom,1,109.31,725,109.31,0.0,0.0,0.0,0.0,17,None,True
16065,High-Value Stable,DORMANT,United Kingdom,8,1992.13,365,249.0163,0.0,0.0,0.0,0.0,214,None,False
16066,Emerging Engagement,ENGAGED,United Kingdom,5,1521.04,16,304.208,1204.66,316.38,2.8076,3.0,77,POSITIVE_MOMENTUM,False
16067,Low-Activity / Long-Recency,DORMANT,United Kingdom,3,3269.11,562,1089.7033,0.0,0.0,0.0,0.0,60,HISTORICAL_VALUE_DORMANT,False
16068,Unsegmented (Insufficient History),DORMANT,United Kingdom,1,115.73,593,115.73,0.0,0.0,0.0,0.0,34,None,True
16069,Unsegmented (Insufficient History),DORMANT,United Kingdom,1,457.7,417,457.7,0.0,0.0,0.0,0.0,25,None,True
16070,Unsegmented (Insufficient History),EMERGING,United Kingdom,2,852.15,22,426.075,852.15,0.0,1.0,1.0,32,EMERGING_BROADENING,True
16071,Emerging Engagement,ENGAGED,United Kingdom,4,1076.8,44,269.2,326.24,0.0,1.0,1.0,62,POSITIVE_MOMENTUM,False
16072,High-Value Stable,DORMANT,United Kingdom,4,4180.09,288,1045.0225,0.0,0.0,0.0,0.0,414,HISTORICAL_VALUE_DORMANT,False
16073,Unsegmented (Insufficient History),DORMANT,United Kingdom,1,122.4,297,122.4,0.0,0.0,0.0,0.0,1,None,True
16074,Unsegmented (Insufficient History),DORMANT,United Kingdom,1,252.5,390,252.5,0.0,0.0,0.0,0.0,23,None,True
16075,Low-Activity / Long-Recency,DORMANT,United Kingdom,2,736.93,502,368.465,0.0,0.0,0.0,0.0,41,None,False
16076,High-Value Stable,ENGAGED,United Kingdom,10,2234.73,3,223.473,876.75,1052.53,-0.167,0.25,71,HIGH_FREQUENCY_LOW_VALUE,False
16077,Unsegmented (Insufficient History),DORMANT,United Kingdom,1,2300.4,625,2300.4,0.0,0.0,0.0,0.0,8,None,True
16078,Low-Activity / Long-Recency,DORMANT,United Kingdom,2,362.99,283,181.495,0.0,0.0,0.0,0.0,39,None,False
16079,Unsegmented (Insufficient History),EMERGING,United Kingdom,3,1352.0,16,450.6667,1352.0,0.0,1.0,1.0,18,EMERGING_BROADENING,True
16080,Emerging Engagement,SOFTENING,United Kingdom,4,602.56,81,150.64,86.9,0.0,1.0,1.0,29,POSITIVE_MOMENTUM,False
16081,High-Value Stable,ENGAGED,United Kingdom,8,4278.96,56,534.87,1807.05,0.0,1.0,1.0,235,POSITIVE_MOMENTUM,False
16082,Unsegmented (Insufficient History),DORMANT,United Kingdom,1,106.75,670,106.75,0.0,0.0,0.0,0.0,16,None,True
16083,Low-Activity / Long-Recency,DORMANT,United Kingdom,4,2351.42,100,587.855,0.0,979.64,-1.0,-1.0,61,None,False
16084,Unsegmented (Insufficient History),DORMANT,United Kingdom,1,436.18,299,436.18,0.0,0.0,0.0,0.0,38,None,True
16085,High-Value Stable,ENGAGED,United Kingdom,12,2341.03,23,195.0858,656.47,0.0,1.0,1.0,259,POSITIVE_MOMENTUM,False
16086,High-Value Stable,ENGAGED,United Kingdom,10,2687.73,59,268.773,221.69,312.64,-0.2909,0.0,66,None,False
16087,Low-Activity / Long-Recency,DORMANT,United Kingdom,5,1739.92,389,347.984,0.0,0.0,0.0,0.0,6,None,False
16088,Low-Activity / Long-Recency,DORMANT,United Kingdom,2,1437.43,575,718.715,0.0,0.0,0.0,0.0,3,None,False
16089,Low-Activity / Long-Recency,DORMANT,United Kingdom,2,263.49,386,131.745,0.0,0.0,0.0,0.0,42,None,False
16090,Unsegmented (Insufficient History),DORMANT,United Kingdom,1,180.56,624,180.56,0.0,0.0,0.0,0.0,18,None,True
16091,Low-Activity / Long-Recency,DORMANT,United Kingdom,2,315.06,154,157.53,0.0,157.81,-1.0,-1.0,16,None,False
16092,Low-Activity / Long-Recency,DORMANT,United Kingdom,6,1587.94,114,264.6567,0.0,224.13,-1.0,-1.0,60,None,False
16093,Unsegmented (Insufficient History),DORMANT,United Kingdom,1,17.0,106,17.0,0.0,17.0,-1.0,-1.0,1,None,True
16094,High-Value Stable,ENGAGED,United Kingdom,11,3695.56,11,335.96,826.13,0.0,1.0,1.0,101,POSITIVE_MOMENTUM,False
16095,Unsegmented (Insufficient History),DORMANT,United Kingdom,1,447.05,456,447.05,0.0,0.0,0.0,0.0,30,None,True
16096,Low-Activity / Long-Recency,DORMANT,United Kingdom,4,1584.97,264,396.2425,0.0,0.0,0.0,0.0,58,None,False
16097,Unsegmented (Insufficient History),DORMANT,United Kingdom,1,185.05,240,185.05,0.0,0.0,0.0,0.0,10,None,True
16098,High-Value Stable,SOFTENING,United Kingdom,14,4010.7,87,286.4786,293.14,490.27,-0.4021,-0.5,83,HIGH_VALUE_SOFTENING,False
16099,Low-Activity / Long-Recency,ENGAGED,United Kingdom,7,1573.2,50,224.7429,139.8,273.8,-0.4894,0.0,44,None,False
16100,Unsegmented (Insufficient History),DORMANT,United Kingdom,1,582.64,462,582.64,0.0,0.0,0.0,0.0,37,None,True
16101,Emerging Engagement,SOFTENING,United Kingdom,4,3229.16,70,807.29,1290.7,0.0,1.0,1.0,153,POSITIVE_MOMENTUM,False
16102,Low-Activity / Long-Recency,SOFTENING,United Kingdom,3,1842.14,42,614.0467,449.3,1392.84,-0.6774,-0.5,41,None,False
16103,High-Value Stable,SOFTENING,United Kingdom,22,6191.71,7,281.4414,273.24,351.14,-0.2218,1.0,111,None,False
16104,High-Value Stable,ENGAGED,United Kingdom,9,2774.46,61,308.2733,298.21,0.0,1.0,1.0,187,POSITIVE_MOMENTUM,False
16105,Low-Activity / Long-Recency,DORMANT,United Kingdom,5,2386.19,248,477.238,0.0,0.0,0.0,0.0,92,None,False
16106,Unsegmented (Insufficient History),EMERGING,United Kingdom,1,108.38,65,108.38,108.38,0.0,1.0,1.0,6,EMERGING_BROADENING,True
16107,Emerging Engagement,ENGAGED,United Kingdom,7,3204.16,17,457.7371,1710.04,961.22,0.779,1.0,16,POSITIVE_MOMENTUM,False
16108,Emerging Engagement,SOFTENING,United Kingdom,4,2235.92,84,558.98,842.5,0.0,1.0,1.0,124,POSITIVE_MOMENTUM,False
16109,Low-Activity / Long-Recency,DORMANT,United Kingdom,3,939.48,218,313.16,0.0,0.0,0.0,0.0,30,None,False
16110,Emerging Engagement,ENGAGED,United Kingdom,4,1781.59,45,445.3975,642.77,0.0,1.0,1.0,343,POSITIVE_MOMENTUM,False
16111,Unsegmented (Insufficient History),DORMANT,United Kingdom,1,549.33,428,549.33,0.0,0.0,0.0,0.0,72,None,True
16112,Low-Activity / Long-Recency,DORMANT,United Kingdom,4,195.74,143,48.935,0.0,59.6,-1.0,-1.0,15,None,False
16113,Unsegmented (Insufficient History),DORMANT,United Kingdom,1,161.38,183,161.38,0.0,0.0,0.0,0.0,30,None,True
16114,Unsegmented (Insufficient History),DORMANT,United Kingdom,1,135.75,170,135.75,0.0,135.75,-1.0,-1.0,8,None,True
16115,Emerging Engagement,ENGAGED,United Kingdom,12,2553.8,9,212.8167,736.29,273.02,1.6968,2.0,230,POSITIVE_MOMENTUM,False
16116,Unsegmented (Insufficient History),DORMANT,United Kingdom,1,612.78,211,612.78,0.0,0.0,0.0,0.0,34,None,True
16117,Low-Activity / Long-Recency,DORMANT,United Kingdom,3,654.4,189,218.1333,0.0,0.0,0.0,0.0,64,None,False
16118,Unsegmented (Insufficient History),DORMANT,United Kingdom,1,4376.25,652,4376.25,0.0,0.0,0.0,0.0,41,HISTORICAL_VALUE_DORMANT,True
16119,Emerging Engagement,ENGAGED,United Kingdom,8,1720.81,8,215.1013,423.36,0.0,1.0,1.0,37,POSITIVE_MOMENTUM,False
16120,Emerging Engagement,ENGAGED,United Kingdom,6,2967.51,59,494.585,1309.14,0.0,1.0,1.0,84,POSITIVE_MOMENTUM,False
16121,Emerging Engagement,ENGAGED,United Kingdom,5,1450.04,57,290.008,568.72,0.0,1.0,1.0,256,POSITIVE_MOMENTUM,False
16122,Low-Activity / Long-Recency,SOFTENING,United Kingdom,6,895.62,73,149.27,134.16,300.42,-0.5534,0.0,28,None,False
16123,Unsegmented (Insufficient History),EMERGING,United Kingdom,1,307.78,51,307.78,307.78,0.0,1.0,1.0,16,EMERGING_BROADENING,True
16124,Low-Activity / Long-Recency,DORMANT,United Kingdom,4,1772.49,317,443.1225,0.0,0.0,0.0,0.0,63,None,False
16125,High-Value Stable,DORMANT,United Kingdom,14,4292.35,367,306.5964,0.0,0.0,0.0,0.0,168,HISTORICAL_VALUE_DORMANT,False
16126,High-Value Stable,ENGAGED,United Kingdom,15,14644.6,29,976.3067,2581.07,1862.7,0.3857,0.0,144,None,False
16127,Emerging Engagement,ENGAGED,United Kingdom,2,801.31,39,400.655,656.25,0.0,1.0,1.0,75,POSITIVE_MOMENTUM,False
16128,Emerging Engagement,ENGAGED,United Kingdom,11,3801.05,17,345.55,1185.52,306.4,2.8692,2.0,155,POSITIVE_MOMENTUM,False
16129,Low-Activity / Long-Recency,DORMANT,United Kingdom,3,1396.05,407,465.35,0.0,0.0,0.0,0.0,91,None,False
16130,Low-Activity / Long-Recency,DORMANT,United Kingdom,4,987.48,422,246.87,0.0,0.0,0.0,0.0,53,None,False
16131,High-Value Stable,ENGAGED,United Kingdom,12,9957.42,51,829.785,1228.04,613.98,1.0001,0.0,131,None,False
16132,Low-Activity / Long-Recency,DORMANT,United Kingdom,2,664.2,544,332.1,0.0,0.0,0.0,0.0,14,None,False
16133,High-Value Stable,SOFTENING,United Kingdom,56,22992.26,3,410.5761,3969.77,3827.9,0.0371,-0.0909,303,None,False
16134,Emerging Engagement,ENGAGED,United Kingdom,5,2145.34,21,429.068,334.56,0.0,1.0,1.0,85,POSITIVE_MOMENTUM,False
16135,Low-Activity / Long-Recency,DORMANT,United Kingdom,2,819.45,262,409.725,0.0,0.0,0.0,0.0,35,None,False
16136,Emerging Engagement,ENGAGED,United Kingdom,4,946.8,59,236.7,550.08,0.0,1.0,1.0,44,POSITIVE_MOMENTUM,False
16137,Unsegmented (Insufficient History),DORMANT,United Kingdom,1,422.7,680,422.7,0.0,0.0,0.0,0.0,28,None,True
16138,Low-Activity / Long-Recency,DORMANT,United Kingdom,3,910.35,378,303.45,0.0,0.0,0.0,0.0,35,None,False
16139,Emerging Engagement,ENGAGED,United Kingdom,5,1111.15,18,222.23,329.04,166.57,0.9754,0.0,47,None,False
16140,Emerging Engagement,ENGAGED,United Kingdom,3,1433.46,65,477.82,601.04,0.0,1.0,1.0,50,POSITIVE_MOMENTUM,False
16141,Emerging Engagement,SOFTENING,United Kingdom,2,955.94,88,477.97,620.4,0.0,1.0,1.0,47,POSITIVE_MOMENTUM,False
16142,Unsegmented (Insufficient History),DORMANT,United Kingdom,1,535.34,249,535.34,0.0,0.0,0.0,0.0,37,None,True
16143,High-Value Stable,ENGAGED,United Kingdom,12,4555.08,3,379.59,475.58,375.19,0.2676,0.0,107,None,False
16144,Unsegmented (Insufficient History),DORMANT,United Kingdom,1,175.2,246,175.2,0.0,0.0,0.0,0.0,1,None,True
16145,High-Value Stable,SOFTENING,United Kingdom,19,6805.44,8,358.1811,1199.18,1284.03,-0.0661,-0.25,217,BROAD_ENGAGEMENT_SOFTENING,False
16146,Low-Activity / Long-Recency,DORMANT,United Kingdom,4,946.38,157,236.595,0.0,75.0,-1.0,-1.0,34,None,False
16147,Low-Activity / Long-Recency,DORMANT,United Kingdom,5,2398.91,133,479.782,0.0,375.0,-1.0,-1.0,113,BROAD_ENGAGEMENT_SOFTENING,False
16148,Low-Activity / Long-Recency,DORMANT,United Kingdom,2,386.62,296,193.31,0.0,0.0,0.0,0.0,9,None,False
16149,Low-Activity / Long-Recency,REACTIVATED,United Kingdom,3,422.22,4,140.74,116.84,163.68,-0.2862,0.0,30,None,False
16150,High-Value Stable,SOFTENING,United Kingdom,10,4002.17,42,400.217,644.32,444.22,0.4505,1.0,143,POSITIVE_MOMENTUM,False
16152,Unsegmented (Insufficient History),DORMANT,United Kingdom,1,1829.04,268,1829.04,0.0,0.0,0.0,0.0,29,None,True
16153,High-Value Stable,ENGAGED,United Kingdom,11,5133.49,49,466.6809,800.69,323.44,1.4755,0.0,161,None,False
16155,Low-Activity / Long-Recency,DORMANT,United Kingdom,5,796.9,381,159.38,0.0,0.0,0.0,0.0,45,None,False
16156,High-Value Stable,ENGAGED,United Kingdom,20,6188.18,8,309.409,1676.87,384.6,3.36,1.0,199,POSITIVE_MOMENTUM,False
16157,Unsegmented (Insufficient History),ENGAGED,United Kingdom,3,656.69,15,218.8967,656.69,0.0,1.0,1.0,12,POSITIVE_MOMENTUM,True
16158,Low-Activity / Long-Recency,DORMANT,United Kingdom,9,628.32,522,69.8133,0.0,0.0,0.0,0.0,29,HIGH_FREQUENCY_LOW_VALUE,False
16159,Low-Activity / Long-Recency,DORMANT,United Kingdom,4,1232.79,281,308.1975,0.0,0.0,0.0,0.0,31,None,False
16160,Unsegmented (Insufficient History),ENGAGED,United Kingdom,2,1025.44,65,512.72,1025.44,0.0,1.0,1.0,20,POSITIVE_MOMENTUM,True
16161,High-Value Stable,ENGAGED,United Kingdom,43,12580.06,1,292.5595,2497.01,775.6,2.2195,2.5,458,POSITIVE_MOMENTUM,False
16162,Unsegmented (Insufficient History),DORMANT,United Kingdom,1,37.4,252,37.4,0.0,0.0,0.0,0.0,2,None,True
16163,Low-Activity / Long-Recency,DORMANT,United Kingdom,6,2407.98,232,401.33,0.0,0.0,0.0,0.0,59,None,False
16164,Unsegmented (Insufficient History),EMERGING,United Kingdom,3,822.48,17,274.16,822.48,0.0,1.0,1.0,27,EMERGING_BROADENING,True
16165,Unsegmented (Insufficient History),DORMANT,United Kingdom,1,79.9,505,79.9,0.0,0.0,0.0,0.0,1,None,True
16166,Low-Activity / Long-Recency,DORMANT,United Kingdom,2,435.83,428,217.915,0.0,0.0,0.0,0.0,18,None,False
16167,Low-Activity / Long-Recency,DORMANT,United Kingdom,5,1386.12,414,277.224,0.0,0.0,0.0,0.0,51,None,False
16168,High-Value Stable,ENGAGED,United Kingdom,66,10360.67,10,156.9798,1155.48,1236.81,-0.0658,0.125,131,HIGH_FREQUENCY_LOW_VALUE,False
16169,Unsegmented (Insufficient History),ENGAGED,United Kingdom,4,1822.97,8,455.7425,1822.97,0.0,1.0,1.0,71,POSITIVE_MOMENTUM,True
16170,High-Value Stable,SOFTENING,United Kingdom,20,6869.0,50,343.45,324.39,615.79,-0.4732,-0.5,254,HIGH_VALUE_SOFTENING,False
16171,Unsegmented (Insufficient History),EMERGING,United Kingdom,1,73.2,59,73.2,73.2,0.0,1.0,1.0,3,EMERGING_BROADENING,True
16172,Low-Activity / Long-Recency,SOFTENING,United Kingdom,8,1884.55,95,235.5688,0.0,940.83,-1.0,-1.0,81,None,False
16173,Emerging Engagement,ENGAGED,United Kingdom,6,1418.32,15,236.3867,783.27,635.05,0.2334,1.0,70,None,False
16174,Low-Activity / Long-Recency,DORMANT,United Kingdom,7,2246.75,126,320.9643,0.0,1009.55,-1.0,-1.0,28,None,False
16175,Low-Activity / Long-Recency,SOFTENING,United Kingdom,7,1836.44,94,262.3486,0.0,570.61,-1.0,-1.0,59,None,False
16176,Low-Activity / Long-Recency,DORMANT,United Kingdom,4,2052.69,421,513.1725,0.0,0.0,0.0,0.0,53,None,False
16177,Emerging Engagement,ENGAGED,United Kingdom,8,2247.31,50,280.9137,331.95,0.0,1.0,1.0,79,POSITIVE_MOMENTUM,False
16178,Low-Activity / Long-Recency,DORMANT,United Kingdom,2,612.6,138,306.3,0.0,197.9,-1.0,-1.0,24,None,False
16179,Unsegmented (Insufficient History),EMERGING,United Kingdom,1,215.83,60,215.83,215.83,0.0,1.0,1.0,11,EMERGING_BROADENING,True
16180,High-Value Stable,DORMANT,United Kingdom,13,16249.87,100,1249.99,0.0,7508.75,-1.0,-1.0,171,HIGH_VALUE_SOFTENING,False
16181,Unsegmented (Insufficient History),SOFTENING,United Kingdom,1,305.54,73,305.54,305.54,0.0,1.0,1.0,11,POSITIVE_MOMENTUM,True
16182,High-Value Stable,SOFTENING,United Kingdom,9,9971.65,72,1107.9611,1773.65,2327.0,-0.2378,0.0,20,None,False
16183,Emerging Engagement,ENGAGED,United Kingdom,4,1077.81,67,269.4525,338.71,0.0,1.0,1.0,32,POSITIVE_MOMENTUM,False
16184,Low-Activity / Long-Recency,SOFTENING,United Kingdom,6,1158.79,64,193.1317,172.99,537.91,-0.6784,-0.6667,26,None,False
16185,Emerging Engagement,ENGAGED,United Kingdom,3,644.72,16,214.9067,194.41,0.0,1.0,1.0,39,POSITIVE_MOMENTUM,False
16186,High-Value Stable,SOFTENING,United Kingdom,26,8718.43,22,335.3242,1310.41,1349.18,-0.0287,-0.25,172,BROAD_ENGAGEMENT_SOFTENING,False
16187,High-Value Stable,SOFTENING,United Kingdom,15,6911.44,31,460.7627,1515.74,2831.06,-0.4646,-0.4,160,HIGH_VALUE_SOFTENING,False
16188,Low-Activity / Long-Recency,ENGAGED,United Kingdom,5,1087.66,44,217.532,226.83,189.26,0.1985,0.0,72,None,False
16189,Unsegmented (Insufficient History),ENGAGED,United Kingdom,2,215.48,15,107.74,215.48,0.0,1.0,1.0,9,POSITIVE_MOMENTUM,True
16190,Emerging Engagement,ENGAGED,United Kingdom,8,2723.55,40,340.4438,215.08,0.0,1.0,1.0,89,POSITIVE_MOMENTUM,False
16191,High-Value Stable,ENGAGED,United Kingdom,24,15677.82,2,653.2425,2564.84,0.0,1.0,1.0,113,POSITIVE_MOMENTUM,False
16192,Unsegmented (Insufficient History),DORMANT,United Kingdom,1,351.3,735,351.3,0.0,0.0,0.0,0.0,11,None,True
16193,Low-Activity / Long-Recency,DORMANT,United Kingdom,2,630.43,236,315.215,0.0,0.0,0.0,0.0,38,None,False
16194,Unsegmented (Insufficient History),DORMANT,United Kingdom,1,308.6,375,308.6,0.0,0.0,0.0,0.0,8,None,True
16195,Unsegmented (Insufficient History),DORMANT,United Kingdom,1,323.25,723,323.25,0.0,0.0,0.0,0.0,16,None,True
16196,Unsegmented (Insufficient History),DORMANT,United Kingdom,1,93.3,488,93.3,0.0,0.0,0.0,0.0,4,None,True
16197,Low-Activity / Long-Recency,DORMANT,United Kingdom,9,2016.71,469,224.0789,0.0,0.0,0.0,0.0,52,HIGH_FREQUENCY_LOW_VALUE,False
16198,Emerging Engagement,SOFTENING,United Kingdom,2,1030.041,75,515.0205,400.681,0.0,1.0,1.0,31,POSITIVE_MOMENTUM,False
16199,Low-Activity / Long-Recency,DORMANT,United Kingdom,7,942.75,392,134.6786,0.0,0.0,0.0,0.0,2,None,False
16200,High-Value Stable,REACTIVATED,United Kingdom,12,5608.1,4,467.3417,518.3,550.57,-0.0586,0.0,361,None,False
16201,Emerging Engagement,ENGAGED,United Kingdom,5,2112.12,3,422.424,1559.67,303.8,4.1339,2.0,86,POSITIVE_MOMENTUM,False
16202,Low-Activity / Long-Recency,DORMANT,United Kingdom,9,2501.99,360,277.9989,0.0,0.0,0.0,0.0,105,None,False
16203,Emerging Engagement,ENGAGED,United Kingdom,6,943.84,58,157.3067,214.6,60.0,2.5767,0.0,56,None,False
16204,Emerging Engagement,ENGAGED,United Kingdom,3,918.71,23,306.2367,384.18,0.0,1.0,1.0,86,POSITIVE_MOMENTUM,False
16205,Emerging Engagement,ENGAGED,United Kingdom,7,1820.11,30,260.0157,645.28,112.35,4.7435,2.0,147,POSITIVE_MOMENTUM,False
16206,High-Value Stable,ENGAGED,United Kingdom,13,2589.87,54,199.2208,127.2,121.11,0.0503,0.0,187,HIGH_FREQUENCY_LOW_VALUE,False
16207,Unsegmented (Insufficient History),EMERGING,United Kingdom,1,394.38,25,394.38,394.38,0.0,1.0,1.0,19,EMERGING_BROADENING,True
16208,High-Value Stable,ENGAGED,United Kingdom,10,3440.45,44,344.045,166.67,0.0,1.0,1.0,180,POSITIVE_MOMENTUM,False
16209,High-Value Stable,SOFTENING,United Kingdom,9,4146.78,88,460.7533,145.72,1548.84,-0.9059,-0.5,51,HIGH_VALUE_SOFTENING,False
16210,High-Value Stable,ENGAGED,United Kingdom,35,33750.97,1,964.3134,9837.34,655.75,14.0017,2.5,145,POSITIVE_MOMENTUM,False
16211,Emerging Engagement,SOFTENING,United Kingdom,3,1090.59,88,363.53,547.02,0.0,1.0,1.0,35,POSITIVE_MOMENTUM,False
16212,Emerging Engagement,ENGAGED,United Kingdom,4,1293.71,19,323.4275,192.19,0.0,1.0,1.0,71,POSITIVE_MOMENTUM,False
16213,Unsegmented (Insufficient History),SOFTENING,United Kingdom,1,159.0,78,159.0,159.0,0.0,1.0,1.0,6,POSITIVE_MOMENTUM,True
16214,Low-Activity / Long-Recency,DORMANT,United Kingdom,4,2038.25,170,509.5625,0.0,313.08,-1.0,-1.0,84,None,False
16215,Unsegmented (Insufficient History),SOFTENING,United Kingdom,1,242.35,80,242.35,242.35,0.0,1.0,1.0,14,POSITIVE_MOMENTUM,True
16216,Unsegmented (Insufficient History),DORMANT,United Kingdom,1,914.93,267,914.93,0.0,0.0,0.0,0.0,37,None,True
16217,Low-Activity / Long-Recency,DORMANT,United Kingdom,2,304.25,235,152.125,0.0,0.0,0.0,0.0,13,None,False
16218,High-Value Stable,SOFTENING,United Kingdom,13,3968.67,29,305.2823,449.2,906.72,-0.5046,-0.5,82,HIGH_VALUE_SOFTENING,False
16219,Unsegmented (Insufficient History),DORMANT,United Kingdom,1,40.8,500,40.8,0.0,0.0,0.0,0.0,1,None,True
16221,High-Value Stable,ENGAGED,United Kingdom,9,2019.92,36,224.4356,545.49,0.0,1.0,1.0,177,POSITIVE_MOMENTUM,False
16222,Low-Activity / Long-Recency,DORMANT,United Kingdom,2,1272.05,318,636.025,0.0,0.0,0.0,0.0,133,None,False
16223,Low-Activity / Long-Recency,DORMANT,United Kingdom,2,1087.05,374,543.525,0.0,0.0,0.0,0.0,101,None,False
16224,High-Value Stable,ENGAGED,United Kingdom,5,1616.54,57,323.308,429.42,322.67,0.3308,0.0,107,None,False
16225,High-Value Stable,ENGAGED,United Kingdom,15,2859.31,44,190.6207,142.68,537.03,-0.7343,-0.5,189,BROAD_ENGAGEMENT_SOFTENING,False
16226,Low-Activity / Long-Recency,DORMANT,United Kingdom,5,672.17,203,134.434,0.0,0.0,0.0,0.0,23,None,False
16227,Low-Activity / Long-Recency,DORMANT,United Kingdom,3,1027.22,225,342.4067,0.0,0.0,0.0,0.0,28,None,False
16228,Low-Activity / Long-Recency,DORMANT,United Kingdom,3,885.71,385,295.2367,0.0,0.0,0.0,0.0,45,None,False
16229,Emerging Engagement,SOFTENING,United Kingdom,6,2867.86,87,477.9767,652.4,0.0,1.0,1.0,144,POSITIVE_MOMENTUM,False
16230,Low-Activity / Long-Recency,DORMANT,United Kingdom,2,542.03,189,271.015,0.0,0.0,0.0,0.0,32,None,False
16231,Low-Activity / Long-Recency,DORMANT,United Kingdom,4,1074.47,379,268.6175,0.0,0.0,0.0,0.0,69,None,False
16232,High-Value Stable,ENGAGED,United Kingdom,7,2712.97,43,387.5671,265.84,358.57,-0.2586,0.0,60,None,False
16233,Emerging Engagement,SOFTENING,United Kingdom,9,1818.31,71,202.0344,210.18,0.0,1.0,1.0,49,POSITIVE_MOMENTUM,False
16234,Low-Activity / Long-Recency,DORMANT,United Kingdom,3,333.18,476,111.06,0.0,0.0,0.0,0.0,13,None,False
16235,Emerging Engagement,ENGAGED,United Kingdom,9,2053.71,40,228.19,202.02,0.0,1.0,1.0,80,POSITIVE_MOMENTUM,False
16236,Unsegmented (Insufficient History),SOFTENING,United Kingdom,1,432.2,78,432.2,432.2,0.0,1.0,1.0,20,POSITIVE_MOMENTUM,True
16237,Unsegmented (Insufficient History),DORMANT,United Kingdom,1,136.65,437,136.65,0.0,0.0,0.0,0.0,7,None,True
16238,Unsegmented (Insufficient History),DORMANT,United Kingdom,1,63.66,422,63.66,0.0,0.0,0.0,0.0,6,None,True
16239,Emerging Engagement,ENGAGED,United Kingdom,6,1492.2,56,248.7,66.3,0.0,1.0,1.0,24,POSITIVE_MOMENTUM,False
16240,Unsegmented (Insufficient History),ENGAGED,United Kingdom,2,3718.8,24,1859.4,3718.8,0.0,1.0,1.0,126,POSITIVE_MOMENTUM,True
16241,High-Value Stable,SOFTENING,United Kingdom,16,3992.86,9,249.5538,811.88,949.87,-0.1453,-0.5,500,BROAD_ENGAGEMENT_SOFTENING,False
16242,Emerging Engagement,ENGAGED,United Kingdom,14,7404.65,8,528.9036,2733.27,453.69,5.0245,3.0,348,POSITIVE_MOMENTUM,False
16243,Unsegmented (Insufficient History),EMERGING,United Kingdom,2,409.1,33,204.55,409.1,0.0,1.0,1.0,49,EMERGING_BROADENING,True
16244,Low-Activity / Long-Recency,DORMANT,United Kingdom,2,1522.75,211,761.375,0.0,0.0,0.0,0.0,88,None,False
16245,Emerging Engagement,ENGAGED,United Kingdom,3,1413.66,23,471.22,643.96,315.72,1.0397,0.0,80,None,False
16246,Low-Activity / Long-Recency,DORMANT,United Kingdom,2,821.35,459,410.675,0.0,0.0,0.0,0.0,79,None,False
16247,Unsegmented (Insufficient History),DORMANT,United Kingdom,1,114.56,170,114.56,0.0,114.56,-1.0,-1.0,16,None,True
16248,Unsegmented (Insufficient History),EMERGING,United Kingdom,1,152.94,61,152.94,152.94,0.0,1.0,1.0,7,EMERGING_BROADENING,True
16249,Low-Activity / Long-Recency,SOFTENING,United Kingdom,5,1800.07,52,360.014,359.3,420.24,-0.145,-0.5,67,None,False
16250,Low-Activity / Long-Recency,DORMANT,United Kingdom,3,565.24,261,188.4133,0.0,0.0,0.0,0.0,29,None,False
16251,Unsegmented (Insufficient History),DORMANT,United Kingdom,1,128.31,512,128.31,0.0,0.0,0.0,0.0,20,None,True
16252,Unsegmented (Insufficient History),DORMANT,United Kingdom,1,295.09,382,295.09,0.0,0.0,0.0,0.0,21,None,True
16253,High-Value Stable,ENGAGED,United Kingdom,7,7272.2,66,1038.8857,1983.46,0.0,1.0,1.0,218,POSITIVE_MOMENTUM,False
16254,Low-Activity / Long-Recency,DORMANT,United Kingdom,3,967.44,378,322.48,0.0,0.0,0.0,0.0,65,None,False
16255,High-Value Stable,SOFTENING,United Kingdom,15,4530.0,16,302.0,437.12,1121.12,-0.6101,-0.6667,231,HIGH_VALUE_SOFTENING,False
16256,Low-Activity / Long-Recency,DORMANT,United Kingdom,3,1629.37,266,543.1233,0.0,0.0,0.0,0.0,27,None,False
16257,Unsegmented (Insufficient History),DORMANT,United Kingdom,1,46.95,176,46.95,0.0,46.95,-1.0,-1.0,2,None,True
16258,High-Value Stable,SOFTENING,United Kingdom,15,11942.52,45,796.168,1462.45,2708.6,-0.4601,-0.6667,253,HIGH_VALUE_SOFTENING,False
16259,Low-Activity / Long-Recency,DORMANT,United Kingdom,3,340.94,410,113.6467,0.0,0.0,0.0,0.0,75,None,False
16260,Unsegmented (Insufficient History),EMERGING,United Kingdom,1,1035.45,50,1035.45,1035.45,0.0,1.0,1.0,18,EMERGING_BROADENING,True
16261,Emerging Engagement,SOFTENING,United Kingdom,6,1041.16,17,173.5267,318.55,157.47,1.0229,1.0,118,POSITIVE_MOMENTUM,False
16262,Unsegmented (Insufficient History),DORMANT,United Kingdom,1,755.15,378,755.15,0.0,0.0,0.0,0.0,46,None,True
16263,Unsegmented (Insufficient History),DORMANT,United Kingdom,1,348.16,423,348.16,0.0,0.0,0.0,0.0,19,None,True
16264,Low-Activity / Long-Recency,DORMANT,United Kingdom,2,823.53,438,411.765,0.0,0.0,0.0,0.0,62,None,False
16265,High-Value Stable,ENGAGED,United Kingdom,12,6935.17,9,577.9308,1384.98,1186.88,0.1669,0.0,192,None,False
16266,High-Value Stable,SOFTENING,United Kingdom,14,1757.95,73,125.5679,100.77,389.28,-0.7411,-0.6667,73,HIGH_FREQUENCY_LOW_VALUE,False
16267,Unsegmented (Insufficient History),DORMANT,United Kingdom,1,186.66,591,186.66,0.0,0.0,0.0,0.0,7,None,True
16268,Unsegmented (Insufficient History),SOFTENING,United Kingdom,2,667.65,71,333.825,667.65,0.0,1.0,1.0,45,POSITIVE_MOMENTUM,True
16269,Unsegmented (Insufficient History),DORMANT,United Kingdom,1,717.57,437,717.57,0.0,0.0,0.0,0.0,53,None,True
16270,Unsegmented (Insufficient History),DORMANT,United Kingdom,1,1141.24,353,1141.24,0.0,0.0,0.0,0.0,54,None,True
16271,High-Value Stable,ENGAGED,United Kingdom,10,3397.82,2,339.782,536.21,735.21,-0.2707,0.0,176,HIGH_VALUE_SOFTENING,False
16272,Unsegmented (Insufficient History),DORMANT,United Kingdom,1,411.7,116,411.7,0.0,411.7,-1.0,-1.0,25,None,True
16273,Low-Activity / Long-Recency,DORMANT,United Kingdom,2,318.34,648,159.17,0.0,0.0,0.0,0.0,15,None,False
16274,Unsegmented (Insufficient History),DORMANT,United Kingdom,1,351.75,373,351.75,0.0,0.0,0.0,0.0,64,None,True
16275,Low-Activity / Long-Recency,DORMANT,United Kingdom,3,2151.11,196,717.0367,0.0,0.0,0.0,0.0,105,None,False
16276,Low-Activity / Long-Recency,DORMANT,United Kingdom,3,2629.39,176,876.4633,0.0,810.6,-1.0,-1.0,20,None,False
16277,Unsegmented (Insufficient History),DORMANT,United Kingdom,1,188.69,733,188.69,0.0,0.0,0.0,0.0,23,None,True
16278,Low-Activity / Long-Recency,DORMANT,United Kingdom,3,1117.84,100,372.6133,0.0,566.38,-1.0,-1.0,50,None,False
16279,High-Value Stable,ENGAGED,United Kingdom,9,5698.28,21,633.1422,1143.7,359.08,2.1851,1.0,243,POSITIVE_MOMENTUM,False
16280,Unsegmented (Insufficient History),DORMANT,United Kingdom,1,238.05,725,238.05,0.0,0.0,0.0,0.0,16,None,True
16281,Emerging Engagement,SOFTENING,United Kingdom,3,3424.02,72,1141.34,2062.06,0.0,1.0,1.0,27,POSITIVE_MOMENTUM,False
16282,Low-Activity / Long-Recency,DORMANT,United Kingdom,3,1307.58,339,435.86,0.0,0.0,0.0,0.0,31,None,False
16283,High-Value Stable,ENGAGED,United Kingdom,8,4350.32,5,543.79,984.46,308.54,2.1907,0.0,385,None,False
16284,Emerging Engagement,ENGAGED,United Kingdom,3,1018.48,31,339.4933,812.68,0.0,1.0,1.0,108,POSITIVE_MOMENTUM,False
16285,Unsegmented (Insufficient History),DORMANT,United Kingdom,1,176.9,646,176.9,0.0,0.0,0.0,0.0,31,None,True
16286,Low-Activity / Long-Recency,DORMANT,United Kingdom,2,328.95,477,164.475,0.0,0.0,0.0,0.0,17,None,False
16287,Low-Activity / Long-Recency,DORMANT,United Kingdom,5,1006.98,169,201.396,0.0,142.5,-1.0,-1.0,18,None,False
16288,Unsegmented (Insufficient History),DORMANT,United Kingdom,1,129.85,470,129.85,0.0,0.0,0.0,0.0,7,None,True
16289,Unsegmented (Insufficient History),DORMANT,United Kingdom,1,136.31,462,136.31,0.0,0.0,0.0,0.0,21,None,True
16290,Low-Activity / Long-Recency,DORMANT,United Kingdom,4,1957.7,464,489.425,0.0,0.0,0.0,0.0,85,None,False
16291,Unsegmented (Insufficient History),DORMANT,Portugal,1,117.72,682,117.72,0.0,0.0,0.0,0.0,1,None,True
16292,Low-Activity / Long-Recency,DORMANT,United Kingdom,5,1253.76,121,250.752,0.0,302.25,-1.0,-1.0,51,None,False
16293,High-Value Stable,ENGAGED,United Kingdom,15,4279.2,21,285.28,794.66,324.59,1.4482,1.0,168,POSITIVE_MOMENTUM,False
16294,Unsegmented (Insufficient History),DORMANT,United Kingdom,1,126.05,476,126.05,0.0,0.0,0.0,0.0,8,None,True
16295,Unsegmented (Insufficient History),EMERGING,United Kingdom,4,1328.55,9,332.1375,1328.55,0.0,1.0,1.0,70,EMERGING_BROADENING,True
16296,Low-Activity / Long-Recency,DORMANT,United Kingdom,4,1313.67,626,328.4175,0.0,0.0,0.0,0.0,56,None,False
16297,Unsegmented (Insufficient History),DORMANT,United Kingdom,1,301.9,268,301.9,0.0,0.0,0.0,0.0,20,None,True
16298,Emerging Engagement,ENGAGED,United Kingdom,7,1085.7,22,155.1,483.9,0.0,1.0,1.0,32,POSITIVE_MOMENTUM,False
16299,Unsegmented (Insufficient History),DORMANT,United Kingdom,1,193.65,477,193.65,0.0,0.0,0.0,0.0,12,None,True
16300,Low-Activity / Long-Recency,DORMANT,United Kingdom,3,1367.32,430,455.7733,0.0,0.0,0.0,0.0,190,None,False
16301,Unsegmented (Insufficient History),DORMANT,United Kingdom,1,107.33,736,107.33,0.0,0.0,0.0,0.0,6,None,True
16302,Unsegmented (Insufficient History),DORMANT,United Kingdom,1,233.22,126,233.22,0.0,233.22,-1.0,-1.0,11,None,True
16303,High-Value Stable,ENGAGED,United Kingdom,7,7928.27,25,1132.61,1324.3,3209.15,-0.5873,0.0,156,HIGH_VALUE_SOFTENING,False
16304,Unsegmented (Insufficient History),DORMANT,United Kingdom,1,381.66,694,381.66,0.0,0.0,0.0,0.0,25,None,True
16305,Unsegmented (Insufficient History),DORMANT,United Kingdom,1,361.22,138,361.22,0.0,361.22,-1.0,-1.0,22,None,True
16306,Low-Activity / Long-Recency,DORMANT,United Kingdom,7,1124.72,213,160.6743,0.0,0.0,0.0,0.0,55,None,False
16307,Low-Activity / Long-Recency,DORMANT,United Kingdom,3,1194.92,429,398.3067,0.0,0.0,0.0,0.0,69,None,False
16308,Low-Activity / Long-Recency,ENGAGED,United Kingdom,7,5120.0,37,731.4286,960.0,640.0,0.5,0.0,1,None,False
16309,Low-Activity / Long-Recency,DORMANT,United Kingdom,2,706.57,106,353.285,0.0,372.37,-1.0,-1.0,39,None,False
16310,Low-Activity / Long-Recency,DORMANT,United Kingdom,2,460.08,414,230.04,0.0,0.0,0.0,0.0,26,None,False
16311,Unsegmented (Insufficient History),EMERGING,United Kingdom,2,616.26,17,308.13,616.26,0.0,1.0,1.0,35,EMERGING_BROADENING,True
16312,Unsegmented (Insufficient History),DORMANT,United Kingdom,1,171.15,432,171.15,0.0,0.0,0.0,0.0,10,None,True
16313,Unsegmented (Insufficient History),EMERGING,United Kingdom,2,274.15,3,137.075,274.15,0.0,1.0,1.0,16,EMERGING_BROADENING,True
16314,Low-Activity / Long-Recency,DORMANT,United Kingdom,3,1491.4,389,497.1333,0.0,0.0,0.0,0.0,58,None,False
16315,Low-Activity / Long-Recency,DORMANT,United Kingdom,2,402.71,330,201.355,0.0,0.0,0.0,0.0,21,None,False
16316,High-Value Stable,ENGAGED,United Kingdom,13,5744.91,64,441.9162,726.1,383.7,0.8924,-0.5,193,BROAD_ENGAGEMENT_SOFTENING,False
16317,Low-Activity / Long-Recency,DORMANT,United Kingdom,5,2192.51,119,438.502,0.0,770.89,-1.0,-1.0,103,BROAD_ENGAGEMENT_SOFTENING,False
16318,Unsegmented (Insufficient History),EMERGING,United Kingdom,1,328.15,35,328.15,328.15,0.0,1.0,1.0,19,EMERGING_BROADENING,True
16319,Unsegmented (Insufficient History),DORMANT,United Kingdom,1,404.4,217,404.4,0.0,0.0,0.0,0.0,3,None,True
16320,High-Value Stable,DORMANT,Unspecified,6,5628.99,172,938.165,0.0,185.78,-1.0,-1.0,193,HIGH_VALUE_SOFTENING,False
16321,Emerging Engagement,SOFTENING,Australia,7,604.55,72,86.3643,150.0,0.0,1.0,1.0,15,POSITIVE_MOMENTUM,False
16322,Unsegmented (Insufficient History),EMERGING,United Kingdom,2,326.75,1,163.375,326.75,0.0,1.0,1.0,28,EMERGING_BROADENING,True
16323,Low-Activity / Long-Recency,DORMANT,United Kingdom,2,353.66,196,176.83,0.0,0.0,0.0,0.0,4,None,False
16324,Low-Activity / Long-Recency,DORMANT,United Kingdom,3,408.59,128,136.1967,0.0,408.59,-1.0,-1.0,100,BROAD_ENGAGEMENT_SOFTENING,False
16325,High-Value Stable,ENGAGED,United Kingdom,12,3597.5,46,299.7917,178.22,225.2,-0.2086,0.0,104,None,False
16326,High-Value Stable,ENGAGED,United Kingdom,24,4721.25,5,196.7188,1514.55,998.39,0.517,0.2,243,HIGH_FREQUENCY_LOW_VALUE,False
16327,High-Value Stable,ENGAGED,United Kingdom,16,10159.64,14,634.9775,1350.63,0.0,1.0,1.0,289,POSITIVE_MOMENTUM,False
16328,Unsegmented (Insufficient History),DORMANT,United Kingdom,1,310.83,563,310.83,0.0,0.0,0.0,0.0,16,None,True
16329,Low-Activity / Long-Recency,DORMANT,United Kingdom,4,1664.92,427,416.23,0.0,0.0,0.0,0.0,83,None,False
16330,Emerging Engagement,SOFTENING,United Kingdom,7,625.38,17,89.34,202.95,48.96,3.1452,-0.5,105,BROAD_ENGAGEMENT_SOFTENING,False
16331,Low-Activity / Long-Recency,DORMANT,United Kingdom,6,2037.7,432,339.6167,0.0,0.0,0.0,0.0,33,None,False
16332,High-Value Stable,ENGAGED,United Kingdom,11,2000.01,28,181.8191,931.03,529.47,0.7584,1.0,158,POSITIVE_MOMENTUM,False
16333,High-Value Stable,ENGAGED,United Kingdom,22,26626.8,7,1210.3091,11007.2,2532.4,3.3465,1.0,9,POSITIVE_MOMENTUM,False
16334,Unsegmented (Insufficient History),DORMANT,United Kingdom,1,263.73,492,263.73,0.0,0.0,0.0,0.0,54,None,True
16335,Low-Activity / Long-Recency,DORMANT,United Kingdom,7,2753.52,551,393.36,0.0,0.0,0.0,0.0,193,None,False
16336,Low-Activity / Long-Recency,DORMANT,United Kingdom,4,3517.69,420,879.4225,0.0,0.0,0.0,0.0,64,HISTORICAL_VALUE_DORMANT,False
16337,Unsegmented (Insufficient History),EMERGING,United Kingdom,1,151.05,36,151.05,151.05,0.0,1.0,1.0,10,EMERGING_BROADENING,True
16338,Unsegmented (Insufficient History),DORMANT,United Kingdom,1,214.8,157,214.8,0.0,214.8,-1.0,-1.0,11,None,True
16339,Unsegmented (Insufficient History),DORMANT,United Kingdom,1,94.05,284,94.05,0.0,0.0,0.0,0.0,17,None,True
16340,Low-Activity / Long-Recency,DORMANT,United Kingdom,3,1496.24,107,498.7467,0.0,534.31,-1.0,-1.0,277,BROAD_ENGAGEMENT_SOFTENING,False
16341,Emerging Engagement,ENGAGED,United Kingdom,7,3850.79,24,550.1129,1174.22,0.0,1.0,1.0,103,POSITIVE_MOMENTUM,False
16342,Low-Activity / Long-Recency,SOFTENING,United Kingdom,4,322.41,75,80.6025,38.7,283.71,-0.8636,-0.6667,10,None,False
16343,Emerging Engagement,ENGAGED,United Kingdom,3,614.12,16,204.7067,328.58,0.0,1.0,1.0,54,POSITIVE_MOMENTUM,False
16344,Low-Activity / Long-Recency,DORMANT,United Kingdom,4,842.42,158,210.605,0.0,101.1,-1.0,-1.0,43,None,False
16345,Emerging Engagement,ENGAGED,United Kingdom,2,1178.79,44,589.395,565.46,0.0,1.0,1.0,95,POSITIVE_MOMENTUM,False
16346,Unsegmented (Insufficient History),DORMANT,United Kingdom,1,224.51,385,224.51,0.0,0.0,0.0,0.0,15,None,True
16347,High-Value Stable,ENGAGED,United Kingdom,11,3442.96,11,312.9964,847.45,0.0,1.0,1.0,209,POSITIVE_MOMENTUM,False
16348,Emerging Engagement,ENGAGED,United Kingdom,8,1744.42,32,218.0525,677.36,179.22,2.7795,2.0,180,POSITIVE_MOMENTUM,False
16349,Unsegmented (Insufficient History),DORMANT,United Kingdom,1,53.5,290,53.5,0.0,0.0,0.0,0.0,9,None,True
16350,Emerging Engagement,ENGAGED,United Kingdom,9,2253.89,21,250.4322,739.77,0.0,1.0,1.0,72,POSITIVE_MOMENTUM,False
16351,High-Value Stable,DORMANT,United Kingdom,13,3330.03,332,256.1562,0.0,0.0,0.0,0.0,124,HISTORICAL_VALUE_DORMANT,False
16352,Unsegmented (Insufficient History),EMERGING,United Kingdom,2,494.44,17,247.22,494.44,0.0,1.0,1.0,28,EMERGING_BROADENING,True
16353,High-Value Stable,ENGAGED,United Kingdom,38,9795.46,3,257.7753,3207.9,1312.53,1.4441,2.0,76,POSITIVE_MOMENTUM,False
16354,Emerging Engagement,ENGAGED,United Kingdom,5,1119.46,63,223.892,395.8,0.0,1.0,1.0,116,POSITIVE_MOMENTUM,False
16355,Unsegmented (Insufficient History),DORMANT,United Kingdom,1,416.35,375,416.35,0.0,0.0,0.0,0.0,47,None,True
16356,Low-Activity / Long-Recency,DORMANT,United Kingdom,6,415.87,197,69.3117,0.0,0.0,0.0,0.0,27,None,False
16357,Emerging Engagement,ENGAGED,United Kingdom,4,868.37,33,217.0925,400.93,120.05,2.3397,0.0,43,None,False
16358,Emerging Engagement,ENGAGED,United Kingdom,5,2919.65,1,583.93,1565.35,0.0,1.0,1.0,118,POSITIVE_MOMENTUM,False
16359,High-Value Stable,ENGAGED,United Kingdom,16,2697.75,7,168.6094,339.69,394.97,-0.14,0.0,78,HIGH_FREQUENCY_LOW_VALUE,False
16360,Unsegmented (Insufficient History),ENGAGED,United Kingdom,6,3450.41,4,575.0683,3450.41,0.0,1.0,1.0,365,POSITIVE_MOMENTUM,True
16361,Unsegmented (Insufficient History),ENGAGED,United Kingdom,4,891.21,9,222.8025,891.21,0.0,1.0,1.0,87,POSITIVE_MOMENTUM,True
16362,Low-Activity / Long-Recency,SOFTENING,United Kingdom,6,922.16,32,153.6933,349.34,360.65,-0.0314,-0.3333,67,None,False
16363,Unsegmented (Insufficient History),EMERGING,United Kingdom,1,109.36,53,109.36,109.36,0.0,1.0,1.0,5,EMERGING_BROADENING,True
16364,Low-Activity / Long-Recency,ENGAGED,United Kingdom,2,705.79,11,352.895,359.49,346.3,0.0381,0.0,48,None,False
16365,High-Value Stable,SOFTENING,United Kingdom,15,3167.34,17,211.156,677.86,373.2,0.8163,-0.5,97,BROAD_ENGAGEMENT_SOFTENING,False
16366,Emerging Engagement,ENGAGED,United Kingdom,4,1548.13,18,387.0325,327.3,0.0,1.0,1.0,74,POSITIVE_MOMENTUM,False
16367,Emerging Engagement,ENGAGED,United Kingdom,3,1350.48,37,450.16,633.58,0.0,1.0,1.0,196,POSITIVE_MOMENTUM,False
16368,Emerging Engagement,ENGAGED,United Kingdom,3,621.44,2,207.1467,479.91,0.0,1.0,1.0,74,POSITIVE_MOMENTUM,False
16369,Emerging Engagement,ENGAGED,United Kingdom,7,2656.56,18,379.5086,1190.96,0.0,1.0,1.0,115,POSITIVE_MOMENTUM,False
16370,Low-Activity / Long-Recency,SOFTENING,United Kingdom,4,1301.91,82,325.4775,357.42,401.28,-0.1093,0.0,143,None,False
16371,Unsegmented (Insufficient History),DORMANT,United Kingdom,1,157.2,448,157.2,0.0,0.0,0.0,0.0,11,None,True
16372,Emerging Engagement,ENGAGED,United Kingdom,5,1290.31,33,258.062,355.73,0.0,1.0,1.0,271,POSITIVE_MOMENTUM,False
16373,Low-Activity / Long-Recency,DORMANT,United Kingdom,2,309.49,382,154.745,0.0,0.0,0.0,0.0,25,None,False
16374,Emerging Engagement,ENGAGED,United Kingdom,5,1723.4,66,344.68,312.53,0.0,1.0,1.0,276,POSITIVE_MOMENTUM,False
16375,Low-Activity / Long-Recency,DORMANT,United Kingdom,2,104.0,470,52.0,0.0,0.0,0.0,0.0,11,None,False
16376,Unsegmented (Insufficient History),EMERGING,United Kingdom,2,974.96,8,487.48,974.96,0.0,1.0,1.0,104,EMERGING_BROADENING,True
16377,Low-Activity / Long-Recency,DORMANT,United Kingdom,2,1308.48,267,654.24,0.0,0.0,0.0,0.0,6,None,False
16378,Low-Activity / Long-Recency,DORMANT,United Kingdom,3,362.95,247,120.9833,0.0,0.0,0.0,0.0,22,None,False
16379,Unsegmented (Insufficient History),ENGAGED,United Kingdom,4,2157.4,4,539.35,2157.4,0.0,1.0,1.0,87,POSITIVE_MOMENTUM,True
16380,Unsegmented (Insufficient History),EMERGING,United Kingdom,1,1743.15,61,1743.15,1743.15,0.0,1.0,1.0,28,EMERGING_BROADENING,True
16381,Low-Activity / Long-Recency,DORMANT,United Kingdom,2,247.85,395,123.925,0.0,0.0,0.0,0.0,60,None,False
16382,Low-Activity / Long-Recency,DORMANT,United Kingdom,2,353.1,408,176.55,0.0,0.0,0.0,0.0,42,None,False
16383,High-Value Stable,SOFTENING,United Kingdom,7,2896.69,74,413.8129,334.3,0.0,1.0,1.0,239,POSITIVE_MOMENTUM,False
16384,Emerging Engagement,SOFTENING,United Kingdom,4,1358.95,89,339.7375,175.4,0.0,1.0,1.0,80,POSITIVE_MOMENTUM,False
16385,Emerging Engagement,ENGAGED,United Kingdom,5,881.35,60,176.27,281.04,126.62,1.2196,0.0,94,None,False
16386,Emerging Engagement,ENGAGED,United Kingdom,3,1068.16,28,356.0533,241.47,0.0,1.0,1.0,127,POSITIVE_MOMENTUM,False
16387,Low-Activity / Long-Recency,DORMANT,United Kingdom,5,882.46,322,176.492,0.0,0.0,0.0,0.0,68,None,False
16388,Unsegmented (Insufficient History),DORMANT,United Kingdom,1,186.05,653,186.05,0.0,0.0,0.0,0.0,13,None,True
16389,Emerging Engagement,ENGAGED,United Kingdom,4,1382.07,53,345.5175,711.9,0.0,1.0,1.0,33,POSITIVE_MOMENTUM,False
16390,Low-Activity / Long-Recency,DORMANT,United Kingdom,3,467.5,536,155.8333,0.0,0.0,0.0,0.0,16,None,False
16391,Low-Activity / Long-Recency,DORMANT,United Kingdom,4,1052.26,400,263.065,0.0,0.0,0.0,0.0,261,None,False
16392,Low-Activity / Long-Recency,DORMANT,United Kingdom,3,756.7,269,252.2333,0.0,0.0,0.0,0.0,125,None,False
16393,High-Value Stable,ENGAGED,United Kingdom,23,5297.77,2,230.3378,1278.99,792.43,0.614,0.3333,313,HIGH_FREQUENCY_LOW_VALUE,False
16394,Emerging Engagement,ENGAGED,United Kingdom,5,1555.34,56,311.068,622.24,313.8,0.9829,1.0,61,POSITIVE_MOMENTUM,False
16395,High-Value Stable,ENGAGED,United Kingdom,14,3518.41,60,251.315,517.76,513.74,0.0078,1.0,416,None,False
16396,Unsegmented (Insufficient History),DORMANT,United Kingdom,1,137.8,476,137.8,0.0,0.0,0.0,0.0,8,None,True
16397,Unsegmented (Insufficient History),DORMANT,United Kingdom,1,123.13,628,123.13,0.0,0.0,0.0,0.0,9,None,True
16398,Low-Activity / Long-Recency,DORMANT,United Kingdom,2,1705.8,154,852.9,0.0,535.85,-1.0,-1.0,75,None,False
16399,Emerging Engagement,ENGAGED,United Kingdom,3,630.22,19,210.0733,229.61,0.0,1.0,1.0,97,POSITIVE_MOMENTUM,False
16400,High-Value Stable,SOFTENING,United Kingdom,9,3059.85,94,339.9833,0.0,303.93,-1.0,-1.0,214,HIGH_VALUE_SOFTENING,False
16401,High-Value Stable,ENGAGED,United Kingdom,23,6849.15,1,297.7891,1642.9,793.53,1.0704,1.5,110,POSITIVE_MOMENTUM,False
16402,Low-Activity / Long-Recency,DORMANT,United Kingdom,2,293.45,264,146.725,0.0,0.0,0.0,0.0,55,None,False
16403,Unsegmented (Insufficient History),DORMANT,United Kingdom,1,177.5,312,177.5,0.0,0.0,0.0,0.0,10,None,True
16404,Unsegmented (Insufficient History),SOFTENING,United Kingdom,1,443.05,70,443.05,443.05,0.0,1.0,1.0,23,POSITIVE_MOMENTUM,True
16405,Low-Activity / Long-Recency,DORMANT,United Kingdom,2,167.25,302,83.625,0.0,0.0,0.0,0.0,3,None,False
16406,Emerging Engagement,ENGAGED,United Kingdom,3,528.36,18,176.12,154.35,0.0,1.0,1.0,135,POSITIVE_MOMENTUM,False
16407,High-Value Stable,SOFTENING,United Kingdom,14,2761.65,12,197.2607,597.31,692.58,-0.1376,-0.3333,120,HIGH_FREQUENCY_LOW_VALUE,False
16408,Unsegmented (Insufficient History),DORMANT,United Kingdom,1,231.93,591,231.93,0.0,0.0,0.0,0.0,45,None,True
16409,High-Value Stable,SOFTENING,United Kingdom,12,5652.74,36,471.0617,989.61,229.81,3.3062,1.0,335,POSITIVE_MOMENTUM,False
16410,Unsegmented (Insufficient History),DORMANT,United Kingdom,1,130.32,734,130.32,0.0,0.0,0.0,0.0,5,None,True
16411,Emerging Engagement,ENGAGED,United Kingdom,4,756.39,19,189.0975,83.15,0.0,1.0,1.0,139,POSITIVE_MOMENTUM,False
16412,Emerging Engagement,ENGAGED,United Kingdom,5,593.19,53,118.638,135.99,0.0,1.0,1.0,84,POSITIVE_MOMENTUM,False
16413,Emerging Engagement,ENGAGED,United Kingdom,2,522.03,56,261.015,262.2,0.0,1.0,1.0,55,POSITIVE_MOMENTUM,False
16414,Emerging Engagement,ENGAGED,United Kingdom,5,551.21,21,110.242,75.45,0.0,1.0,1.0,58,POSITIVE_MOMENTUM,False
16415,Emerging Engagement,ENGAGED,United Kingdom,3,696.76,44,232.2533,200.27,0.0,1.0,1.0,120,POSITIVE_MOMENTUM,False
16416,High-Value Stable,ENGAGED,United Kingdom,9,2957.88,26,328.6533,1051.4,0.0,1.0,1.0,146,POSITIVE_MOMENTUM,False
16417,Unsegmented (Insufficient History),DORMANT,United Kingdom,1,35.7,492,35.7,0.0,0.0,0.0,0.0,1,None,True
16418,Low-Activity / Long-Recency,ENGAGED,United Kingdom,5,1028.74,44,205.748,262.76,222.45,0.1812,0.0,121,None,False
16419,Low-Activity / Long-Recency,DORMANT,United Kingdom,8,1463.7,112,182.9625,0.0,441.78,-1.0,-1.0,62,HIGH_FREQUENCY_LOW_VALUE,False
16420,Unsegmented (Insufficient History),DORMANT,United Kingdom,1,75.0,396,75.0,0.0,0.0,0.0,0.0,2,None,True
16421,Low-Activity / Long-Recency,DORMANT,United Kingdom,3,526.27,376,175.4233,0.0,0.0,0.0,0.0,35,None,False
16422,High-Value Stable,SOFTENING,United Kingdom,109,61920.87,17,568.0814,5566.7,9824.85,-0.4334,0.0909,111,HIGH_VALUE_SOFTENING,False
16423,Unsegmented (Insufficient History),EMERGING,United Kingdom,1,346.12,24,346.12,346.12,0.0,1.0,1.0,18,EMERGING_BROADENING,True
16424,Low-Activity / Long-Recency,DORMANT,United Kingdom,2,443.06,191,221.53,0.0,0.0,0.0,0.0,10,None,False
16425,Unsegmented (Insufficient History),DORMANT,United Kingdom,1,302.7,302,302.7,0.0,0.0,0.0,0.0,21,None,True
16426,Emerging Engagement,ENGAGED,United Kingdom,10,1863.76,2,186.376,1173.93,361.46,2.2477,1.0,211,POSITIVE_MOMENTUM,False
16427,Low-Activity / Long-Recency,DORMANT,United Kingdom,2,241.06,263,120.53,0.0,0.0,0.0,0.0,8,None,False
16428,Low-Activity / Long-Recency,DORMANT,United Kingdom,3,638.49,413,212.83,0.0,0.0,0.0,0.0,121,None,False
16429,Unsegmented (Insufficient History),DORMANT,United Kingdom,1,284.55,106,284.55,0.0,284.55,-1.0,-1.0,2,None,True
16430,Emerging Engagement,ENGAGED,United Kingdom,7,1117.94,57,159.7057,300.85,0.0,1.0,1.0,19,POSITIVE_MOMENTUM,False
16431,Low-Activity / Long-Recency,DORMANT,United Kingdom,3,623.28,213,207.76,0.0,0.0,0.0,0.0,51,None,False
16432,Unsegmented (Insufficient History),EMERGING,United Kingdom,1,287.4,64,287.4,287.4,0.0,1.0,1.0,8,EMERGING_BROADENING,True
16433,Emerging Engagement,ENGAGED,United Kingdom,2,384.52,28,192.26,184.26,0.0,1.0,1.0,33,POSITIVE_MOMENTUM,False
16434,Emerging Engagement,ENGAGED,United Kingdom,12,2673.69,29,222.8075,612.96,182.12,2.3657,2.0,126,POSITIVE_MOMENTUM,False
16435,Low-Activity / Long-Recency,DORMANT,United Kingdom,3,1003.07,512,334.3567,0.0,0.0,0.0,0.0,119,None,False
16436,Low-Activity / Long-Recency,DORMANT,United Kingdom,3,319.14,668,106.38,0.0,0.0,0.0,0.0,37,None,False
16437,Low-Activity / Long-Recency,DORMANT,United Kingdom,2,301.25,381,150.625,0.0,0.0,0.0,0.0,17,None,False
16438,Unsegmented (Insufficient History),ENGAGED,United Kingdom,5,798.35,5,159.67,798.35,0.0,1.0,1.0,74,POSITIVE_MOMENTUM,True
16439,Unsegmented (Insufficient History),DORMANT,United Kingdom,1,310.7,722,310.7,0.0,0.0,0.0,0.0,9,None,True
16440,High-Value Stable,ENGAGED,United Kingdom,6,3856.97,7,642.8283,3368.21,0.0,1.0,1.0,202,POSITIVE_MOMENTUM,False
16441,Emerging Engagement,ENGAGED,United Kingdom,5,1019.13,67,203.826,170.2,0.0,1.0,1.0,67,POSITIVE_MOMENTUM,False
16442,Emerging Engagement,REACTIVATED,United Kingdom,5,891.98,1,178.396,176.87,0.0,1.0,1.0,226,POSITIVE_MOMENTUM,False
16443,Unsegmented (Insufficient History),DORMANT,United Kingdom,1,162.24,520,162.24,0.0,0.0,0.0,0.0,1,None,True
16444,High-Value Stable,ENGAGED,United Kingdom,17,3625.88,46,213.2871,113.27,301.32,-0.6241,0.0,217,HIGH_VALUE_SOFTENING,False
16445,Emerging Engagement,ENGAGED,United Kingdom,4,583.16,33,145.79,230.51,0.0,1.0,1.0,143,POSITIVE_MOMENTUM,False
16446,Emerging Engagement,REACTIVATED,United Kingdom,2,168472.5,0,84236.25,168469.6,0.0,1.0,1.0,3,POSITIVE_MOMENTUM,False
16447,Low-Activity / Long-Recency,DORMANT,United Kingdom,3,727.1,135,242.3667,0.0,255.91,-1.0,-1.0,59,None,False
16448,Low-Activity / Long-Recency,DORMANT,United Kingdom,2,361.12,198,180.56,0.0,0.0,0.0,0.0,45,None,False
16449,Low-Activity / Long-Recency,DORMANT,United Kingdom,2,707.69,197,353.845,0.0,0.0,0.0,0.0,40,None,False
16450,Low-Activity / Long-Recency,DORMANT,United Kingdom,3,1505.73,149,501.91,0.0,311.92,-1.0,-1.0,36,None,False
16451,Emerging Engagement,SOFTENING,United Kingdom,3,1013.15,87,337.7167,266.97,0.0,1.0,1.0,61,POSITIVE_MOMENTUM,False
16452,Low-Activity / Long-Recency,DORMANT,United Kingdom,2,332.17,630,166.085,0.0,0.0,0.0,0.0,14,None,False
16453,Low-Activity / Long-Recency,DORMANT,United Kingdom,2,251.71,530,125.855,0.0,0.0,0.0,0.0,15,None,False
16454,Emerging Engagement,ENGAGED,United Kingdom,4,30.95,44,7.7375,6.9,0.0,1.0,1.0,4,POSITIVE_MOMENTUM,False
16455,High-Value Stable,ENGAGED,United Kingdom,11,3995.57,63,363.2336,517.8,189.6,1.731,0.0,111,None,False
16456,High-Value Stable,SOFTENING,United Kingdom,13,6000.94,99,461.6108,0.0,581.76,-1.0,-1.0,226,HIGH_VALUE_SOFTENING,False
16457,Unsegmented (Insufficient History),DORMANT,United Kingdom,1,208.36,218,208.36,0.0,0.0,0.0,0.0,9,None,True
16458,High-Value Stable,ENGAGED,United Kingdom,30,5690.89,2,189.6963,1331.24,845.8,0.5739,0.75,91,POSITIVE_MOMENTUM,False
16459,Unsegmented (Insufficient History),DORMANT,United Kingdom,1,71.79,729,71.79,0.0,0.0,0.0,0.0,5,None,True
16460,Unsegmented (Insufficient History),SOFTENING,United Kingdom,3,811.23,28,270.41,811.23,0.0,1.0,1.0,128,POSITIVE_MOMENTUM,True
16461,Low-Activity / Long-Recency,DORMANT,United Kingdom,3,1545.83,177,515.2767,0.0,142.92,-1.0,-1.0,223,BROAD_ENGAGEMENT_SOFTENING,False
16462,Emerging Engagement,SOFTENING,United Kingdom,3,136.0,73,45.3333,68.0,0.0,1.0,1.0,1,POSITIVE_MOMENTUM,False
16463,Emerging Engagement,ENGAGED,United Kingdom,4,1422.4,21,355.6,1103.03,0.0,1.0,1.0,74,POSITIVE_MOMENTUM,False
16464,Emerging Engagement,SOFTENING,United Kingdom,3,1298.66,19,432.8867,918.33,380.33,1.4146,1.0,152,POSITIVE_MOMENTUM,False
16465,Low-Activity / Long-Recency,DORMANT,United Kingdom,2,746.24,420,373.12,0.0,0.0,0.0,0.0,45,None,False
16466,High-Value Stable,ENGAGED,United Kingdom,15,3767.09,33,251.1393,596.33,479.34,0.2441,0.0,207,None,False
16467,Low-Activity / Long-Recency,DORMANT,United Kingdom,7,2869.16,508,409.88,0.0,0.0,0.0,0.0,14,None,False
16468,Emerging Engagement,SOFTENING,United Kingdom,3,787.52,74,262.5067,74.9,0.0,1.0,1.0,38,POSITIVE_MOMENTUM,False
16469,Emerging Engagement,ENGAGED,United Kingdom,5,803.9,23,160.78,357.12,0.0,1.0,1.0,167,POSITIVE_MOMENTUM,False
16470,High-Value Stable,ENGAGED,United Kingdom,11,2416.85,51,219.7136,213.64,193.47,0.1043,0.0,286,HIGH_FREQUENCY_LOW_VALUE,False
16471,Low-Activity / Long-Recency,DORMANT,United Kingdom,4,1189.98,274,297.495,0.0,0.0,0.0,0.0,48,None,False
16472,Low-Activity / Long-Recency,DORMANT,United Kingdom,2,789.6,434,394.8,0.0,0.0,0.0,0.0,39,None,False
16473,Low-Activity / Long-Recency,DORMANT,United Kingdom,4,470.83,164,117.7075,0.0,98.3,-1.0,-1.0,26,None,False
16474,Emerging Engagement,ENGAGED,United Kingdom,7,1810.65,7,258.6643,1469.3,341.35,3.3044,5.0,237,POSITIVE_MOMENTUM,False
16475,Low-Activity / Long-Recency,SOFTENING,United Kingdom,4,544.3,88,136.075,85.0,149.3,-0.4307,-0.5,23,None,False
16476,Unsegmented (Insufficient History),DORMANT,United Kingdom,1,350.35,431,350.35,0.0,0.0,0.0,0.0,24,None,True
16477,High-Value Stable,ENGAGED,United Kingdom,11,4094.37,63,372.2155,495.2,446.75,0.1084,0.0,177,None,False
16478,Unsegmented (Insufficient History),EMERGING,United Kingdom,3,331.0,25,110.3333,331.0,0.0,1.0,1.0,15,EMERGING_BROADENING,True
16479,Unsegmented (Insufficient History),EMERGING,United Kingdom,2,300.83,10,150.415,300.83,0.0,1.0,1.0,35,EMERGING_BROADENING,True
16480,Unsegmented (Insufficient History),SOFTENING,United Kingdom,1,769.29,75,769.29,769.29,0.0,1.0,1.0,51,POSITIVE_MOMENTUM,True
16481,Unsegmented (Insufficient History),DORMANT,United Kingdom,1,453.38,682,453.38,0.0,0.0,0.0,0.0,16,None,True
16482,Unsegmented (Insufficient History),EMERGING,United Kingdom,1,220.62,15,220.62,220.62,0.0,1.0,1.0,18,EMERGING_BROADENING,True
16483,Unsegmented (Insufficient History),DORMANT,United Kingdom,1,139.35,192,139.35,0.0,0.0,0.0,0.0,19,None,True
16484,Low-Activity / Long-Recency,DORMANT,United Kingdom,2,404.3,173,202.15,0.0,118.6,-1.0,-1.0,25,None,False
16485,Emerging Engagement,SOFTENING,United Kingdom,5,2287.19,77,457.438,363.65,0.0,1.0,1.0,126,POSITIVE_MOMENTUM,False
16486,Unsegmented (Insufficient History),DORMANT,United Kingdom,1,134.36,537,134.36,0.0,0.0,0.0,0.0,7,None,True
16487,Low-Activity / Long-Recency,DORMANT,United Kingdom,2,209.4,577,104.7,0.0,0.0,0.0,0.0,28,None,False
16488,Low-Activity / Long-Recency,SOFTENING,United Kingdom,3,498.8,33,166.2667,144.23,354.57,-0.5932,-0.5,28,None,False
16489,Low-Activity / Long-Recency,DORMANT,United Kingdom,2,303.7,380,151.85,0.0,0.0,0.0,0.0,4,None,False
16490,Unsegmented (Insufficient History),DORMANT,United Kingdom,1,205.41,436,205.41,0.0,0.0,0.0,0.0,13,None,True
16491,Emerging Engagement,ENGAGED,United Kingdom,2,1533.16,46,766.58,731.5,0.0,1.0,1.0,86,POSITIVE_MOMENTUM,False
16492,Unsegmented (Insufficient History),DORMANT,United Kingdom,1,385.56,540,385.56,0.0,0.0,0.0,0.0,23,None,True
16493,High-Value Stable,SOFTENING,United Kingdom,7,2132.09,79,304.5843,569.34,414.49,0.3736,0.0,77,None,False
16494,Unsegmented (Insufficient History),DORMANT,United Kingdom,1,826.53,296,826.53,0.0,0.0,0.0,0.0,47,None,True
16495,Emerging Engagement,REACTIVATED,United Kingdom,3,648.26,3,216.0867,401.75,0.0,1.0,1.0,78,POSITIVE_MOMENTUM,False
16496,Emerging Engagement,REACTIVATED,United Kingdom,6,2330.77,8,388.4617,414.48,0.0,1.0,1.0,120,POSITIVE_MOMENTUM,False
16497,High-Value Stable,ENGAGED,United Kingdom,23,6695.28,49,291.0991,1414.99,0.0,1.0,1.0,239,POSITIVE_MOMENTUM,False
16498,Low-Activity / Long-Recency,DORMANT,United Kingdom,2,100.97,161,50.485,0.0,100.97,-1.0,-1.0,15,None,False
16499,Low-Activity / Long-Recency,DORMANT,United Kingdom,8,2578.34,360,322.2925,0.0,0.0,0.0,0.0,104,None,False
16500,Emerging Engagement,ENGAGED,United Kingdom,9,843.91,4,93.7678,235.86,0.0,1.0,1.0,24,HIGH_FREQUENCY_LOW_VALUE,False
16501,Unsegmented (Insufficient History),DORMANT,United Kingdom,1,1191.23,383,1191.23,0.0,0.0,0.0,0.0,181,None,True
16502,Low-Activity / Long-Recency,DORMANT,United Kingdom,2,258.55,620,129.275,0.0,0.0,0.0,0.0,41,None,False
16503,High-Value Stable,DORMANT,United Kingdom,11,3614.34,106,328.5764,0.0,338.54,-1.0,-1.0,161,HIGH_VALUE_SOFTENING,False
16504,Unsegmented (Insufficient History),EMERGING,United Kingdom,1,465.88,25,465.88,465.88,0.0,1.0,1.0,76,EMERGING_BROADENING,True
16505,Unsegmented (Insufficient History),EMERGING,United Kingdom,1,777.6,31,777.6,777.6,0.0,1.0,1.0,4,EMERGING_BROADENING,True
16506,Unsegmented (Insufficient History),EMERGING,United Kingdom,2,90.3,19,45.15,90.3,0.0,1.0,1.0,3,EMERGING_BROADENING,True
16507,Unsegmented (Insufficient History),DORMANT,United Kingdom,1,142.71,572,142.71,0.0,0.0,0.0,0.0,37,None,True
16508,Unsegmented (Insufficient History),DORMANT,United Kingdom,1,240.95,630,240.95,0.0,0.0,0.0,0.0,42,None,True
16509,Unsegmented (Insufficient History),DORMANT,United Kingdom,1,363.7,296,363.7,0.0,0.0,0.0,0.0,13,None,True
16510,Low-Activity / Long-Recency,DORMANT,United Kingdom,6,1777.5,372,296.25,0.0,0.0,0.0,0.0,94,None,False
16511,High-Value Stable,ENGAGED,United Kingdom,6,1760.49,21,293.415,352.63,235.35,0.4983,0.0,235,None,False
16513,Unsegmented (Insufficient History),EMERGING,United Kingdom,4,874.59,4,218.6475,874.59,0.0,1.0,1.0,33,EMERGING_BROADENING,True
16515,High-Value Stable,SOFTENING,United Kingdom,10,3179.06,52,317.906,376.78,628.02,-0.4001,-0.5,184,BROAD_ENGAGEMENT_SOFTENING,False
16516,Unsegmented (Insufficient History),EMERGING,United Kingdom,1,101.7,30,101.7,101.7,0.0,1.0,1.0,6,EMERGING_BROADENING,True
16517,Unsegmented (Insufficient History),DORMANT,United Kingdom,1,162.7,277,162.7,0.0,0.0,0.0,0.0,17,None,True
16518,Emerging Engagement,ENGAGED,United Kingdom,4,959.37,61,239.8425,293.62,0.0,1.0,1.0,61,POSITIVE_MOMENTUM,False
16519,Emerging Engagement,ENGAGED,United Kingdom,4,439.06,25,109.765,111.38,0.0,1.0,1.0,32,POSITIVE_MOMENTUM,False
16520,High-Value Stable,DORMANT,United Kingdom,6,2148.38,186,358.0633,0.0,0.0,0.0,0.0,251,None,False
16521,Low-Activity / Long-Recency,DORMANT,United Kingdom,3,1140.11,415,380.0367,0.0,0.0,0.0,0.0,212,None,False
16522,Low-Activity / Long-Recency,DORMANT,United Kingdom,2,433.36,435,216.68,0.0,0.0,0.0,0.0,16,None,False
16523,High-Value Stable,ENGAGED,United Kingdom,28,11916.33,1,425.5832,4172.52,2410.35,0.7311,0.6,180,POSITIVE_MOMENTUM,False
16524,Low-Activity / Long-Recency,DORMANT,United Kingdom,2,306.19,446,153.095,0.0,0.0,0.0,0.0,50,None,False
16525,High-Value Stable,SOFTENING,United Kingdom,48,24151.3,2,503.1521,2655.1,2185.24,0.215,0.0,115,None,False
16526,Low-Activity / Long-Recency,DORMANT,United Kingdom,2,717.21,171,358.605,0.0,290.36,-1.0,-1.0,30,None,False
16527,Emerging Engagement,SOFTENING,United Kingdom,2,1232.94,81,616.47,228.06,0.0,1.0,1.0,66,POSITIVE_MOMENTUM,False
16528,Unsegmented (Insufficient History),EMERGING,United Kingdom,1,244.41,3,244.41,244.41,0.0,1.0,1.0,17,EMERGING_BROADENING,True
16529,Low-Activity / Long-Recency,DORMANT,United Kingdom,4,1986.8,190,496.7,0.0,0.0,0.0,0.0,87,None,False
16530,Unsegmented (Insufficient History),DORMANT,United Kingdom,1,48.35,668,48.35,0.0,0.0,0.0,0.0,3,None,True
16531,Emerging Engagement,ENGAGED,United Kingdom,11,2298.33,22,208.9391,560.06,199.7,1.8045,2.0,109,POSITIVE_MOMENTUM,False
16532,Low-Activity / Long-Recency,ENGAGED,United Kingdom,5,8756.64,17,1751.328,2232.0,2606.4,-0.1436,0.0,2,None,False
16533,Unsegmented (Insufficient History),EMERGING,United Kingdom,3,1082.81,19,360.9367,1082.81,0.0,1.0,1.0,112,EMERGING_BROADENING,True
16534,Unsegmented (Insufficient History),DORMANT,United Kingdom,1,635.9,642,635.9,0.0,0.0,0.0,0.0,36,None,True
16535,Emerging Engagement,REACTIVATED,United Kingdom,3,972.04,5,324.0133,593.75,0.0,1.0,1.0,67,POSITIVE_MOMENTUM,False
16536,Unsegmented (Insufficient History),DORMANT,United Kingdom,1,548.12,110,548.12,0.0,548.12,-1.0,-1.0,49,None,True
16537,Unsegmented (Insufficient History),DORMANT,United Kingdom,1,23.35,641,23.35,0.0,0.0,0.0,0.0,3,None,True
16538,Low-Activity / Long-Recency,DORMANT,United Kingdom,3,395.07,541,131.69,0.0,0.0,0.0,0.0,35,None,False
16539,High-Value Stable,REACTIVATED,United Kingdom,10,3289.66,2,328.966,335.2,0.0,1.0,1.0,83,POSITIVE_MOMENTUM,False
16540,Unsegmented (Insufficient History),DORMANT,United Kingdom,1,205.75,414,205.75,0.0,0.0,0.0,0.0,25,None,True
16541,Unsegmented (Insufficient History),DORMANT,United Kingdom,1,424.03,735,424.03,0.0,0.0,0.0,0.0,38,None,True
16542,Emerging Engagement,ENGAGED,United Kingdom,2,257.32,53,128.66,119.62,0.0,1.0,1.0,13,POSITIVE_MOMENTUM,False
16543,Unsegmented (Insufficient History),DORMANT,United Kingdom,1,292.21,591,292.21,0.0,0.0,0.0,0.0,18,None,True
16544,Low-Activity / Long-Recency,DORMANT,United Kingdom,4,376.7,519,94.175,0.0,0.0,0.0,0.0,8,None,False
16545,Low-Activity / Long-Recency,DORMANT,United Kingdom,2,689.82,164,344.91,0.0,339.3,-1.0,-1.0,6,None,False
16546,Low-Activity / Long-Recency,DORMANT,United Kingdom,5,5307.07,290,1061.414,0.0,0.0,0.0,0.0,75,HISTORICAL_VALUE_DORMANT,False
16547,Unsegmented (Insufficient History),DORMANT,United Kingdom,1,104.26,546,104.26,0.0,0.0,0.0,0.0,25,None,True
16548,Unsegmented (Insufficient History),DORMANT,United Kingdom,1,30.15,599,30.15,0.0,0.0,0.0,0.0,6,None,True
16549,Emerging Engagement,ENGAGED,United Kingdom,34,12781.8,10,375.9353,3254.54,660.87,3.9246,7.0,836,POSITIVE_MOMENTUM,False
16550,High-Value Stable,DORMANT,United Kingdom,18,8813.58,108,489.6433,0.0,872.64,-1.0,-1.0,274,HIGH_VALUE_SOFTENING,False
16551,Low-Activity / Long-Recency,SOFTENING,United Kingdom,7,2237.12,95,319.5886,0.0,611.05,-1.0,-1.0,67,None,False
16552,Low-Activity / Long-Recency,DORMANT,United Kingdom,2,379.73,242,189.865,0.0,0.0,0.0,0.0,17,None,False
16553,High-Value Stable,DORMANT,United Kingdom,33,16584.01,163,502.5458,0.0,988.64,-1.0,-1.0,195,HIGH_VALUE_SOFTENING,False
16554,Emerging Engagement,ENGAGED,United Kingdom,8,2841.72,42,355.215,522.99,0.0,1.0,1.0,108,POSITIVE_MOMENTUM,False
16555,Emerging Engagement,ENGAGED,United Kingdom,6,1915.68,35,319.28,133.91,151.98,-0.1189,0.0,59,None,False
16556,High-Value Stable,ENGAGED,United Kingdom,17,8012.58,66,471.3282,757.42,917.55,-0.1745,-0.5,280,BROAD_ENGAGEMENT_SOFTENING,False
16557,Low-Activity / Long-Recency,ENGAGED,United Kingdom,2,281.85,24,140.925,180.7,101.15,0.7865,0.0,11,None,False
16558,High-Value Stable,ENGAGED,United Kingdom,38,13304.11,0,350.1082,3653.32,1234.59,1.9591,0.5,383,POSITIVE_MOMENTUM,False
16559,Unsegmented (Insufficient History),DORMANT,United Kingdom,1,175.0,397,175.0,0.0,0.0,0.0,0.0,17,None,True
16560,High-Value Stable,ENGAGED,United Kingdom,8,3048.38,26,381.0475,509.23,0.0,1.0,1.0,140,POSITIVE_MOMENTUM,False
16561,Unsegmented (Insufficient History),EMERGING,United Kingdom,2,511.12,5,255.56,511.12,0.0,1.0,1.0,29,EMERGING_BROADENING,True
16562,Unsegmented (Insufficient History),DORMANT,United Kingdom,1,223.86,476,223.86,0.0,0.0,0.0,0.0,34,None,True
16563,Emerging Engagement,ENGAGED,United Kingdom,6,4412.56,53,735.4267,1077.74,0.0,1.0,1.0,55,POSITIVE_MOMENTUM,False
16564,Unsegmented (Insufficient History),DORMANT,United Kingdom,1,87.8,569,87.8,0.0,0.0,0.0,0.0,5,None,True
16565,Low-Activity / Long-Recency,DORMANT,United Kingdom,4,773.05,364,193.2625,0.0,0.0,0.0,0.0,7,None,False
16566,Emerging Engagement,ENGAGED,United Kingdom,5,614.66,15,122.932,150.78,183.76,-0.1795,1.0,14,None,False
16567,Low-Activity / Long-Recency,DORMANT,United Kingdom,2,865.6,194,432.8,0.0,0.0,0.0,0.0,34,None,False
16568,Low-Activity / Long-Recency,DORMANT,United Kingdom,2,1020.9,427,510.45,0.0,0.0,0.0,0.0,5,None,False
16569,Emerging Engagement,REACTIVATED,United Kingdom,5,1455.23,3,291.046,124.2,0.0,1.0,1.0,27,POSITIVE_MOMENTUM,False
16570,High-Value Stable,ENGAGED,United Kingdom,20,7434.31,15,371.7155,1604.33,660.84,1.4277,0.3333,114,POSITIVE_MOMENTUM,False
16571,High-Value Stable,ENGAGED,United Kingdom,10,4248.74,26,424.874,524.9,460.11,0.1408,0.0,151,None,False
16572,Low-Activity / Long-Recency,DORMANT,United Kingdom,3,1009.6,127,336.5333,0.0,667.02,-1.0,-1.0,40,None,False
16573,Emerging Engagement,SOFTENING,United Kingdom,2,663.61,84,331.805,370.98,0.0,1.0,1.0,40,POSITIVE_MOMENTUM,False
16574,Emerging Engagement,SOFTENING,United Kingdom,3,1301.78,71,433.9267,451.44,0.0,1.0,1.0,86,POSITIVE_MOMENTUM,False
16576,Low-Activity / Long-Recency,DORMANT,United Kingdom,2,540.87,420,270.435,0.0,0.0,0.0,0.0,32,None,False
16577,Unsegmented (Insufficient History),DORMANT,United Kingdom,1,380.0,666,380.0,0.0,0.0,0.0,0.0,23,None,True
16578,Unsegmented (Insufficient History),DORMANT,United Kingdom,1,156.6,626,156.6,0.0,0.0,0.0,0.0,9,None,True
16579,Unsegmented (Insufficient History),DORMANT,United Kingdom,1,295.05,425,295.05,0.0,0.0,0.0,0.0,14,None,True
16581,Unsegmented (Insufficient History),DORMANT,United Kingdom,1,105.84,182,105.84,0.0,0.0,0.0,0.0,9,None,True
16582,Unsegmented (Insufficient History),DORMANT,United Kingdom,1,313.62,113,313.62,0.0,313.62,-1.0,-1.0,6,None,True
16583,Low-Activity / Long-Recency,DORMANT,United Kingdom,2,297.95,373,148.975,0.0,0.0,0.0,0.0,18,None,False
16584,Emerging Engagement,SOFTENING,United Kingdom,5,3156.17,80,631.234,324.14,0.0,1.0,1.0,61,POSITIVE_MOMENTUM,False
16585,Low-Activity / Long-Recency,DORMANT,United Kingdom,2,341.59,593,170.795,0.0,0.0,0.0,0.0,16,None,False
16586,Low-Activity / Long-Recency,DORMANT,United Kingdom,3,1462.78,248,487.5933,0.0,0.0,0.0,0.0,27,None,False
16587,Unsegmented (Insufficient History),DORMANT,United Kingdom,1,225.15,232,225.15,0.0,0.0,0.0,0.0,13,None,True
16588,Low-Activity / Long-Recency,DORMANT,United Kingdom,4,1361.28,386,340.32,0.0,0.0,0.0,0.0,64,None,False
16589,Low-Activity / Long-Recency,SOFTENING,United Kingdom,4,612.36,71,153.09,244.56,214.68,0.1392,-0.5,39,None,False
16590,Low-Activity / Long-Recency,DORMANT,United Kingdom,2,605.9,400,302.95,0.0,0.0,0.0,0.0,26,None,False
16591,Unsegmented (Insufficient History),EMERGING,United Kingdom,1,213.5,68,213.5,213.5,0.0,1.0,1.0,10,EMERGING_BROADENING,True
16592,High-Value Stable,ENGAGED,United Kingdom,28,7807.91,4,278.8539,1899.35,693.35,1.7394,2.0,221,POSITIVE_MOMENTUM,False
16593,Emerging Engagement,ENGAGED,United Kingdom,8,1071.14,50,133.8925,74.53,0.0,1.0,1.0,57,HIGH_FREQUENCY_LOW_VALUE,False
16594,Unsegmented (Insufficient History),SOFTENING,United Kingdom,1,181.09,75,181.09,181.09,0.0,1.0,1.0,53,POSITIVE_MOMENTUM,True
16595,Emerging Engagement,ENGAGED,United Kingdom,5,1757.75,61,351.55,360.16,0.0,1.0,1.0,337,POSITIVE_MOMENTUM,False
16596,Emerging Engagement,ENGAGED,United Kingdom,4,458.98,15,114.745,129.5,0.0,1.0,1.0,23,POSITIVE_MOMENTUM,False
16597,Unsegmented (Insufficient History),EMERGING,United Kingdom,1,90.04,4,90.04,90.04,0.0,1.0,1.0,7,EMERGING_BROADENING,True
16598,Unsegmented (Insufficient History),DORMANT,United Kingdom,1,145.05,285,145.05,0.0,0.0,0.0,0.0,10,None,True
16599,Unsegmented (Insufficient History),DORMANT,United Kingdom,1,172.8,385,172.8,0.0,0.0,0.0,0.0,12,None,True
16600,High-Value Stable,ENGAGED,United Kingdom,13,2153.41,4,165.6469,576.06,0.0,1.0,1.0,106,POSITIVE_MOMENTUM,False
16601,Emerging Engagement,ENGAGED,United Kingdom,3,677.0,40,225.6667,242.7,0.0,1.0,1.0,60,POSITIVE_MOMENTUM,False
16602,Emerging Engagement,ENGAGED,United Kingdom,2,763.33,36,381.665,528.08,0.0,1.0,1.0,37,POSITIVE_MOMENTUM,False
16603,Low-Activity / Long-Recency,SOFTENING,United Kingdom,2,482.47,74,241.235,185.85,296.62,-0.3734,0.0,34,None,False
16604,Low-Activity / Long-Recency,DORMANT,United Kingdom,2,432.45,562,216.225,0.0,0.0,0.0,0.0,10,None,False
16605,Unsegmented (Insufficient History),DORMANT,United Kingdom,1,60.48,724,60.48,0.0,0.0,0.0,0.0,1,None,True
16606,Low-Activity / Long-Recency,DORMANT,United Kingdom,2,357.66,404,178.83,0.0,0.0,0.0,0.0,16,None,False
16607,High-Value Stable,SOFTENING,United Kingdom,25,5706.87,17,228.2748,1080.13,550.52,0.962,0.3333,212,HIGH_FREQUENCY_LOW_VALUE,False
16608,Low-Activity / Long-Recency,DORMANT,United Kingdom,2,1286.62,453,643.31,0.0,0.0,0.0,0.0,94,None,False
16609,High-Value Stable,SOFTENING,United Kingdom,7,5493.46,15,784.78,2783.42,722.42,2.8529,0.0,155,None,False
16610,Unsegmented (Insufficient History),DORMANT,United Kingdom,1,75.66,219,75.66,0.0,0.0,0.0,0.0,6,None,True
16611,Low-Activity / Long-Recency,DORMANT,United Kingdom,6,1785.13,186,297.5217,0.0,0.0,0.0,0.0,86,None,False
16612,High-Value Stable,ENGAGED,United Kingdom,9,3245.43,32,360.6033,317.36,161.4,0.9663,0.0,105,None,False
16613,Unsegmented (Insufficient History),SOFTENING,United Kingdom,1,618.59,70,618.59,618.59,0.0,1.0,1.0,30,POSITIVE_MOMENTUM,True
16614,Low-Activity / Long-Recency,DORMANT,United Kingdom,3,1179.79,182,393.2633,0.0,0.0,0.0,0.0,37,None,False
16615,Unsegmented (Insufficient History),DORMANT,United Kingdom,1,291.5,626,291.5,0.0,0.0,0.0,0.0,19,None,True
16616,Low-Activity / Long-Recency,ENGAGED,United Kingdom,2,500.42,15,250.21,290.32,210.1,0.3818,0.0,31,None,False
16617,Unsegmented (Insufficient History),DORMANT,United Kingdom,1,151.85,235,151.85,0.0,0.0,0.0,0.0,5,None,True
16618,Emerging Engagement,ENGAGED,United Kingdom,5,2647.59,31,529.518,1206.3,0.0,1.0,1.0,79,POSITIVE_MOMENTUM,False
16619,Low-Activity / Long-Recency,DORMANT,United Kingdom,4,1938.33,263,484.5825,0.0,0.0,0.0,0.0,103,None,False
16620,Emerging Engagement,REACTIVATED,United Kingdom,6,1758.93,3,293.155,83.2,0.0,1.0,1.0,78,POSITIVE_MOMENTUM,False
16621,Low-Activity / Long-Recency,ENGAGED,United Kingdom,4,813.48,51,203.37,204.07,118.71,0.7191,0.0,22,None,False
16622,Unsegmented (Insufficient History),DORMANT,United Kingdom,1,225.4,543,225.4,0.0,0.0,0.0,0.0,12,None,True
16623,Low-Activity / Long-Recency,DORMANT,United Kingdom,4,1015.24,245,253.81,0.0,0.0,0.0,0.0,44,None,False
16624,Emerging Engagement,SOFTENING,United Kingdom,2,810.57,80,405.285,384.14,0.0,1.0,1.0,44,POSITIVE_MOMENTUM,False
16625,Low-Activity / Long-Recency,DORMANT,United Kingdom,5,1654.03,274,330.806,0.0,0.0,0.0,0.0,82,None,False
16626,High-Value Stable,ENGAGED,United Kingdom,17,4413.1,0,259.5941,2247.76,773.46,1.9061,1.0,86,POSITIVE_MOMENTUM,False
16627,Unsegmented (Insufficient History),SOFTENING,United Kingdom,1,322.8,79,322.8,322.8,0.0,1.0,1.0,20,POSITIVE_MOMENTUM,True
16628,High-Value Stable,SOFTENING,United Kingdom,7,2318.1,29,331.1571,568.21,906.93,-0.3735,-0.5,84,None,False
16629,Low-Activity / Long-Recency,SOFTENING,United Kingdom,2,408.63,73,204.315,180.95,227.68,-0.2052,0.0,58,None,False
16630,Unsegmented (Insufficient History),DORMANT,United Kingdom,1,106.8,407,106.8,0.0,0.0,0.0,0.0,4,None,True
16631,Low-Activity / Long-Recency,DORMANT,United Kingdom,7,1892.52,481,270.36,0.0,0.0,0.0,0.0,46,None,False
16632,Low-Activity / Long-Recency,DORMANT,United Kingdom,2,406.4,485,203.2,0.0,0.0,0.0,0.0,22,None,False
16633,Emerging Engagement,ENGAGED,United Kingdom,6,2883.1,17,480.5167,1714.84,464.94,2.6883,2.0,115,POSITIVE_MOMENTUM,False
16634,Low-Activity / Long-Recency,DORMANT,United Kingdom,6,1649.81,222,274.9683,0.0,0.0,0.0,0.0,72,None,False
16635,Unsegmented (Insufficient History),DORMANT,United Kingdom,1,473.0,406,473.0,0.0,0.0,0.0,0.0,25,None,True
16636,Low-Activity / Long-Recency,DORMANT,United Kingdom,4,3802.04,438,950.51,0.0,0.0,0.0,0.0,62,HISTORICAL_VALUE_DORMANT,False
16637,Emerging Engagement,ENGAGED,United Kingdom,4,1154.47,32,288.6175,623.92,226.93,1.7494,1.0,66,POSITIVE_MOMENTUM,False
16638,High-Value Stable,SOFTENING,United Kingdom,15,2380.13,22,158.6753,129.78,339.5,-0.6177,-0.6667,130,BROAD_ENGAGEMENT_SOFTENING,False
16639,Emerging Engagement,ENGAGED,United Kingdom,4,1747.98,31,436.995,786.36,0.0,1.0,1.0,76,POSITIVE_MOMENTUM,False
16640,Unsegmented (Insufficient History),DORMANT,United Kingdom,1,179.4,397,179.4,0.0,0.0,0.0,0.0,13,None,True
16641,Low-Activity / Long-Recency,DORMANT,United Kingdom,2,554.5,105,277.25,0.0,231.1,-1.0,-1.0,36,None,False
16642,Emerging Engagement,REACTIVATED,United Kingdom,3,1077.45,4,359.15,380.6,0.0,1.0,1.0,50,POSITIVE_MOMENTUM,False
16643,Low-Activity / Long-Recency,DORMANT,United Kingdom,2,923.11,245,461.555,0.0,0.0,0.0,0.0,48,None,False
16644,Low-Activity / Long-Recency,DORMANT,United Kingdom,2,833.78,177,416.89,0.0,111.37,-1.0,-1.0,62,None,False
16645,Unsegmented (Insufficient History),DORMANT,United Kingdom,1,160.39,735,160.39,0.0,0.0,0.0,0.0,14,None,True
16646,Unsegmented (Insufficient History),DORMANT,United Kingdom,1,678.8,449,678.8,0.0,0.0,0.0,0.0,29,None,True
16647,Low-Activity / Long-Recency,DORMANT,United Kingdom,4,541.9,169,135.475,0.0,86.31,-1.0,-1.0,28,None,False
16648,Emerging Engagement,ENGAGED,United Kingdom,3,672.8,42,224.2667,290.66,0.0,1.0,1.0,37,POSITIVE_MOMENTUM,False
16649,Unsegmented (Insufficient History),DORMANT,United Kingdom,1,306.58,520,306.58,0.0,0.0,0.0,0.0,20,None,True
16650,Emerging Engagement,SOFTENING,United Kingdom,7,1916.11,71,273.73,518.42,0.0,1.0,1.0,71,POSITIVE_MOMENTUM,False
16651,Unsegmented (Insufficient History),DORMANT,United Kingdom,1,136.2,586,136.2,0.0,0.0,0.0,0.0,6,None,True
16652,High-Value Stable,ENGAGED,United Kingdom,16,17550.39,58,1096.8994,2248.1,1471.25,0.528,0.0,124,None,False
16653,Unsegmented (Insufficient History),ENGAGED,United Kingdom,2,1212.66,16,606.33,1212.66,0.0,1.0,1.0,67,POSITIVE_MOMENTUM,True
16654,Low-Activity / Long-Recency,DORMANT,United Kingdom,8,1484.07,141,185.5087,0.0,64.02,-1.0,-1.0,64,HIGH_FREQUENCY_LOW_VALUE,False
16655,High-Value Stable,ENGAGED,United Kingdom,13,6423.26,17,494.0969,1922.33,636.49,2.0202,2.0,408,POSITIVE_MOMENTUM,False
16656,High-Value Stable,SOFTENING,United Kingdom,30,16833.17,22,561.1057,1509.12,3559.2,-0.576,-0.2,22,HIGH_VALUE_SOFTENING,False
16657,Emerging Engagement,ENGAGED,United Kingdom,4,874.43,9,218.6075,459.64,199.36,1.3056,1.0,158,POSITIVE_MOMENTUM,False
16658,Low-Activity / Long-Recency,DORMANT,United Kingdom,6,690.83,368,115.1383,0.0,0.0,0.0,0.0,49,None,False
16659,Unsegmented (Insufficient History),DORMANT,United Kingdom,1,39.12,189,39.12,0.0,0.0,0.0,0.0,2,None,True
16660,Emerging Engagement,ENGAGED,United Kingdom,7,1879.55,16,268.5071,883.29,0.0,1.0,1.0,20,POSITIVE_MOMENTUM,False
16661,Low-Activity / Long-Recency,DORMANT,United Kingdom,4,932.76,540,233.19,0.0,0.0,0.0,0.0,50,None,False
16662,Unsegmented (Insufficient History),DORMANT,United Kingdom,1,151.05,394,151.05,0.0,0.0,0.0,0.0,28,None,True
16663,Unsegmented (Insufficient History),DORMANT,United Kingdom,1,165.0,729,165.0,0.0,0.0,0.0,0.0,1,None,True
16664,Unsegmented (Insufficient History),DORMANT,United Kingdom,1,109.2,569,109.2,0.0,0.0,0.0,0.0,8,None,True
16665,Unsegmented (Insufficient History),DORMANT,United Kingdom,1,135.4,362,135.4,0.0,0.0,0.0,0.0,9,None,True
16666,Emerging Engagement,ENGAGED,United Kingdom,2,217.71,19,108.855,118.98,0.0,1.0,1.0,42,POSITIVE_MOMENTUM,False
16667,Emerging Engagement,ENGAGED,United Kingdom,2,567.18,68,283.59,366.78,0.0,1.0,1.0,52,POSITIVE_MOMENTUM,False
16668,Low-Activity / Long-Recency,SOFTENING,United Kingdom,13,862.42,15,66.34,40.2,69.78,-0.4239,-0.5,28,HIGH_FREQUENCY_LOW_VALUE,False
16669,Unsegmented (Insufficient History),SOFTENING,United Kingdom,3,1348.88,23,449.6267,1348.88,0.0,1.0,1.0,141,POSITIVE_MOMENTUM,True
16670,High-Value Stable,ENGAGED,United Kingdom,20,8030.15,16,401.5075,855.93,1291.75,-0.3374,0.0,258,HIGH_VALUE_SOFTENING,False
16671,Low-Activity / Long-Recency,ENGAGED,United Kingdom,3,1692.27,28,564.09,309.39,1382.88,-0.7763,1.0,3,None,False
16672,High-Value Stable,SOFTENING,United Kingdom,20,8134.94,2,406.747,1223.1,2757.5,-0.5564,-0.5714,22,HIGH_VALUE_SOFTENING,False
16673,Unsegmented (Insufficient History),DORMANT,United Kingdom,1,171.13,679,171.13,0.0,0.0,0.0,0.0,19,None,True
16674,Low-Activity / Long-Recency,ENGAGED,United Kingdom,2,304.24,54,152.12,189.14,115.1,0.6433,0.0,89,None,False
16675,Low-Activity / Long-Recency,DORMANT,United Kingdom,2,608.86,441,304.43,0.0,0.0,0.0,0.0,21,None,False
16676,Emerging Engagement,ENGAGED,United Kingdom,6,2361.9,33,393.65,493.62,0.0,1.0,1.0,106,POSITIVE_MOMENTUM,False
16677,Low-Activity / Long-Recency,DORMANT,United Kingdom,2,880.62,411,440.31,0.0,0.0,0.0,0.0,45,None,False
16678,High-Value Stable,ENGAGED,United Kingdom,12,3109.99,2,259.1658,972.69,870.65,0.1172,0.3333,92,None,False
16679,Low-Activity / Long-Recency,DORMANT,United Kingdom,3,663.31,366,221.1033,0.0,0.0,0.0,0.0,15,None,False
16680,Emerging Engagement,ENGAGED,United Kingdom,3,821.45,43,273.8167,183.7,0.0,1.0,1.0,24,POSITIVE_MOMENTUM,False
16681,Emerging Engagement,SOFTENING,United Kingdom,7,1921.84,72,274.5486,437.66,456.84,-0.042,1.0,22,None,False
16682,Low-Activity / Long-Recency,ENGAGED,United Kingdom,5,1028.0,4,205.6,217.78,284.72,-0.2351,0.0,15,None,False
16683,Unsegmented (Insufficient History),DORMANT,United Kingdom,1,320.25,533,320.25,0.0,0.0,0.0,0.0,18,None,True
16684,High-Value Stable,ENGAGED,United Kingdom,55,147142.77,4,2675.3231,32770.06,8807.56,2.7207,1.0,184,POSITIVE_MOMENTUM,False
16685,Unsegmented (Insufficient History),EMERGING,United Kingdom,2,324.24,61,162.12,324.24,0.0,1.0,1.0,60,EMERGING_BROADENING,True
16686,High-Value Stable,SOFTENING,United Kingdom,16,4881.07,47,305.0669,559.94,1204.31,-0.5351,-0.5,549,HIGH_VALUE_SOFTENING,False
16687,Unsegmented (Insufficient History),DORMANT,United Kingdom,1,157.63,390,157.63,0.0,0.0,0.0,0.0,8,None,True
16688,Unsegmented (Insufficient History),EMERGING,United Kingdom,4,1260.86,1,315.215,1260.86,0.0,1.0,1.0,52,EMERGING_BROADENING,True
16689,Unsegmented (Insufficient History),SOFTENING,United Kingdom,2,422.6,75,211.3,422.6,0.0,1.0,1.0,12,POSITIVE_MOMENTUM,True
16690,Emerging Engagement,SOFTENING,United Kingdom,4,353.03,72,88.2575,139.08,0.0,1.0,1.0,12,POSITIVE_MOMENTUM,False
16691,Low-Activity / Long-Recency,DORMANT,United Kingdom,2,178.83,418,89.415,0.0,0.0,0.0,0.0,11,None,False
16692,Low-Activity / Long-Recency,DORMANT,United Kingdom,4,1914.7,256,478.675,0.0,0.0,0.0,0.0,3,None,False
16693,Emerging Engagement,ENGAGED,United Kingdom,5,1179.48,68,235.896,324.45,0.0,1.0,1.0,149,POSITIVE_MOMENTUM,False
16694,Unsegmented (Insufficient History),DORMANT,United Kingdom,1,98.3,723,98.3,0.0,0.0,0.0,0.0,3,None,True
16695,Low-Activity / Long-Recency,DORMANT,United Kingdom,2,191.9,561,95.95,0.0,0.0,0.0,0.0,30,None,False
16696,Low-Activity / Long-Recency,DORMANT,United Kingdom,4,657.9,135,164.475,0.0,99.0,-1.0,-1.0,7,None,False
16697,Unsegmented (Insufficient History),DORMANT,United Kingdom,1,112.75,241,112.75,0.0,0.0,0.0,0.0,20,None,True
16698,Low-Activity / Long-Recency,DORMANT,United Kingdom,2,1998.0,226,999.0,0.0,0.0,0.0,0.0,4,None,False
16699,Low-Activity / Long-Recency,DORMANT,United Kingdom,7,994.6,380,142.0857,0.0,0.0,0.0,0.0,51,None,False
16700,High-Value Stable,SOFTENING,United Kingdom,25,8830.77,8,353.2308,980.6,1147.72,-0.1456,0.0,263,None,False
16701,High-Value Stable,ENGAGED,United Kingdom,26,9916.73,8,381.4127,1347.88,1852.13,-0.2723,-0.25,154,HIGH_VALUE_SOFTENING,False
16702,Low-Activity / Long-Recency,DORMANT,United Kingdom,4,1110.83,415,277.7075,0.0,0.0,0.0,0.0,84,None,False
16704,Low-Activity / Long-Recency,DORMANT,United Kingdom,2,664.16,618,332.08,0.0,0.0,0.0,0.0,50,None,False
16705,High-Value Stable,ENGAGED,United Kingdom,42,43515.051,0,1036.0726,4254.64,3171.86,0.3414,4.0,400,POSITIVE_MOMENTUM,False
16706,Low-Activity / Long-Recency,SOFTENING,United Kingdom,3,531.35,37,177.1167,119.8,411.55,-0.7089,-0.5,108,BROAD_ENGAGEMENT_SOFTENING,False
16707,Low-Activity / Long-Recency,DORMANT,United Kingdom,4,533.41,400,133.3525,0.0,0.0,0.0,0.0,64,None,False
16708,Unsegmented (Insufficient History),EMERGING,United Kingdom,1,656.63,45,656.63,656.63,0.0,1.0,1.0,27,EMERGING_BROADENING,True
16709,High-Value Stable,SOFTENING,United Kingdom,14,9056.01,84,646.8579,1045.28,0.0,1.0,1.0,220,POSITIVE_MOMENTUM,False
16710,High-Value Stable,ENGAGED,United Kingdom,22,5921.35,19,269.1523,632.91,206.25,2.0687,2.0,541,POSITIVE_MOMENTUM,False
16711,Emerging Engagement,ENGAGED,United Kingdom,9,2868.48,3,318.72,741.16,311.07,1.3826,1.0,26,POSITIVE_MOMENTUM,False
16712,High-Value Stable,ENGAGED,United Kingdom,13,4232.87,9,325.6054,1121.5,1291.59,-0.1317,-0.25,301,BROAD_ENGAGEMENT_SOFTENING,False
16713,High-Value Stable,ENGAGED,United Kingdom,32,14115.56,18,441.1113,2940.01,1359.14,1.1631,0.3333,541,POSITIVE_MOMENTUM,False
16714,Low-Activity / Long-Recency,DORMANT,United Kingdom,4,1497.33,218,374.3325,0.0,0.0,0.0,0.0,95,None,False
16715,Emerging Engagement,SOFTENING,United Kingdom,2,625.52,78,312.76,301.72,0.0,1.0,1.0,27,POSITIVE_MOMENTUM,False
16716,Low-Activity / Long-Recency,DORMANT,United Kingdom,3,2149.68,266,716.56,0.0,0.0,0.0,0.0,7,None,False
16717,High-Value Stable,ENGAGED,United Kingdom,14,6663.68,23,475.9771,2283.42,1252.41,0.8232,-0.3333,274,BROAD_ENGAGEMENT_SOFTENING,False
16718,Low-Activity / Long-Recency,DORMANT,United Kingdom,5,3006.08,369,601.216,0.0,0.0,0.0,0.0,123,HISTORICAL_VALUE_DORMANT,False
16719,High-Value Stable,SOFTENING,United Kingdom,14,3513.62,14,250.9729,486.34,308.2,0.578,1.0,204,POSITIVE_MOMENTUM,False
16720,Emerging Engagement,ENGAGED,United Kingdom,3,758.74,26,252.9133,152.95,0.0,1.0,1.0,130,POSITIVE_MOMENTUM,False
16721,Unsegmented (Insufficient History),DORMANT,United Kingdom,1,292.47,262,292.47,0.0,0.0,0.0,0.0,37,None,True
16722,High-Value Stable,SOFTENING,United Kingdom,22,8189.56,17,372.2527,1074.23,1403.12,-0.2344,-0.25,145,BROAD_ENGAGEMENT_SOFTENING,False
16723,Low-Activity / Long-Recency,SOFTENING,United Kingdom,4,1231.36,91,307.84,0.0,576.4,-1.0,-1.0,108,BROAD_ENGAGEMENT_SOFTENING,False
16724,Unsegmented (Insufficient History),DORMANT,United Kingdom,1,147.35,404,147.35,0.0,0.0,0.0,0.0,17,None,True
16725,High-Value Stable,DORMANT,United Kingdom,14,1688.26,302,120.59,0.0,0.0,0.0,0.0,242,HIGH_FREQUENCY_LOW_VALUE,False
16726,Emerging Engagement,ENGAGED,United Kingdom,7,2063.88,26,294.84,581.58,0.0,1.0,1.0,150,POSITIVE_MOMENTUM,False
16727,Low-Activity / Long-Recency,DORMANT,United Kingdom,4,1377.77,364,344.4425,0.0,0.0,0.0,0.0,158,None,False
16728,Emerging Engagement,ENGAGED,United Kingdom,4,1048.28,46,262.07,499.97,221.38,1.2584,0.0,218,None,False
16729,High-Value Stable,SOFTENING,United Kingdom,21,7205.33,38,343.111,1862.06,1975.04,-0.0572,-0.3333,234,BROAD_ENGAGEMENT_SOFTENING,False
16730,Emerging Engagement,ENGAGED,United Kingdom,3,743.11,52,247.7033,262.17,0.0,1.0,1.0,75,POSITIVE_MOMENTUM,False
16731,Unsegmented (Insufficient History),DORMANT,United Kingdom,1,170.3,648,170.3,0.0,0.0,0.0,0.0,40,None,True
16732,Emerging Engagement,ENGAGED,United Kingdom,4,4387.64,31,1096.91,603.75,0.0,1.0,1.0,199,POSITIVE_MOMENTUM,False
16733,Unsegmented (Insufficient History),DORMANT,United Kingdom,1,259.68,529,259.68,0.0,0.0,0.0,0.0,12,None,True
16734,Low-Activity / Long-Recency,SOFTENING,United Kingdom,3,646.76,52,215.5867,344.35,302.41,0.1387,-0.5,44,None,False
16735,High-Value Stable,SOFTENING,United Kingdom,14,6217.41,78,444.1007,306.26,896.38,-0.6583,-0.5,178,HIGH_VALUE_SOFTENING,False
16736,Low-Activity / Long-Recency,DORMANT,United Kingdom,5,2956.56,505,591.312,0.0,0.0,0.0,0.0,116,HISTORICAL_VALUE_DORMANT,False
16737,Emerging Engagement,ENGAGED,United Kingdom,2,835.2,53,417.6,417.6,0.0,1.0,1.0,1,POSITIVE_MOMENTUM,False
16738,Unsegmented (Insufficient History),DORMANT,United Kingdom,1,3.75,297,3.75,0.0,0.0,0.0,0.0,1,None,True
16739,Low-Activity / Long-Recency,DORMANT,United Kingdom,2,786.43,176,393.215,0.0,323.0,-1.0,-1.0,33,None,False
16740,Unsegmented (Insufficient History),DORMANT,United Kingdom,1,226.91,395,226.91,0.0,0.0,0.0,0.0,30,None,True
16741,Unsegmented (Insufficient History),DORMANT,United Kingdom,1,173.06,625,173.06,0.0,0.0,0.0,0.0,11,None,True
16742,High-Value Stable,ENGAGED,United Kingdom,14,2799.87,46,199.9907,464.9,0.0,1.0,1.0,51,POSITIVE_MOMENTUM,False
16743,High-Value Stable,SOFTENING,United Kingdom,14,4212.15,29,300.8679,352.23,799.15,-0.5592,-0.6667,118,HIGH_VALUE_SOFTENING,False
16744,High-Value Stable,ENGAGED,United Kingdom,7,1291.91,11,184.5586,892.8,399.11,1.237,0.3333,198,POSITIVE_MOMENTUM,False
16745,High-Value Stable,SOFTENING,United Kingdom,17,7180.7,86,422.3941,821.6,2249.66,-0.6348,-0.8333,148,HIGH_VALUE_SOFTENING,False
16746,High-Value Stable,SOFTENING,United Kingdom,42,18046.75,4,429.6845,2276.58,1531.9,0.4861,0.5,390,POSITIVE_MOMENTUM,False
16747,Unsegmented (Insufficient History),EMERGING,United Kingdom,2,836.06,37,418.03,836.06,0.0,1.0,1.0,34,EMERGING_BROADENING,True
16748,High-Value Stable,ENGAGED,United Kingdom,14,3637.33,17,259.8093,605.7,0.0,1.0,1.0,55,POSITIVE_MOMENTUM,False
16749,Low-Activity / Long-Recency,DORMANT,United Kingdom,2,4157.88,591,2078.94,0.0,0.0,0.0,0.0,53,HISTORICAL_VALUE_DORMANT,False
16750,Low-Activity / Long-Recency,SOFTENING,United Kingdom,5,623.93,44,124.786,207.81,297.42,-0.3013,0.0,74,None,False
16751,Unsegmented (Insufficient History),EMERGING,United Kingdom,1,1764.72,30,1764.72,1764.72,0.0,1.0,1.0,24,EMERGING_BROADENING,True
16752,Unsegmented (Insufficient History),DORMANT,United Kingdom,1,207.5,372,207.5,0.0,0.0,0.0,0.0,9,None,True
16753,Unsegmented (Insufficient History),EMERGING,United Kingdom,1,223.92,58,223.92,223.92,0.0,1.0,1.0,34,EMERGING_BROADENING,True
16754,High-Value Stable,DORMANT,United Kingdom,29,65500.07,372,2258.6231,0.0,0.0,0.0,0.0,38,HISTORICAL_VALUE_DORMANT,False
16755,High-Value Stable,DORMANT,United Kingdom,7,2864.68,114,409.24,0.0,566.96,-1.0,-1.0,219,BROAD_ENGAGEMENT_SOFTENING,False
16756,Low-Activity / Long-Recency,DORMANT,United Kingdom,7,1312.37,214,187.4814,0.0,0.0,0.0,0.0,64,None,False
16757,Low-Activity / Long-Recency,DORMANT,United Kingdom,2,270.48,318,135.24,0.0,0.0,0.0,0.0,13,None,False
16758,Unsegmented (Insufficient History),EMERGING,United Kingdom,1,369.34,65,369.34,369.34,0.0,1.0,1.0,22,EMERGING_BROADENING,True
16759,Unsegmented (Insufficient History),EMERGING,United Kingdom,3,789.79,7,263.2633,789.79,0.0,1.0,1.0,40,EMERGING_BROADENING,True
16760,Unsegmented (Insufficient History),DORMANT,United Kingdom,1,228.0,430,228.0,0.0,0.0,0.0,0.0,17,None,True
16761,Unsegmented (Insufficient History),SOFTENING,United Kingdom,1,316.62,96,316.62,0.0,316.62,-1.0,-1.0,13,None,True
16762,Emerging Engagement,ENGAGED,United Kingdom,3,1207.24,19,402.4133,893.09,314.15,1.8429,1.0,51,POSITIVE_MOMENTUM,False
16763,Low-Activity / Long-Recency,DORMANT,United Kingdom,2,964.7,198,482.35,0.0,0.0,0.0,0.0,44,None,False
16764,High-Value Stable,ENGAGED,United Kingdom,13,2790.95,3,214.6885,2008.4,782.55,1.5665,1.25,209,POSITIVE_MOMENTUM,False
16765,Low-Activity / Long-Recency,DORMANT,United Kingdom,2,454.75,294,227.375,0.0,0.0,0.0,0.0,52,None,False
16766,Low-Activity / Long-Recency,DORMANT,United Kingdom,2,1145.6,273,572.8,0.0,0.0,0.0,0.0,17,None,False
16767,High-Value Stable,ENGAGED,United Kingdom,15,8056.76,30,537.1173,755.1,1777.26,-0.5751,0.3333,209,HIGH_VALUE_SOFTENING,False
16768,High-Value Stable,ENGAGED,United Kingdom,9,1698.57,47,188.73,191.6,103.24,0.8559,0.0,108,HIGH_FREQUENCY_LOW_VALUE,False
16769,Low-Activity / Long-Recency,DORMANT,United Kingdom,4,1117.05,260,279.2625,0.0,0.0,0.0,0.0,76,None,False
16770,High-Value Stable,ENGAGED,United Kingdom,9,1778.93,57,197.6589,107.72,0.0,1.0,1.0,202,POSITIVE_MOMENTUM,False
16771,High-Value Stable,ENGAGED,United Kingdom,10,3949.6,33,394.96,590.86,0.0,1.0,1.0,303,POSITIVE_MOMENTUM,False
16772,Low-Activity / Long-Recency,DORMANT,United Kingdom,3,3698.05,423,1232.6833,0.0,0.0,0.0,0.0,54,HISTORICAL_VALUE_DORMANT,False
16773,Emerging Engagement,ENGAGED,United Kingdom,3,421.24,57,140.4133,171.59,0.0,1.0,1.0,53,POSITIVE_MOMENTUM,False
16774,Low-Activity / Long-Recency,SOFTENING,United Kingdom,8,1567.48,67,195.935,119.32,542.2,-0.7799,-0.6667,89,BROAD_ENGAGEMENT_SOFTENING,False
16775,High-Value Stable,SOFTENING,United Kingdom,16,2820.84,10,176.3025,516.96,482.75,0.0709,-0.25,132,BROAD_ENGAGEMENT_SOFTENING,False
16776,Emerging Engagement,ENGAGED,United Kingdom,2,592.51,60,296.255,371.54,0.0,1.0,1.0,105,POSITIVE_MOMENTUM,False
16777,Emerging Engagement,SOFTENING,United Kingdom,5,1292.18,80,258.436,49.1,0.0,1.0,1.0,125,POSITIVE_MOMENTUM,False
16778,Emerging Engagement,SOFTENING,United Kingdom,2,245.94,74,122.97,152.76,0.0,1.0,1.0,16,POSITIVE_MOMENTUM,False
16779,High-Value Stable,ENGAGED,United Kingdom,53,32809.03,2,619.0383,4234.99,2133.01,0.9855,0.75,293,POSITIVE_MOMENTUM,False
16780,Low-Activity / Long-Recency,DORMANT,United Kingdom,3,596.4,100,198.8,0.0,260.35,-1.0,-1.0,73,None,False
16781,Low-Activity / Long-Recency,DORMANT,United Kingdom,2,623.0,372,311.5,0.0,0.0,0.0,0.0,36,None,False
16782,High-Value Stable,ENGAGED,United Kingdom,38,9636.12,10,253.5821,637.55,294.05,1.1682,1.0,575,POSITIVE_MOMENTUM,False
16783,Unsegmented (Insufficient History),DORMANT,United Kingdom,1,391.95,436,391.95,0.0,0.0,0.0,0.0,25,None,True
16784,Emerging Engagement,ENGAGED,United Kingdom,5,892.33,19,178.466,107.6,0.0,1.0,1.0,138,POSITIVE_MOMENTUM,False
16785,Unsegmented (Insufficient History),DORMANT,United Kingdom,1,533.78,409,533.78,0.0,0.0,0.0,0.0,35,None,True
16786,Unsegmented (Insufficient History),DORMANT,United Kingdom,1,51.84,393,51.84,0.0,0.0,0.0,0.0,1,None,True
16787,Low-Activity / Long-Recency,DORMANT,United Kingdom,4,1017.53,397,254.3825,0.0,0.0,0.0,0.0,102,None,False
16788,Low-Activity / Long-Recency,DORMANT,United Kingdom,5,1928.93,123,385.786,0.0,299.92,-1.0,-1.0,348,BROAD_ENGAGEMENT_SOFTENING,False
16789,Unsegmented (Insufficient History),EMERGING,United Kingdom,1,80.8,8,80.8,80.8,0.0,1.0,1.0,5,EMERGING_BROADENING,True
16790,Unsegmented (Insufficient History),EMERGING,United Kingdom,6,1545.62,3,257.6033,1545.62,0.0,1.0,1.0,88,EMERGING_BROADENING,True
16791,High-Value Stable,ENGAGED,United Kingdom,15,3957.63,29,263.842,913.91,224.12,3.0778,1.0,393,POSITIVE_MOMENTUM,False
16792,Low-Activity / Long-Recency,DORMANT,United Kingdom,5,623.46,282,124.692,0.0,0.0,0.0,0.0,90,None,False
16793,Unsegmented (Insufficient History),EMERGING,United Kingdom,1,243.84,57,243.84,243.84,0.0,1.0,1.0,16,EMERGING_BROADENING,True
16794,High-Value Stable,ENGAGED,United Kingdom,15,2052.7,1,136.8467,589.45,353.76,0.6662,1.0,245,HIGH_FREQUENCY_LOW_VALUE,False
16795,Low-Activity / Long-Recency,DORMANT,United Kingdom,3,2062.41,365,687.47,0.0,0.0,0.0,0.0,306,None,False
16796,Unsegmented (Insufficient History),SOFTENING,United Kingdom,1,305.62,89,305.62,305.62,0.0,1.0,1.0,18,POSITIVE_MOMENTUM,True
16797,Low-Activity / Long-Recency,DORMANT,United Kingdom,5,1802.02,393,360.404,0.0,0.0,0.0,0.0,289,None,False
16798,Low-Activity / Long-Recency,DORMANT,United Kingdom,3,841.16,554,280.3867,0.0,0.0,0.0,0.0,141,None,False
16799,Low-Activity / Long-Recency,DORMANT,United Kingdom,2,452.78,432,226.39,0.0,0.0,0.0,0.0,81,None,False
16800,Unsegmented (Insufficient History),EMERGING,United Kingdom,1,1162.65,11,1162.65,1162.65,0.0,1.0,1.0,148,EMERGING_BROADENING,True
16801,Low-Activity / Long-Recency,DORMANT,United Kingdom,4,1594.23,163,398.5575,0.0,140.85,-1.0,-1.0,72,None,False
16802,Low-Activity / Long-Recency,DORMANT,United Kingdom,2,582.61,679,291.305,0.0,0.0,0.0,0.0,48,None,False
16803,Unsegmented (Insufficient History),EMERGING,United Kingdom,1,332.3,65,332.3,332.3,0.0,1.0,1.0,24,EMERGING_BROADENING,True
16804,Emerging Engagement,ENGAGED,United Kingdom,3,536.99,23,178.9967,418.94,0.0,1.0,1.0,59,POSITIVE_MOMENTUM,False
16805,Low-Activity / Long-Recency,DORMANT,United Kingdom,5,1091.34,173,218.268,0.0,245.82,-1.0,-1.0,213,BROAD_ENGAGEMENT_SOFTENING,False
16806,Low-Activity / Long-Recency,DORMANT,United Kingdom,4,762.16,103,190.54,0.0,365.53,-1.0,-1.0,68,None,False
16807,Low-Activity / Long-Recency,DORMANT,United Kingdom,6,2123.88,142,353.98,0.0,469.76,-1.0,-1.0,107,BROAD_ENGAGEMENT_SOFTENING,False
16808,Low-Activity / Long-Recency,SOFTENING,United Kingdom,2,288.42,99,144.21,0.0,121.92,-1.0,-1.0,21,None,False
16809,Emerging Engagement,ENGAGED,United Kingdom,9,1727.43,23,191.9367,444.0,127.61,2.4794,1.0,113,POSITIVE_MOMENTUM,False
16810,Low-Activity / Long-Recency,DORMANT,United Kingdom,2,842.04,192,421.02,0.0,0.0,0.0,0.0,34,None,False
16811,Unsegmented (Insufficient History),EMERGING,United Kingdom,2,547.07,4,273.535,547.07,0.0,1.0,1.0,26,EMERGING_BROADENING,True
16812,Low-Activity / Long-Recency,DORMANT,United Kingdom,4,2392.0,360,598.0,0.0,0.0,0.0,0.0,98,None,False
16813,High-Value Stable,SOFTENING,United Kingdom,10,1652.18,8,165.218,505.34,845.18,-0.4021,-0.4,248,HIGH_FREQUENCY_LOW_VALUE,False
16814,High-Value Stable,ENGAGED,United Kingdom,36,11924.85,14,331.2458,1285.01,1033.83,0.243,0.25,247,None,False
16815,Low-Activity / Long-Recency,DORMANT,United Kingdom,2,406.02,453,203.01,0.0,0.0,0.0,0.0,66,None,False
16816,Low-Activity / Long-Recency,DORMANT,United Kingdom,4,417.06,103,104.265,0.0,91.61,-1.0,-1.0,28,None,False
16817,High-Value Stable,ENGAGED,United Kingdom,13,2560.7,2,196.9769,425.32,0.0,1.0,1.0,107,POSITIVE_MOMENTUM,False
16818,High-Value Stable,SOFTENING,United Kingdom,11,3349.57,10,304.5064,821.1,1335.3,-0.3851,-0.6,172,BROAD_ENGAGEMENT_SOFTENING,False
16819,Low-Activity / Long-Recency,DORMANT,United Kingdom,2,182.59,465,91.295,0.0,0.0,0.0,0.0,17,None,False
16820,Unsegmented (Insufficient History),SOFTENING,United Kingdom,1,497.61,95,497.61,0.0,497.61,-1.0,-1.0,26,None,True
16821,Unsegmented (Insufficient History),DORMANT,United Kingdom,1,113.35,381,113.35,0.0,0.0,0.0,0.0,7,None,True
16822,Unsegmented (Insufficient History),DORMANT,United Kingdom,1,181.39,686,181.39,0.0,0.0,0.0,0.0,11,None,True
16823,High-Value Stable,DORMANT,United Kingdom,7,2243.09,227,320.4414,0.0,0.0,0.0,0.0,149,None,False
16824,Low-Activity / Long-Recency,ENGAGED,United Kingdom,3,686.24,15,228.7467,237.74,222.9,0.0666,0.0,34,None,False
16825,Emerging Engagement,ENGAGED,United Kingdom,5,1826.89,38,365.378,456.48,0.0,1.0,1.0,48,POSITIVE_MOMENTUM,False
16826,Unsegmented (Insufficient History),EMERGING,United Kingdom,1,341.7,51,341.7,341.7,0.0,1.0,1.0,22,EMERGING_BROADENING,True
16827,Low-Activity / Long-Recency,DORMANT,United Kingdom,5,392.13,393,78.426,0.0,0.0,0.0,0.0,10,None,False
16828,Low-Activity / Long-Recency,SOFTENING,United Kingdom,2,128.5,93,64.25,0.0,128.5,-1.0,-1.0,8,None,False
16829,Low-Activity / Long-Recency,DORMANT,United Kingdom,2,513.32,156,256.66,0.0,197.22,-1.0,-1.0,25,None,False
16830,Emerging Engagement,ENGAGED,United Kingdom,4,1207.5,38,301.875,325.91,0.0,1.0,1.0,65,POSITIVE_MOMENTUM,False
16831,Unsegmented (Insufficient History),DORMANT,United Kingdom,1,91.8,564,91.8,0.0,0.0,0.0,0.0,6,None,True
16832,Low-Activity / Long-Recency,DORMANT,United Kingdom,5,417.61,184,83.522,0.0,0.0,0.0,0.0,19,None,False
16833,Emerging Engagement,REACTIVATED,United Kingdom,6,2409.04,1,401.5067,435.24,0.0,1.0,1.0,87,POSITIVE_MOMENTUM,False
16834,Low-Activity / Long-Recency,DORMANT,United Kingdom,2,898.96,227,449.48,0.0,0.0,0.0,0.0,43,None,False
16835,Low-Activity / Long-Recency,DORMANT,United Kingdom,6,1456.66,128,242.7767,0.0,99.1,-1.0,-1.0,58,None,False
16836,Emerging Engagement,ENGAGED,United Kingdom,4,782.37,39,195.5925,160.55,91.32,0.7581,0.0,42,None,False
16837,Emerging Engagement,ENGAGED,United Kingdom,11,3170.98,31,288.2709,1259.24,97.0,11.9819,1.0,123,POSITIVE_MOMENTUM,False
16838,Low-Activity / Long-Recency,DORMANT,United Kingdom,4,1159.61,197,289.9025,0.0,0.0,0.0,0.0,53,None,False
16839,High-Value Stable,ENGAGED,United Kingdom,44,21758.25,8,494.5057,5725.07,3826.01,0.4964,0.5,132,POSITIVE_MOMENTUM,False
16840,Low-Activity / Long-Recency,DORMANT,United Kingdom,2,139.85,603,69.925,0.0,0.0,0.0,0.0,9,None,False
16841,High-Value Stable,ENGAGED,United Kingdom,12,4006.06,36,333.8383,308.76,617.88,-0.5003,-0.5,187,HIGH_VALUE_SOFTENING,False
16842,Low-Activity / Long-Recency,DORMANT,United Kingdom,3,1264.19,100,421.3967,0.0,743.62,-1.0,-1.0,45,None,False
16843,High-Value Stable,SOFTENING,United Kingdom,35,19571.43,42,559.1837,1387.33,4967.34,-0.7207,-0.5714,317,HIGH_VALUE_SOFTENING,False
16844,Low-Activity / Long-Recency,DORMANT,United Kingdom,2,614.34,562,307.17,0.0,0.0,0.0,0.0,26,None,False
16845,Unsegmented (Insufficient History),DORMANT,United Kingdom,1,253.88,618,253.88,0.0,0.0,0.0,0.0,20,None,True
16846,Emerging Engagement,ENGAGED,United Kingdom,3,842.41,50,280.8033,214.32,0.0,1.0,1.0,47,POSITIVE_MOMENTUM,False
16847,Emerging Engagement,ENGAGED,United Kingdom,2,614.89,43,307.445,193.44,0.0,1.0,1.0,37,POSITIVE_MOMENTUM,False
16848,Emerging Engagement,ENGAGED,United Kingdom,4,1411.62,52,352.905,281.42,0.0,1.0,1.0,75,POSITIVE_MOMENTUM,False
16849,Unsegmented (Insufficient History),DORMANT,United Kingdom,1,124.57,186,124.57,0.0,0.0,0.0,0.0,8,None,True
16850,Unsegmented (Insufficient History),DORMANT,United Kingdom,1,332.41,333,332.41,0.0,0.0,0.0,0.0,19,None,True
16851,Unsegmented (Insufficient History),EMERGING,United Kingdom,3,342.45,4,114.15,342.45,0.0,1.0,1.0,17,EMERGING_BROADENING,True
16852,Low-Activity / Long-Recency,ENGAGED,United Kingdom,2,144.91,10,72.455,31.85,113.06,-0.7183,0.0,9,None,False
16854,Low-Activity / Long-Recency,DORMANT,United Kingdom,2,1408.96,417,704.48,0.0,0.0,0.0,0.0,72,None,False
16855,Unsegmented (Insufficient History),EMERGING,United Kingdom,2,328.4,23,164.2,328.4,0.0,1.0,1.0,19,EMERGING_BROADENING,True
16856,Emerging Engagement,ENGAGED,United Kingdom,3,358.49,14,119.4967,35.4,0.0,1.0,1.0,16,POSITIVE_MOMENTUM,False
16857,Unsegmented (Insufficient History),DORMANT,United Kingdom,1,352.8,442,352.8,0.0,0.0,0.0,0.0,11,None,True
16858,High-Value Stable,DORMANT,United Kingdom,10,4292.59,368,429.259,0.0,0.0,0.0,0.0,75,HISTORICAL_VALUE_DORMANT,False
16859,Low-Activity / Long-Recency,DORMANT,United Kingdom,7,1932.41,144,276.0586,0.0,487.97,-1.0,-1.0,87,BROAD_ENGAGEMENT_SOFTENING,False
16860,Low-Activity / Long-Recency,DORMANT,United Kingdom,3,1610.62,452,536.8733,0.0,0.0,0.0,0.0,35,None,False
16861,Low-Activity / Long-Recency,ENGAGED,United Kingdom,5,946.59,59,189.318,102.96,70.8,0.4542,0.0,39,None,False
16862,Low-Activity / Long-Recency,DORMANT,United Kingdom,4,662.33,547,165.5825,0.0,0.0,0.0,0.0,34,None,False
16863,Emerging Engagement,ENGAGED,United Kingdom,3,834.27,31,278.09,338.55,0.0,1.0,1.0,43,POSITIVE_MOMENTUM,False
16864,Low-Activity / Long-Recency,DORMANT,United Kingdom,2,409.25,434,204.625,0.0,0.0,0.0,0.0,17,None,False
16865,Unsegmented (Insufficient History),DORMANT,United Kingdom,1,130.95,401,130.95,0.0,0.0,0.0,0.0,15,None,True
16866,Low-Activity / Long-Recency,DORMANT,United Kingdom,3,207.74,140,69.2467,0.0,207.74,-1.0,-1.0,10,None,False
16867,Unsegmented (Insufficient History),DORMANT,United Kingdom,1,76.74,689,76.74,0.0,0.0,0.0,0.0,6,None,True
16868,Low-Activity / Long-Recency,DORMANT,United Kingdom,3,384.56,394,128.1867,0.0,0.0,0.0,0.0,47,None,False
16869,Low-Activity / Long-Recency,ENGAGED,United Kingdom,4,817.12,22,204.28,429.44,387.68,0.1077,0.0,113,None,False
16870,Unsegmented (Insufficient History),DORMANT,United Kingdom,1,450.16,469,450.16,0.0,0.0,0.0,0.0,28,None,True
16871,Emerging Engagement,ENGAGED,United Kingdom,6,2812.34,22,468.7233,774.52,0.0,1.0,1.0,131,POSITIVE_MOMENTUM,False
16872,Emerging Engagement,SOFTENING,United Kingdom,6,1213.13,77,202.1883,215.34,76.32,1.8215,0.0,12,None,False
16873,High-Value Stable,ENGAGED,United Kingdom,12,14617.39,4,1218.1158,3252.15,638.02,4.0973,1.0,252,POSITIVE_MOMENTUM,False
16874,Unsegmented (Insufficient History),DORMANT,United Kingdom,1,209.89,379,209.89,0.0,0.0,0.0,0.0,31,None,True
16875,High-Value Stable,ENGAGED,United Kingdom,11,4234.53,67,384.9573,957.33,333.11,1.8739,0.0,161,None,False
16876,Unsegmented (Insufficient History),DORMANT,United Kingdom,1,136.01,403,136.01,0.0,0.0,0.0,0.0,32,None,True
16877,Emerging Engagement,ENGAGED,United Kingdom,6,846.62,12,141.1033,657.64,111.23,4.9124,3.0,111,POSITIVE_MOMENTUM,False
16878,Unsegmented (Insufficient History),SOFTENING,United Kingdom,1,13.3,84,13.3,13.3,0.0,1.0,1.0,3,POSITIVE_MOMENTUM,True
16880,High-Value Stable,SOFTENING,United Kingdom,8,1813.21,30,226.6513,398.31,823.24,-0.5162,-0.8,130,BROAD_ENGAGEMENT_SOFTENING,False
16881,Unsegmented (Insufficient History),EMERGING,United Kingdom,1,432.0,66,432.0,432.0,0.0,1.0,1.0,1,EMERGING_BROADENING,True
16882,Emerging Engagement,ENGAGED,United Kingdom,3,705.12,66,235.04,489.42,0.0,1.0,1.0,39,POSITIVE_MOMENTUM,False
16883,High-Value Stable,DORMANT,United Kingdom,19,2246.06,187,118.2137,0.0,0.0,0.0,0.0,159,HIGH_FREQUENCY_LOW_VALUE,False
16884,Emerging Engagement,ENGAGED,United Kingdom,4,1070.97,37,267.7425,429.84,0.0,1.0,1.0,64,POSITIVE_MOMENTUM,False
16885,Emerging Engagement,ENGAGED,United Kingdom,4,684.6,15,171.15,272.46,0.0,1.0,1.0,121,POSITIVE_MOMENTUM,False
16886,Unsegmented (Insufficient History),DORMANT,United Kingdom,1,134.0,456,134.0,0.0,0.0,0.0,0.0,8,None,True
16887,Emerging Engagement,ENGAGED,United Kingdom,3,658.17,35,219.39,192.33,0.0,1.0,1.0,94,POSITIVE_MOMENTUM,False
16888,Low-Activity / Long-Recency,DORMANT,United Kingdom,3,434.2,400,144.7333,0.0,0.0,0.0,0.0,44,None,False
16889,High-Value Stable,DORMANT,United Kingdom,6,2526.65,194,421.1083,0.0,0.0,0.0,0.0,163,None,False
16890,Low-Activity / Long-Recency,DORMANT,United Kingdom,3,285.41,476,95.1367,0.0,0.0,0.0,0.0,17,None,False
16891,High-Value Stable,ENGAGED,United Kingdom,11,1727.94,1,157.0855,226.64,298.53,-0.2408,0.0,335,HIGH_FREQUENCY_LOW_VALUE,False
16892,Emerging Engagement,ENGAGED,United Kingdom,7,754.75,1,107.8214,415.21,0.0,1.0,1.0,119,POSITIVE_MOMENTUM,False
16893,Low-Activity / Long-Recency,DORMANT,United Kingdom,2,249.89,366,124.945,0.0,0.0,0.0,0.0,80,None,False
16894,Low-Activity / Long-Recency,DORMANT,United Kingdom,3,1306.96,502,435.6533,0.0,0.0,0.0,0.0,186,None,False
16895,Emerging Engagement,ENGAGED,United Kingdom,5,1102.9,64,220.58,202.27,0.0,1.0,1.0,135,POSITIVE_MOMENTUM,False
16896,Unsegmented (Insufficient History),DORMANT,United Kingdom,1,103.95,555,103.95,0.0,0.0,0.0,0.0,18,None,True
16897,Low-Activity / Long-Recency,DORMANT,United Kingdom,2,289.78,299,144.89,0.0,0.0,0.0,0.0,37,None,False
16898,High-Value Stable,ENGAGED,United Kingdom,5,885.21,26,177.042,187.26,201.69,-0.0715,0.0,223,None,False
16899,Emerging Engagement,ENGAGED,United Kingdom,8,1695.77,7,211.9712,760.88,162.63,3.6786,2.0,101,POSITIVE_MOMENTUM,False
16900,Unsegmented (Insufficient History),EMERGING,United Kingdom,3,887.11,16,295.7033,887.11,0.0,1.0,1.0,78,EMERGING_BROADENING,True
16901,Unsegmented (Insufficient History),DORMANT,United Kingdom,1,204.26,729,204.26,0.0,0.0,0.0,0.0,23,None,True
16902,Unsegmented (Insufficient History),DORMANT,United Kingdom,1,1706.88,116,1706.88,0.0,1706.88,-1.0,-1.0,43,None,True
16903,Emerging Engagement,ENGAGED,United Kingdom,3,1041.75,29,347.25,363.2,0.0,1.0,1.0,148,POSITIVE_MOMENTUM,False
16904,High-Value Stable,SOFTENING,United Kingdom,21,4675.36,4,222.6362,705.2,1713.4,-0.5884,-0.75,484,HIGH_VALUE_SOFTENING,False
16905,High-Value Stable,ENGAGED,United Kingdom,17,4706.77,5,276.8688,2215.42,0.0,1.0,1.0,171,POSITIVE_MOMENTUM,False
16906,Emerging Engagement,SOFTENING,United Kingdom,7,1410.92,81,201.56,166.6,0.0,1.0,1.0,180,POSITIVE_MOMENTUM,False
16907,High-Value Stable,ENGAGED,United Kingdom,9,1470.89,29,163.4322,269.77,127.88,1.1096,0.0,109,HIGH_FREQUENCY_LOW_VALUE,False
16908,Unsegmented (Insufficient History),DORMANT,United Kingdom,1,252.59,722,252.59,0.0,0.0,0.0,0.0,20,None,True
16909,Unsegmented (Insufficient History),SOFTENING,United Kingdom,1,379.14,72,379.14,379.14,0.0,1.0,1.0,18,POSITIVE_MOMENTUM,True
16910,Emerging Engagement,ENGAGED,United Kingdom,8,1508.96,4,188.62,1397.18,111.78,11.4994,6.0,318,POSITIVE_MOMENTUM,False
16911,Low-Activity / Long-Recency,DORMANT,United Kingdom,2,255.25,635,127.625,0.0,0.0,0.0,0.0,30,None,False
16912,High-Value Stable,ENGAGED,United Kingdom,15,4460.51,28,297.3673,1017.0,392.72,1.5896,1.0,130,POSITIVE_MOMENTUM,False
16913,Low-Activity / Long-Recency,DORMANT,United Kingdom,3,423.91,290,141.3033,0.0,0.0,0.0,0.0,18,None,False
16914,Unsegmented (Insufficient History),EMERGING,United Kingdom,1,183.76,36,183.76,183.76,0.0,1.0,1.0,25,EMERGING_BROADENING,True
16915,High-Value Stable,ENGAGED,United Kingdom,11,1543.18,9,140.2891,239.29,215.6,0.1099,0.0,54,HIGH_FREQUENCY_LOW_VALUE,False
16916,Emerging Engagement,ENGAGED,United Kingdom,4,902.02,23,225.505,365.98,0.0,1.0,1.0,180,POSITIVE_MOMENTUM,False
16917,Low-Activity / Long-Recency,DORMANT,United Kingdom,2,1851.88,276,925.94,0.0,0.0,0.0,0.0,45,None,False
16918,High-Value Stable,ENGAGED,United Kingdom,16,3206.54,49,200.4087,246.12,546.92,-0.55,0.5,280,HIGH_VALUE_SOFTENING,False
16919,High-Value Stable,DORMANT,United Kingdom,24,4909.66,156,204.5692,0.0,536.9,-1.0,-1.0,230,HIGH_VALUE_SOFTENING,False
16920,Unsegmented (Insufficient History),DORMANT,United Kingdom,1,355.45,411,355.45,0.0,0.0,0.0,0.0,23,None,True
16921,Emerging Engagement,ENGAGED,United Kingdom,3,409.21,61,136.4033,154.18,0.0,1.0,1.0,78,POSITIVE_MOMENTUM,False
16922,Unsegmented (Insufficient History),DORMANT,United Kingdom,1,611.08,572,611.08,0.0,0.0,0.0,0.0,122,None,True
16923,High-Value Stable,ENGAGED,United Kingdom,32,13157.13,12,411.1603,2305.14,1079.2,1.136,0.6667,431,POSITIVE_MOMENTUM,False
16924,Unsegmented (Insufficient History),ENGAGED,United Kingdom,3,829.89,21,276.63,829.89,0.0,1.0,1.0,69,POSITIVE_MOMENTUM,True
16925,Unsegmented (Insufficient History),DORMANT,United Kingdom,1,125.65,540,125.65,0.0,0.0,0.0,0.0,18,None,True
16926,Low-Activity / Long-Recency,DORMANT,United Kingdom,5,1169.61,371,233.922,0.0,0.0,0.0,0.0,63,None,False
16927,Low-Activity / Long-Recency,DORMANT,United Kingdom,3,543.05,115,181.0167,0.0,201.6,-1.0,-1.0,5,None,False
16928,High-Value Stable,SOFTENING,United Kingdom,29,3897.53,80,134.3976,444.05,1268.59,-0.65,-0.75,135,HIGH_VALUE_SOFTENING,False
16929,Emerging Engagement,ENGAGED,United Kingdom,7,1295.39,3,185.0557,866.51,428.88,1.0204,1.5,51,POSITIVE_MOMENTUM,False
16930,Unsegmented (Insufficient History),EMERGING,United Kingdom,3,378.89,26,126.2967,378.89,0.0,1.0,1.0,47,EMERGING_BROADENING,True
16931,High-Value Stable,ENGAGED,United Kingdom,23,5032.22,5,218.7922,1657.54,994.22,0.6672,0.4,466,HIGH_FREQUENCY_LOW_VALUE,False
16932,Emerging Engagement,ENGAGED,United Kingdom,3,412.55,53,137.5167,150.23,0.0,1.0,1.0,116,POSITIVE_MOMENTUM,False
16933,High-Value Stable,REACTIVATED,United Kingdom,9,3099.3,1,344.3667,338.5,0.0,1.0,1.0,213,POSITIVE_MOMENTUM,False
16934,Emerging Engagement,ENGAGED,United Kingdom,6,2083.14,54,347.19,931.03,0.0,1.0,1.0,128,POSITIVE_MOMENTUM,False
16935,Low-Activity / Long-Recency,DORMANT,United Kingdom,3,530.86,381,176.9533,0.0,0.0,0.0,0.0,55,None,False
16936,Emerging Engagement,ENGAGED,United Kingdom,2,548.29,25,274.145,261.9,0.0,1.0,1.0,122,POSITIVE_MOMENTUM,False
16937,Unsegmented (Insufficient History),DORMANT,United Kingdom,1,196.25,499,196.25,0.0,0.0,0.0,0.0,49,None,True
16938,High-Value Stable,REACTIVATED,United Kingdom,9,6995.36,8,777.2622,325.63,9.75,32.3979,0.0,547,None,False
16939,Low-Activity / Long-Recency,DORMANT,United Kingdom,3,433.85,488,144.6167,0.0,0.0,0.0,0.0,38,None,False
16940,High-Value Stable,ENGAGED,United Kingdom,8,6427.66,52,803.4575,1181.52,1110.68,0.0638,0.0,360,None,False
16941,Unsegmented (Insufficient History),DORMANT,United Kingdom,1,33.0,611,33.0,0.0,0.0,0.0,0.0,2,None,True
16942,High-Value Stable,ENGAGED,United Kingdom,9,1904.99,12,211.6656,465.55,540.9,-0.1393,-0.3333,159,HIGH_FREQUENCY_LOW_VALUE,False
16943,Low-Activity / Long-Recency,DORMANT,United Kingdom,5,1299.49,211,259.898,0.0,0.0,0.0,0.0,24,None,False
16944,Unsegmented (Insufficient History),DORMANT,United Kingdom,1,101.36,609,101.36,0.0,0.0,0.0,0.0,7,None,True
16945,High-Value Stable,ENGAGED,United Kingdom,33,8548.16,21,259.0352,1338.44,1233.38,0.0852,0.2,231,None,False
16946,Low-Activity / Long-Recency,DORMANT,United Kingdom,5,1222.04,383,244.408,0.0,0.0,0.0,0.0,69,None,False
16947,Low-Activity / Long-Recency,DORMANT,United Kingdom,5,955.21,235,191.042,0.0,0.0,0.0,0.0,50,None,False
16948,Low-Activity / Long-Recency,DORMANT,United Kingdom,7,868.77,138,124.11,0.0,194.48,-1.0,-1.0,20,None,False
16949,Emerging Engagement,ENGAGED,United Kingdom,6,1286.27,3,214.3783,392.52,0.0,1.0,1.0,57,POSITIVE_MOMENTUM,False
16950,High-Value Stable,ENGAGED,United Kingdom,10,3541.77,56,354.177,400.15,606.41,-0.3401,0.0,111,HIGH_VALUE_SOFTENING,False
16951,Low-Activity / Long-Recency,DORMANT,United Kingdom,3,1277.75,134,425.9167,0.0,223.96,-1.0,-1.0,73,None,False
16952,Low-Activity / Long-Recency,DORMANT,United Kingdom,5,795.83,109,159.166,0.0,167.61,-1.0,-1.0,76,None,False
16953,Unsegmented (Insufficient History),EMERGING,United Kingdom,1,20.8,30,20.8,20.8,0.0,1.0,1.0,1,EMERGING_BROADENING,True
16954,Emerging Engagement,ENGAGED,United Kingdom,20,6081.88,0,304.094,839.7,303.9,1.7631,4.0,83,POSITIVE_MOMENTUM,False
16955,Low-Activity / Long-Recency,DORMANT,United Kingdom,6,1120.31,184,186.7183,0.0,0.0,0.0,0.0,33,None,False
16956,Unsegmented (Insufficient History),EMERGING,United Kingdom,1,308.74,17,308.74,308.74,0.0,1.0,1.0,16,EMERGING_BROADENING,True
16957,Low-Activity / Long-Recency,DORMANT,United Kingdom,2,416.64,239,208.32,0.0,0.0,0.0,0.0,15,None,False
16958,Unsegmented (Insufficient History),DORMANT,United Kingdom,1,778.49,435,778.49,0.0,0.0,0.0,0.0,69,None,True
16959,Unsegmented (Insufficient History),SOFTENING,United Kingdom,1,117.35,87,117.35,117.35,0.0,1.0,1.0,7,POSITIVE_MOMENTUM,True
16960,High-Value Stable,ENGAGED,United Kingdom,8,1990.88,38,248.86,305.52,0.0,1.0,1.0,334,POSITIVE_MOMENTUM,False
16961,Low-Activity / Long-Recency,DORMANT,United Kingdom,3,794.56,116,264.8533,0.0,234.17,-1.0,-1.0,52,None,False
16962,Unsegmented (Insufficient History),DORMANT,United Kingdom,1,251.04,409,251.04,0.0,0.0,0.0,0.0,15,None,True
16963,Unsegmented (Insufficient History),DORMANT,United Kingdom,1,110.55,187,110.55,0.0,0.0,0.0,0.0,7,None,True
16964,Low-Activity / Long-Recency,DORMANT,United Kingdom,2,207.85,733,103.925,0.0,0.0,0.0,0.0,6,None,False
16965,Unsegmented (Insufficient History),DORMANT,United Kingdom,1,201.19,226,201.19,0.0,0.0,0.0,0.0,26,None,True
16966,Emerging Engagement,ENGAGED,United Kingdom,7,2154.97,8,307.8529,668.41,332.16,1.0123,2.0,8,POSITIVE_MOMENTUM,False
16967,Unsegmented (Insufficient History),DORMANT,United Kingdom,1,319.02,189,319.02,0.0,0.0,0.0,0.0,21,None,True
16968,Low-Activity / Long-Recency,ENGAGED,United Kingdom,2,439.43,4,219.715,186.12,253.31,-0.2652,0.0,31,None,False
16969,Emerging Engagement,ENGAGED,United Kingdom,3,650.41,39,216.8033,171.45,81.6,1.1011,0.0,42,None,False
16970,Unsegmented (Insufficient History),DORMANT,United Kingdom,1,71.4,626,71.4,0.0,0.0,0.0,0.0,2,None,True
16971,Unsegmented (Insufficient History),EMERGING,United Kingdom,1,357.21,38,357.21,357.21,0.0,1.0,1.0,40,EMERGING_BROADENING,True
16972,Low-Activity / Long-Recency,DORMANT,United Kingdom,2,749.0,382,374.5,0.0,0.0,0.0,0.0,54,None,False
16973,Unsegmented (Insufficient History),DORMANT,United Kingdom,1,127.0,386,127.0,0.0,0.0,0.0,0.0,6,None,True
16974,Low-Activity / Long-Recency,DORMANT,United Kingdom,2,365.5,522,182.75,0.0,0.0,0.0,0.0,5,None,False
16975,Low-Activity / Long-Recency,DORMANT,United Kingdom,3,926.12,423,308.7067,0.0,0.0,0.0,0.0,44,None,False
16976,Unsegmented (Insufficient History),DORMANT,United Kingdom,1,251.52,267,251.52,0.0,0.0,0.0,0.0,2,None,True
16977,Low-Activity / Long-Recency,DORMANT,United Kingdom,4,496.0,395,124.0,0.0,0.0,0.0,0.0,25,None,False
16978,Emerging Engagement,SOFTENING,United Kingdom,3,768.88,77,256.2933,344.33,0.0,1.0,1.0,65,POSITIVE_MOMENTUM,False
16979,Emerging Engagement,ENGAGED,United Kingdom,9,2859.74,3,317.7489,1296.35,208.5,5.2175,3.0,82,POSITIVE_MOMENTUM,False
16980,Low-Activity / Long-Recency,DORMANT,United Kingdom,3,1422.83,255,474.2767,0.0,0.0,0.0,0.0,91,None,False
16982,Unsegmented (Insufficient History),EMERGING,United Kingdom,1,384.06,60,384.06,384.06,0.0,1.0,1.0,22,EMERGING_BROADENING,True
16983,High-Value Stable,ENGAGED,United Kingdom,11,3490.53,12,317.3209,720.52,300.13,1.4007,1.0,151,POSITIVE_MOMENTUM,False
16984,High-Value Stable,SOFTENING,United Kingdom,9,10350.53,88,1150.0589,1246.33,3213.19,-0.6121,0.0,669,HIGH_VALUE_SOFTENING,False
16985,High-Value Stable,ENGAGED,United Kingdom,23,10923.16,17,474.92,1885.58,663.18,1.8432,2.0,130,POSITIVE_MOMENTUM,False
16986,High-Value Stable,ENGAGED,United Kingdom,11,4888.75,29,444.4318,1873.2,0.0,1.0,1.0,65,POSITIVE_MOMENTUM,False
16987,High-Value Stable,ENGAGED,United Kingdom,11,2521.4,3,229.2182,987.35,416.4,1.3712,1.0,155,POSITIVE_MOMENTUM,False
16988,Emerging Engagement,REACTIVATED,United Kingdom,2,382.67,5,191.335,126.12,0.0,1.0,1.0,20,POSITIVE_MOMENTUM,False
16989,Low-Activity / Long-Recency,ENGAGED,United Kingdom,6,1133.25,7,188.875,242.55,890.7,-0.7277,1.0,7,None,False
16990,Low-Activity / Long-Recency,DORMANT,United Kingdom,2,344.0,218,172.0,0.0,0.0,0.0,0.0,1,None,False
16991,Unsegmented (Insufficient History),DORMANT,United Kingdom,1,1041.21,421,1041.21,0.0,0.0,0.0,0.0,74,None,True
16992,High-Value Stable,ENGAGED,United Kingdom,13,5476.5,10,421.2692,641.96,301.2,1.1313,1.0,212,POSITIVE_MOMENTUM,False
16993,Low-Activity / Long-Recency,DORMANT,United Kingdom,2,1950.95,463,975.475,0.0,0.0,0.0,0.0,19,None,False
16996,High-Value Stable,ENGAGED,United Kingdom,9,2123.61,30,235.9567,415.18,340.9,0.2179,0.0,32,None,False
16997,Low-Activity / Long-Recency,DORMANT,United Kingdom,3,702.0,288,234.0,0.0,0.0,0.0,0.0,7,None,False
16998,Low-Activity / Long-Recency,DORMANT,United Kingdom,5,402.0,149,80.4,0.0,7.9,-1.0,-1.0,2,None,False
16999,Unsegmented (Insufficient History),ENGAGED,United Kingdom,2,484.82,23,242.41,484.82,0.0,1.0,1.0,21,POSITIVE_MOMENTUM,True
17000,Low-Activity / Long-Recency,DORMANT,United Kingdom,2,406.3,396,203.15,0.0,0.0,0.0,0.0,26,None,False
17001,High-Value Stable,ENGAGED,United Kingdom,19,6640.8,0,349.5158,1196.08,991.55,0.2063,0.0,108,None,False
17002,Emerging Engagement,SOFTENING,United Kingdom,7,2571.55,85,367.3643,500.21,0.0,1.0,1.0,64,POSITIVE_MOMENTUM,False
17003,Low-Activity / Long-Recency,DORMANT,United Kingdom,4,828.21,402,207.0525,0.0,0.0,0.0,0.0,90,None,False
17004,Low-Activity / Long-Recency,ENGAGED,United Kingdom,4,2324.36,46,581.09,406.54,905.6,-0.5511,0.0,48,None,False
17005,Low-Activity / Long-Recency,DORMANT,United Kingdom,2,622.36,470,311.18,0.0,0.0,0.0,0.0,14,None,False
17006,Emerging Engagement,ENGAGED,United Kingdom,8,1635.27,4,204.4087,781.78,0.0,1.0,1.0,103,POSITIVE_MOMENTUM,False
17007,Emerging Engagement,ENGAGED,United Kingdom,7,1120.1,50,160.0143,314.49,112.71,1.7903,0.0,63,None,False
17008,Unsegmented (Insufficient History),DORMANT,United Kingdom,1,81.36,429,81.36,0.0,0.0,0.0,0.0,1,None,True
17009,Unsegmented (Insufficient History),DORMANT,United Kingdom,1,242.06,551,242.06,0.0,0.0,0.0,0.0,10,None,True
17010,Unsegmented (Insufficient History),EMERGING,United Kingdom,1,195.36,18,195.36,195.36,0.0,1.0,1.0,11,EMERGING_BROADENING,True
17011,Emerging Engagement,ENGAGED,United Kingdom,3,671.7,30,223.9,270.9,0.0,1.0,1.0,27,POSITIVE_MOMENTUM,False
17012,Unsegmented (Insufficient History),DORMANT,United Kingdom,1,360.61,725,360.61,0.0,0.0,0.0,0.0,34,None,True
17014,Unsegmented (Insufficient History),EMERGING,United Kingdom,3,583.43,8,194.4767,583.43,0.0,1.0,1.0,63,EMERGING_BROADENING,True
17015,Emerging Engagement,ENGAGED,United Kingdom,3,1838.61,28,612.87,1318.06,0.0,1.0,1.0,182,POSITIVE_MOMENTUM,False
17016,Unsegmented (Insufficient History),DORMANT,United Kingdom,1,552.4,576,552.4,0.0,0.0,0.0,0.0,41,None,True
17017,High-Value Stable,ENGAGED,United Kingdom,29,12576.99,2,433.6893,3262.98,937.46,2.4807,1.0,120,POSITIVE_MOMENTUM,False
17018,Emerging Engagement,ENGAGED,United Kingdom,6,2287.7,40,381.2833,515.1,0.0,1.0,1.0,26,POSITIVE_MOMENTUM,False
17019,High-Value Stable,ENGAGED,United Kingdom,11,3602.29,11,327.4809,262.15,0.0,1.0,1.0,344,POSITIVE_MOMENTUM,False
17020,Low-Activity / Long-Recency,DORMANT,United Kingdom,2,935.62,542,467.81,0.0,0.0,0.0,0.0,64,None,False
17021,Low-Activity / Long-Recency,DORMANT,United Kingdom,6,1182.22,442,197.0367,0.0,0.0,0.0,0.0,35,None,False
17022,Emerging Engagement,ENGAGED,United Kingdom,2,260.0,31,130.0,71.0,0.0,1.0,1.0,16,POSITIVE_MOMENTUM,False
17023,Low-Activity / Long-Recency,DORMANT,United Kingdom,3,800.18,417,266.7267,0.0,0.0,0.0,0.0,48,None,False
17024,Low-Activity / Long-Recency,SOFTENING,United Kingdom,3,95.85,45,31.95,39.6,56.25,-0.296,-0.5,2,None,False
17025,Emerging Engagement,ENGAGED,United Kingdom,5,1349.67,60,269.934,196.8,0.0,1.0,1.0,31,POSITIVE_MOMENTUM,False
17026,Low-Activity / Long-Recency,DORMANT,United Kingdom,3,175.83,185,58.61,0.0,0.0,0.0,0.0,4,None,False
17027,High-Value Stable,SOFTENING,United Kingdom,9,1310.63,78,145.6256,232.33,212.0,0.0959,1.0,126,HIGH_FREQUENCY_LOW_VALUE,False
17028,Low-Activity / Long-Recency,DORMANT,United Kingdom,3,1593.83,581,531.2767,0.0,0.0,0.0,0.0,85,None,False
17029,Low-Activity / Long-Recency,DORMANT,United Kingdom,7,2137.3,110,305.3286,0.0,358.0,-1.0,-1.0,19,None,False
17030,Unsegmented (Insufficient History),EMERGING,United Kingdom,1,146.87,63,146.87,146.87,0.0,1.0,1.0,11,EMERGING_BROADENING,True
17031,Low-Activity / Long-Recency,ENGAGED,United Kingdom,6,2773.85,11,462.3083,154.4,225.95,-0.3167,0.0,34,None,False
17032,Low-Activity / Long-Recency,DORMANT,United Kingdom,8,2984.32,547,373.04,0.0,0.0,0.0,0.0,183,HISTORICAL_VALUE_DORMANT,False
17033,Emerging Engagement,SOFTENING,United Kingdom,4,1332.79,86,333.1975,422.04,0.0,1.0,1.0,33,POSITIVE_MOMENTUM,False
17034,Emerging Engagement,ENGAGED,United Kingdom,5,1276.42,16,255.284,603.72,0.0,1.0,1.0,49,POSITIVE_MOMENTUM,False
17035,Low-Activity / Long-Recency,DORMANT,United Kingdom,4,613.59,245,153.3975,0.0,0.0,0.0,0.0,29,None,False
17036,Unsegmented (Insufficient History),DORMANT,United Kingdom,1,176.9,383,176.9,0.0,0.0,0.0,0.0,12,None,True
17037,Unsegmented (Insufficient History),SOFTENING,United Kingdom,1,1267.32,87,1267.32,1267.32,0.0,1.0,1.0,75,POSITIVE_MOMENTUM,True
17038,Emerging Engagement,ENGAGED,United Kingdom,2,743.17,30,371.585,112.4,0.0,1.0,1.0,61,POSITIVE_MOMENTUM,False
17039,Unsegmented (Insufficient History),DORMANT,United Kingdom,1,1954.99,604,1954.99,0.0,0.0,0.0,0.0,44,None,True
17040,Low-Activity / Long-Recency,DORMANT,United Kingdom,2,463.25,137,231.625,0.0,449.73,-1.0,-1.0,15,None,False
17041,High-Value Stable,ENGAGED,United Kingdom,6,1655.2,26,275.8667,320.6,446.39,-0.2818,0.0,93,None,False
17042,Low-Activity / Long-Recency,SOFTENING,United Kingdom,5,1036.58,2,207.316,121.56,427.43,-0.7156,-0.5,74,None,False
17043,Emerging Engagement,ENGAGED,United Kingdom,8,2593.65,32,324.2063,1410.21,150.37,8.3783,1.0,175,POSITIVE_MOMENTUM,False
17044,High-Value Stable,ENGAGED,United Kingdom,12,11962.3,25,996.8583,948.48,0.0,1.0,1.0,92,POSITIVE_MOMENTUM,False
17045,Low-Activity / Long-Recency,DORMANT,United Kingdom,5,827.68,113,165.536,0.0,299.49,-1.0,-1.0,44,None,False
17046,Low-Activity / Long-Recency,DORMANT,United Kingdom,5,1906.07,157,381.214,0.0,642.02,-1.0,-1.0,76,None,False
17047,Emerging Engagement,SOFTENING,United Kingdom,6,2289.23,85,381.5383,351.47,0.0,1.0,1.0,114,POSITIVE_MOMENTUM,False
17048,Low-Activity / Long-Recency,DORMANT,United Kingdom,7,2071.68,117,295.9543,0.0,164.95,-1.0,-1.0,88,BROAD_ENGAGEMENT_SOFTENING,False
17049,High-Value Stable,ENGAGED,United Kingdom,19,9942.53,2,523.2911,3048.38,1024.85,1.9745,1.0,316,POSITIVE_MOMENTUM,False
17050,High-Value Stable,SOFTENING,United Kingdom,11,4648.59,96,422.5991,0.0,568.25,-1.0,-1.0,193,HIGH_VALUE_SOFTENING,False
17051,Low-Activity / Long-Recency,DORMANT,United Kingdom,4,706.49,194,176.6225,0.0,0.0,0.0,0.0,107,None,False
17052,Unsegmented (Insufficient History),EMERGING,United Kingdom,1,399.09,28,399.09,399.09,0.0,1.0,1.0,72,EMERGING_BROADENING,True
17053,Unsegmented (Insufficient History),DORMANT,United Kingdom,1,498.48,130,498.48,0.0,498.48,-1.0,-1.0,13,None,True
17054,Low-Activity / Long-Recency,ENGAGED,United Kingdom,5,1356.33,28,271.266,149.01,288.5,-0.4835,0.0,64,None,False
17055,Unsegmented (Insufficient History),DORMANT,United Kingdom,1,232.85,445,232.85,0.0,0.0,0.0,0.0,24,None,True
17056,Unsegmented (Insufficient History),DORMANT,United Kingdom,1,128.6,738,128.6,0.0,0.0,0.0,0.0,8,None,True
17057,Unsegmented (Insufficient History),DORMANT,United Kingdom,1,294.74,596,294.74,0.0,0.0,0.0,0.0,48,None,True
17058,Emerging Engagement,SOFTENING,United Kingdom,3,1179.89,81,393.2967,360.23,0.0,1.0,1.0,51,POSITIVE_MOMENTUM,False
17059,High-Value Stable,ENGAGED,United Kingdom,9,4864.57,29,540.5078,843.29,739.43,0.1405,0.0,349,None,False
17060,Unsegmented (Insufficient History),DORMANT,United Kingdom,1,234.24,266,234.24,0.0,0.0,0.0,0.0,5,None,True
17061,High-Value Stable,SOFTENING,United Kingdom,11,5232.23,73,475.6573,573.4,1408.6,-0.5929,-0.6667,57,HIGH_VALUE_SOFTENING,False
17062,Low-Activity / Long-Recency,DORMANT,United Kingdom,6,889.75,313,148.2917,0.0,0.0,0.0,0.0,82,None,False
17063,High-Value Stable,ENGAGED,United Kingdom,13,3638.53,21,279.8869,789.27,352.5,1.2391,0.5,150,POSITIVE_MOMENTUM,False
17064,Emerging Engagement,ENGAGED,United Kingdom,3,855.45,58,285.15,398.05,0.0,1.0,1.0,53,POSITIVE_MOMENTUM,False
17065,Low-Activity / Long-Recency,DORMANT,United Kingdom,2,194.7,637,97.35,0.0,0.0,0.0,0.0,6,None,False
17066,Unsegmented (Insufficient History),DORMANT,United Kingdom,1,228.34,726,228.34,0.0,0.0,0.0,0.0,17,None,True
17067,Low-Activity / Long-Recency,DORMANT,United Kingdom,3,454.54,724,151.5133,0.0,0.0,0.0,0.0,8,None,False
17068,High-Value Stable,SOFTENING,United Kingdom,47,8987.68,12,191.2272,1012.85,890.44,0.1375,0.0,250,HIGH_FREQUENCY_LOW_VALUE,False
17069,Emerging Engagement,SOFTENING,United Kingdom,14,5517.23,28,394.0879,1213.91,422.72,1.8717,3.0,202,POSITIVE_MOMENTUM,False
17070,Low-Activity / Long-Recency,DORMANT,United Kingdom,2,437.42,114,218.71,0.0,304.24,-1.0,-1.0,102,BROAD_ENGAGEMENT_SOFTENING,False
17071,High-Value Stable,SOFTENING,United Kingdom,13,3793.71,28,291.8238,1026.61,358.4,1.8644,0.5,141,POSITIVE_MOMENTUM,False
17072,Unsegmented (Insufficient History),DORMANT,United Kingdom,1,273.35,625,273.35,0.0,0.0,0.0,0.0,20,None,True
17073,Emerging Engagement,ENGAGED,United Kingdom,4,1446.09,17,361.5225,992.3,453.79,1.1867,2.0,142,POSITIVE_MOMENTUM,False
17074,Unsegmented (Insufficient History),DORMANT,United Kingdom,1,203.05,562,203.05,0.0,0.0,0.0,0.0,4,None,True
17075,High-Value Stable,ENGAGED,United Kingdom,10,2236.63,17,223.663,138.05,0.0,1.0,1.0,153,POSITIVE_MOMENTUM,False
17076,Emerging Engagement,ENGAGED,United Kingdom,6,1242.75,36,207.125,506.88,0.0,1.0,1.0,31,POSITIVE_MOMENTUM,False
17077,Unsegmented (Insufficient History),DORMANT,United Kingdom,1,306.0,578,306.0,0.0,0.0,0.0,0.0,1,None,True
17078,Unsegmented (Insufficient History),EMERGING,United Kingdom,2,378.2,36,189.1,378.2,0.0,1.0,1.0,28,EMERGING_BROADENING,True
17079,Unsegmented (Insufficient History),SOFTENING,United Kingdom,1,118.8,78,118.8,118.8,0.0,1.0,1.0,2,POSITIVE_MOMENTUM,True
17080,Emerging Engagement,ENGAGED,United Kingdom,7,957.53,22,136.79,211.3,0.0,1.0,1.0,26,POSITIVE_MOMENTUM,False
17081,Emerging Engagement,ENGAGED,United Kingdom,6,949.39,25,158.2317,288.91,0.0,1.0,1.0,166,POSITIVE_MOMENTUM,False
17082,Emerging Engagement,ENGAGED,United Kingdom,6,4732.03,33,788.6717,1366.91,0.0,1.0,1.0,117,POSITIVE_MOMENTUM,False
17083,Low-Activity / Long-Recency,DORMANT,United Kingdom,9,4049.79,109,449.9767,0.0,409.76,-1.0,-1.0,30,HIGH_VALUE_SOFTENING,False
17084,Emerging Engagement,ENGAGED,United Kingdom,3,5001.21,35,1667.07,2747.99,0.0,1.0,1.0,263,POSITIVE_MOMENTUM,False
17085,High-Value Stable,DORMANT,United Kingdom,28,7847.67,123,280.2739,0.0,347.75,-1.0,-1.0,411,HIGH_VALUE_SOFTENING,False
17086,Unsegmented (Insufficient History),EMERGING,United Kingdom,6,2050.08,7,341.68,2050.08,0.0,1.0,1.0,76,EMERGING_BROADENING,True
17087,Unsegmented (Insufficient History),DORMANT,United Kingdom,1,221.53,737,221.53,0.0,0.0,0.0,0.0,12,None,True
17088,Emerging Engagement,ENGAGED,United Kingdom,4,1991.01,28,497.7525,591.9,0.0,1.0,1.0,96,POSITIVE_MOMENTUM,False
17089,Unsegmented (Insufficient History),DORMANT,United Kingdom,1,128.45,386,128.45,0.0,0.0,0.0,0.0,4,None,True
17090,Emerging Engagement,ENGAGED,United Kingdom,13,3080.18,4,236.9369,1162.88,162.72,6.1465,2.0,54,POSITIVE_MOMENTUM,False
17091,High-Value Stable,ENGAGED,United Kingdom,19,7495.75,2,394.5132,1135.76,697.59,0.6281,0.0,242,None,False
17092,High-Value Stable,SOFTENING,United Kingdom,11,5511.41,50,501.0373,1144.71,494.42,1.3153,1.0,273,POSITIVE_MOMENTUM,False
17093,Unsegmented (Insufficient History),DORMANT,United Kingdom,1,235.88,592,235.88,0.0,0.0,0.0,0.0,13,None,True
17094,Low-Activity / Long-Recency,DORMANT,United Kingdom,2,402.2,322,201.1,0.0,0.0,0.0,0.0,18,None,False
17095,Emerging Engagement,ENGAGED,United Kingdom,7,2572.25,22,367.4643,780.2,0.0,1.0,1.0,110,POSITIVE_MOMENTUM,False
17096,High-Value Stable,ENGAGED,United Kingdom,11,3697.93,15,336.1755,578.19,310.45,0.8624,1.0,162,POSITIVE_MOMENTUM,False
17097,High-Value Stable,SOFTENING,Spain,9,1143.36,2,127.04,314.89,351.89,-0.1051,-0.5,182,HIGH_FREQUENCY_LOW_VALUE,False
17098,Low-Activity / Long-Recency,DORMANT,United Kingdom,3,591.07,381,197.0233,0.0,0.0,0.0,0.0,10,None,False
17099,Unsegmented (Insufficient History),DORMANT,United Kingdom,1,582.17,533,582.17,0.0,0.0,0.0,0.0,40,None,True
17100,Unsegmented (Insufficient History),EMERGING,United Kingdom,2,971.74,18,485.87,971.74,0.0,1.0,1.0,65,EMERGING_BROADENING,True
17101,Emerging Engagement,ENGAGED,United Kingdom,7,2507.05,10,358.15,1391.15,230.58,5.0333,2.0,54,POSITIVE_MOMENTUM,False
17102,Unsegmented (Insufficient History),DORMANT,United Kingdom,1,25.5,261,25.5,0.0,0.0,0.0,0.0,1,None,True
17103,Unsegmented (Insufficient History),DORMANT,United Kingdom,1,424.3,722,424.3,0.0,0.0,0.0,0.0,32,None,True
17104,Unsegmented (Insufficient History),DORMANT,United Kingdom,1,474.03,423,474.03,0.0,0.0,0.0,0.0,19,None,True
17105,Low-Activity / Long-Recency,DORMANT,United Kingdom,2,665.78,159,332.89,0.0,346.38,-1.0,-1.0,80,None,False
17106,Unsegmented (Insufficient History),DORMANT,United Kingdom,1,481.58,389,481.58,0.0,0.0,0.0,0.0,51,None,True
17107,High-Value Stable,ENGAGED,United Kingdom,10,16052.72,33,1605.272,4464.87,2215.25,1.0155,2.0,377,POSITIVE_MOMENTUM,False
17108,Unsegmented (Insufficient History),DORMANT,United Kingdom,1,174.95,663,174.95,0.0,0.0,0.0,0.0,9,None,True
17109,Emerging Engagement,ENGAGED,United Kingdom,8,1291.71,29,161.4638,416.7,0.0,1.0,1.0,124,POSITIVE_MOMENTUM,False
17110,Low-Activity / Long-Recency,DORMANT,United Kingdom,3,499.9,165,166.6333,0.0,163.3,-1.0,-1.0,38,None,False
17111,Emerging Engagement,ENGAGED,United Kingdom,2,459.58,47,229.79,231.61,0.0,1.0,1.0,44,POSITIVE_MOMENTUM,False
17112,Unsegmented (Insufficient History),DORMANT,United Kingdom,1,197.57,502,197.57,0.0,0.0,0.0,0.0,44,None,True
17113,Low-Activity / Long-Recency,DORMANT,United Kingdom,6,2305.59,574,384.265,0.0,0.0,0.0,0.0,122,None,False
17114,High-Value Stable,ENGAGED,United Kingdom,8,801.12,5,100.14,199.18,157.5,0.2646,0.0,85,HIGH_FREQUENCY_LOW_VALUE,False
17115,Emerging Engagement,REACTIVATED,United Kingdom,7,2761.49,8,394.4986,224.68,0.0,1.0,1.0,102,POSITIVE_MOMENTUM,False
17116,Unsegmented (Insufficient History),DORMANT,United Kingdom,1,389.78,648,389.78,0.0,0.0,0.0,0.0,47,None,True
17117,Unsegmented (Insufficient History),DORMANT,United Kingdom,1,116.2,288,116.2,0.0,0.0,0.0,0.0,9,None,True
17118,Unsegmented (Insufficient History),DORMANT,United Kingdom,1,157.02,317,157.02,0.0,0.0,0.0,0.0,10,None,True
17119,Unsegmented (Insufficient History),EMERGING,United Kingdom,2,606.91,3,303.455,606.91,0.0,1.0,1.0,35,EMERGING_BROADENING,True
17120,Unsegmented (Insufficient History),DORMANT,United Kingdom,1,307.46,233,307.46,0.0,0.0,0.0,0.0,18,None,True
17121,Unsegmented (Insufficient History),DORMANT,United Kingdom,1,314.74,402,314.74,0.0,0.0,0.0,0.0,12,None,True
17122,Low-Activity / Long-Recency,DORMANT,United Kingdom,4,570.5,119,142.625,0.0,138.32,-1.0,-1.0,23,None,False
17123,Low-Activity / Long-Recency,DORMANT,United Kingdom,3,977.17,161,325.7233,0.0,345.3,-1.0,-1.0,37,None,False
17124,Unsegmented (Insufficient History),DORMANT,United Kingdom,1,294.24,185,294.24,0.0,0.0,0.0,0.0,31,None,True
17125,Unsegmented (Insufficient History),EMERGING,United Kingdom,1,230.5,50,230.5,230.5,0.0,1.0,1.0,34,EMERGING_BROADENING,True
17126,High-Value Stable,DORMANT,United Kingdom,9,2016.43,152,224.0478,0.0,487.78,-1.0,-1.0,295,BROAD_ENGAGEMENT_SOFTENING,False
17127,Low-Activity / Long-Recency,DORMANT,United Kingdom,5,1155.03,428,231.006,0.0,0.0,0.0,0.0,27,None,False
17128,Unsegmented (Insufficient History),DORMANT,United Kingdom,1,157.09,334,157.09,0.0,0.0,0.0,0.0,14,None,True
17129,Unsegmented (Insufficient History),DORMANT,United Kingdom,1,31.85,520,31.85,0.0,0.0,0.0,0.0,2,None,True
17131,Unsegmented (Insufficient History),ENGAGED,United Kingdom,5,2463.17,5,492.634,2463.17,0.0,1.0,1.0,78,POSITIVE_MOMENTUM,True
17132,Low-Activity / Long-Recency,DORMANT,United Kingdom,2,1220.91,452,610.455,0.0,0.0,0.0,0.0,62,None,False
17133,High-Value Stable,ENGAGED,United Kingdom,12,14622.33,15,1218.5275,2413.45,0.0,1.0,1.0,22,POSITIVE_MOMENTUM,False
17134,Low-Activity / Long-Recency,DORMANT,United Kingdom,3,625.3,106,208.4333,0.0,94.5,-1.0,-1.0,31,None,False
17135,Emerging Engagement,ENGAGED,United Kingdom,10,1722.18,16,172.218,639.18,0.0,1.0,1.0,98,POSITIVE_MOMENTUM,False
17136,Unsegmented (Insufficient History),DORMANT,United Kingdom,1,231.68,662,231.68,0.0,0.0,0.0,0.0,14,None,True
17137,Low-Activity / Long-Recency,DORMANT,United Kingdom,6,1099.81,416,183.3017,0.0,0.0,0.0,0.0,125,None,False
17138,High-Value Stable,DORMANT,United Kingdom,7,4417.27,275,631.0386,0.0,0.0,0.0,0.0,234,HISTORICAL_VALUE_DORMANT,False
17139,High-Value Stable,ENGAGED,United Kingdom,25,19566.76,15,782.6704,3798.95,2145.92,0.7703,0.6667,447,POSITIVE_MOMENTUM,False
17140,Unsegmented (Insufficient History),DORMANT,United Kingdom,1,454.12,247,454.12,0.0,0.0,0.0,0.0,16,None,True
17141,Low-Activity / Long-Recency,DORMANT,United Kingdom,4,727.58,418,181.895,0.0,0.0,0.0,0.0,138,None,False
17142,Low-Activity / Long-Recency,DORMANT,United Kingdom,4,1275.25,239,318.8125,0.0,0.0,0.0,0.0,78,None,False
17143,Low-Activity / Long-Recency,DORMANT,United Kingdom,2,880.97,417,440.485,0.0,0.0,0.0,0.0,82,None,False
17144,Unsegmented (Insufficient History),ENGAGED,United Kingdom,2,984.57,1,492.285,984.57,0.0,1.0,1.0,42,POSITIVE_MOMENTUM,True
17145,Low-Activity / Long-Recency,DORMANT,United Kingdom,4,3120.91,512,780.2275,0.0,0.0,0.0,0.0,168,HISTORICAL_VALUE_DORMANT,False
17146,High-Value Stable,DORMANT,United Kingdom,13,5852.64,105,450.2031,0.0,185.9,-1.0,-1.0,164,HIGH_VALUE_SOFTENING,False
17147,High-Value Stable,ENGAGED,United Kingdom,9,3199.95,22,355.55,741.48,0.0,1.0,1.0,99,POSITIVE_MOMENTUM,False
17148,Unsegmented (Insufficient History),EMERGING,United Kingdom,1,124.88,51,124.88,124.88,0.0,1.0,1.0,9,EMERGING_BROADENING,True
17149,Unsegmented (Insufficient History),DORMANT,United Kingdom,1,143.1,451,143.1,0.0,0.0,0.0,0.0,6,None,True
17150,Low-Activity / Long-Recency,DORMANT,United Kingdom,6,1357.95,376,226.325,0.0,0.0,0.0,0.0,64,None,False
17151,Unsegmented (Insufficient History),DORMANT,United Kingdom,1,231.9,735,231.9,0.0,0.0,0.0,0.0,4,None,True
17152,Low-Activity / Long-Recency,DORMANT,United Kingdom,4,2016.5,194,504.125,0.0,0.0,0.0,0.0,9,None,False
17153,Unsegmented (Insufficient History),EMERGING,United Kingdom,1,213.78,24,213.78,213.78,0.0,1.0,1.0,14,EMERGING_BROADENING,True
17154,Unsegmented (Insufficient History),SOFTENING,United Kingdom,1,329.34,75,329.34,329.34,0.0,1.0,1.0,23,POSITIVE_MOMENTUM,True
17155,Low-Activity / Long-Recency,ENGAGED,United Kingdom,7,892.46,17,127.4943,108.4,143.3,-0.2435,0.0,43,None,False
17156,Unsegmented (Insufficient History),DORMANT,United Kingdom,1,591.87,491,591.87,0.0,0.0,0.0,0.0,39,None,True
17157,High-Value Stable,REACTIVATED,United Kingdom,19,5151.9,7,271.1526,157.54,161.46,-0.0243,0.0,78,None,False
17158,Emerging Engagement,ENGAGED,United Kingdom,5,1980.0,32,396.0,568.42,0.0,1.0,1.0,74,POSITIVE_MOMENTUM,False
17159,Emerging Engagement,ENGAGED,United Kingdom,5,2099.59,21,419.918,1010.43,528.45,0.9121,1.0,115,POSITIVE_MOMENTUM,False
17160,High-Value Stable,SOFTENING,United Kingdom,17,10209.16,31,600.5388,516.85,1796.11,-0.7122,-0.6667,215,HIGH_VALUE_SOFTENING,False
17161,Unsegmented (Insufficient History),DORMANT,United Kingdom,1,856.01,444,856.01,0.0,0.0,0.0,0.0,52,None,True
17162,High-Value Stable,ENGAGED,United Kingdom,10,1715.46,28,171.546,251.8,298.38,-0.1561,0.0,81,HIGH_FREQUENCY_LOW_VALUE,False
17163,Emerging Engagement,ENGAGED,United Kingdom,4,699.78,21,174.945,293.1,0.0,1.0,1.0,27,POSITIVE_MOMENTUM,False
17164,Emerging Engagement,ENGAGED,United Kingdom,7,2467.35,32,352.4786,1196.93,327.2,2.6581,3.0,92,POSITIVE_MOMENTUM,False
17165,Low-Activity / Long-Recency,DORMANT,United Kingdom,6,1794.32,284,299.0533,0.0,0.0,0.0,0.0,77,None,False
17166,Emerging Engagement,ENGAGED,United Kingdom,2,206.34,38,103.17,78.75,0.0,1.0,1.0,11,POSITIVE_MOMENTUM,False
17167,Low-Activity / Long-Recency,DORMANT,United Kingdom,3,867.11,379,289.0367,0.0,0.0,0.0,0.0,64,None,False
17168,Unsegmented (Insufficient History),DORMANT,United Kingdom,1,400.2,498,400.2,0.0,0.0,0.0,0.0,21,None,True
17169,Emerging Engagement,ENGAGED,United Kingdom,3,1156.73,57,385.5767,527.1,0.0,1.0,1.0,64,POSITIVE_MOMENTUM,False
17170,Low-Activity / Long-Recency,DORMANT,United Kingdom,2,178.68,374,89.34,0.0,0.0,0.0,0.0,8,None,False
17171,Low-Activity / Long-Recency,DORMANT,United Kingdom,2,384.59,289,192.295,0.0,0.0,0.0,0.0,25,None,False
17172,Emerging Engagement,SOFTENING,United Kingdom,3,956.57,78,318.8567,317.76,0.0,1.0,1.0,39,POSITIVE_MOMENTUM,False
17173,Emerging Engagement,ENGAGED,United Kingdom,8,3766.6,5,470.825,2805.34,961.26,1.9184,2.0,36,POSITIVE_MOMENTUM,False
17174,Unsegmented (Insufficient History),DORMANT,United Kingdom,1,59.9,217,59.9,0.0,0.0,0.0,0.0,4,None,True
17175,Low-Activity / Long-Recency,ENGAGED,United Kingdom,4,1443.69,44,360.9225,311.06,310.93,0.0004,0.0,42,None,False
17176,Low-Activity / Long-Recency,DORMANT,United Kingdom,3,902.32,201,300.7733,0.0,0.0,0.0,0.0,37,None,False
17177,Unsegmented (Insufficient History),DORMANT,United Kingdom,1,119.5,505,119.5,0.0,0.0,0.0,0.0,29,None,True
17178,Unsegmented (Insufficient History),DORMANT,United Kingdom,1,432.96,731,432.96,0.0,0.0,0.0,0.0,31,None,True
17179,Low-Activity / Long-Recency,DORMANT,United Kingdom,6,1507.26,178,251.21,0.0,223.48,-1.0,-1.0,75,None,False
17180,High-Value Stable,ENGAGED,United Kingdom,11,2236.77,56,203.3427,231.17,0.0,1.0,1.0,189,POSITIVE_MOMENTUM,False
17181,Emerging Engagement,ENGAGED,United Kingdom,3,309.85,57,103.2833,84.4,0.0,1.0,1.0,28,POSITIVE_MOMENTUM,False
17182,Low-Activity / Long-Recency,DORMANT,United Kingdom,2,321.3,422,160.65,0.0,0.0,0.0,0.0,4,None,False
17183,Emerging Engagement,ENGAGED,United Kingdom,6,3347.31,7,557.885,3017.64,329.67,8.1535,4.0,42,POSITIVE_MOMENTUM,False
17184,Low-Activity / Long-Recency,DORMANT,United Kingdom,2,198.41,569,99.205,0.0,0.0,0.0,0.0,14,None,False
17185,Low-Activity / Long-Recency,DORMANT,United Kingdom,3,229.46,591,76.4867,0.0,0.0,0.0,0.0,38,None,False
17186,Unsegmented (Insufficient History),EMERGING,United Kingdom,2,144.0,46,72.0,144.0,0.0,1.0,1.0,1,EMERGING_BROADENING,True
17187,Low-Activity / Long-Recency,DORMANT,United Kingdom,2,467.71,226,233.855,0.0,0.0,0.0,0.0,21,None,False
17188,High-Value Stable,ENGAGED,United Kingdom,13,4592.93,11,353.3023,659.14,390.65,0.6873,0.0,136,None,False
17189,Low-Activity / Long-Recency,DORMANT,United Kingdom,5,953.63,106,190.726,0.0,157.18,-1.0,-1.0,101,BROAD_ENGAGEMENT_SOFTENING,False
17190,Emerging Engagement,ENGAGED,United Kingdom,7,1726.57,58,246.6529,249.74,0.0,1.0,1.0,160,POSITIVE_MOMENTUM,False
17191,High-Value Stable,ENGAGED,United Kingdom,15,4310.34,28,287.356,532.17,385.81,0.3794,0.0,269,None,False
17192,Unsegmented (Insufficient History),DORMANT,United Kingdom,1,75.28,536,75.28,0.0,0.0,0.0,0.0,20,None,True
17193,Emerging Engagement,ENGAGED,United Kingdom,9,2310.04,35,256.6711,1250.74,448.56,1.7883,1.5,28,POSITIVE_MOMENTUM,False
17194,Low-Activity / Long-Recency,DORMANT,United Kingdom,3,812.5,273,270.8333,0.0,0.0,0.0,0.0,57,None,False
17195,Unsegmented (Insufficient History),DORMANT,United Kingdom,1,562.98,655,562.98,0.0,0.0,0.0,0.0,31,None,True
17196,Unsegmented (Insufficient History),DORMANT,United Kingdom,1,327.75,427,327.75,0.0,0.0,0.0,0.0,84,None,True
17197,Unsegmented (Insufficient History),EMERGING,United Kingdom,1,1013.01,29,1013.01,1013.01,0.0,1.0,1.0,29,EMERGING_BROADENING,True
17198,Emerging Engagement,ENGAGED,United Kingdom,3,692.22,23,230.74,170.56,0.0,1.0,1.0,89,POSITIVE_MOMENTUM,False
17199,Unsegmented (Insufficient History),DORMANT,United Kingdom,1,135.04,582,135.04,0.0,0.0,0.0,0.0,8,None,True
17200,Low-Activity / Long-Recency,DORMANT,United Kingdom,4,356.71,387,89.1775,0.0,0.0,0.0,0.0,25,None,False
17201,Emerging Engagement,ENGAGED,United Kingdom,4,1143.1,53,285.775,289.78,0.0,1.0,1.0,154,POSITIVE_MOMENTUM,False
17202,Unsegmented (Insufficient History),DORMANT,United Kingdom,1,160.65,420,160.65,0.0,0.0,0.0,0.0,8,None,True
17203,High-Value Stable,ENGAGED,United Kingdom,10,5564.09,35,556.409,3560.08,0.0,1.0,1.0,195,POSITIVE_MOMENTUM,False
17204,High-Value Stable,DORMANT,United Kingdom,9,5504.69,175,611.6322,0.0,314.4,-1.0,-1.0,110,HIGH_VALUE_SOFTENING,False
17205,Emerging Engagement,ENGAGED,United Kingdom,3,999.35,53,333.1167,384.08,0.0,1.0,1.0,27,POSITIVE_MOMENTUM,False
17206,Unsegmented (Insufficient History),EMERGING,United Kingdom,1,204.24,53,204.24,204.24,0.0,1.0,1.0,7,EMERGING_BROADENING,True
17207,Unsegmented (Insufficient History),DORMANT,United Kingdom,1,292.62,652,292.62,0.0,0.0,0.0,0.0,55,None,True
17208,Unsegmented (Insufficient History),DORMANT,United Kingdom,1,111.15,395,111.15,0.0,0.0,0.0,0.0,21,None,True
17209,Low-Activity / Long-Recency,DORMANT,United Kingdom,3,595.7,649,198.5667,0.0,0.0,0.0,0.0,36,None,False
17210,Unsegmented (Insufficient History),DORMANT,United Kingdom,1,251.72,392,251.72,0.0,0.0,0.0,0.0,47,None,True
17211,High-Value Stable,ENGAGED,United Kingdom,13,3773.35,26,290.2577,852.33,0.0,1.0,1.0,217,POSITIVE_MOMENTUM,False
17212,Low-Activity / Long-Recency,DORMANT,United Kingdom,3,794.41,253,264.8033,0.0,0.0,0.0,0.0,29,None,False
17213,High-Value Stable,ENGAGED,United Kingdom,13,4869.4,40,374.5692,1001.22,843.06,0.1876,0.0,130,None,False
17214,Emerging Engagement,ENGAGED,United Kingdom,6,1059.12,60,176.52,447.15,0.0,1.0,1.0,79,POSITIVE_MOMENTUM,False
17215,Unsegmented (Insufficient History),DORMANT,United Kingdom,1,186.15,464,186.15,0.0,0.0,0.0,0.0,11,None,True
17216,Unsegmented (Insufficient History),DORMANT,United Kingdom,1,63.6,554,63.6,0.0,0.0,0.0,0.0,13,None,True
17217,Low-Activity / Long-Recency,DORMANT,United Kingdom,2,210.1,234,105.05,0.0,0.0,0.0,0.0,27,None,False
17218,High-Value Stable,ENGAGED,United Kingdom,18,3891.39,4,216.1883,1008.39,0.0,1.0,1.0,248,POSITIVE_MOMENTUM,False
17219,Emerging Engagement,ENGAGED,United Kingdom,2,259.13,31,129.565,114.23,0.0,1.0,1.0,43,POSITIVE_MOMENTUM,False
17220,High-Value Stable,SOFTENING,United Kingdom,21,4457.31,24,212.2529,899.47,825.25,0.0899,-0.2,408,HIGH_FREQUENCY_LOW_VALUE,False
17221,Emerging Engagement,ENGAGED,United Kingdom,5,976.62,7,195.324,334.48,0.0,1.0,1.0,115,POSITIVE_MOMENTUM,False
17222,Emerging Engagement,ENGAGED,United Kingdom,6,1579.51,65,263.2517,328.65,0.0,1.0,1.0,94,POSITIVE_MOMENTUM,False
17223,Low-Activity / Long-Recency,DORMANT,United Kingdom,3,558.04,310,186.0133,0.0,0.0,0.0,0.0,62,None,False
17224,Unsegmented (Insufficient History),DORMANT,United Kingdom,1,100.86,501,100.86,0.0,0.0,0.0,0.0,8,None,True
17225,Unsegmented (Insufficient History),DORMANT,United Kingdom,1,131.15,581,131.15,0.0,0.0,0.0,0.0,5,None,True
17226,Low-Activity / Long-Recency,DORMANT,United Kingdom,3,895.47,308,298.49,0.0,0.0,0.0,0.0,51,None,False
17227,Emerging Engagement,ENGAGED,United Kingdom,12,1878.93,18,156.5775,465.57,107.6,3.3269,2.0,58,POSITIVE_MOMENTUM,False
17228,High-Value Stable,ENGAGED,United Kingdom,13,2820.03,15,216.9254,1218.51,0.0,1.0,1.0,199,POSITIVE_MOMENTUM,False
17229,Low-Activity / Long-Recency,SOFTENING,United Kingdom,2,318.76,96,159.38,0.0,318.76,-1.0,-1.0,39,None,False
17230,High-Value Stable,DORMANT,United Kingdom,18,9388.49,264,521.5828,0.0,0.0,0.0,0.0,141,HISTORICAL_VALUE_DORMANT,False
17231,High-Value Stable,ENGAGED,United Kingdom,25,7064.8,12,282.592,1218.9,201.07,5.0621,2.0,509,POSITIVE_MOMENTUM,False
17232,Unsegmented (Insufficient History),EMERGING,United Kingdom,2,417.77,2,208.885,417.77,0.0,1.0,1.0,30,EMERGING_BROADENING,True
17233,Emerging Engagement,ENGAGED,United Kingdom,3,560.86,35,186.9533,190.88,0.0,1.0,1.0,56,POSITIVE_MOMENTUM,False
17234,Unsegmented (Insufficient History),DORMANT,United Kingdom,1,149.89,182,149.89,0.0,0.0,0.0,0.0,14,None,True
17235,Emerging Engagement,ENGAGED,United Kingdom,8,1562.98,25,195.3725,208.16,0.0,1.0,1.0,52,POSITIVE_MOMENTUM,False
17236,High-Value Stable,ENGAGED,United Kingdom,12,1929.26,12,160.7717,218.4,133.91,0.6309,0.0,123,HIGH_FREQUENCY_LOW_VALUE,False
17237,Emerging Engagement,ENGAGED,United Kingdom,4,994.13,11,248.5325,314.69,0.0,1.0,1.0,76,POSITIVE_MOMENTUM,False
17238,High-Value Stable,ENGAGED,United Kingdom,32,7331.67,2,229.1147,1775.53,411.73,3.3124,2.0,486,POSITIVE_MOMENTUM,False
17239,Low-Activity / Long-Recency,DORMANT,United Kingdom,4,1189.45,312,297.3625,0.0,0.0,0.0,0.0,18,None,False
17240,Unsegmented (Insufficient History),DORMANT,United Kingdom,1,130.6,596,130.6,0.0,0.0,0.0,0.0,7,None,True
17241,High-Value Stable,DORMANT,United Kingdom,12,2736.64,385,228.0533,0.0,0.0,0.0,0.0,116,HIGH_FREQUENCY_LOW_VALUE,False
17242,Low-Activity / Long-Recency,DORMANT,United Kingdom,5,2889.28,108,577.856,0.0,425.6,-1.0,-1.0,44,None,False
17243,High-Value Stable,ENGAGED,United Kingdom,69,20203.58,1,292.8055,4207.69,1555.86,1.7044,1.0,359,POSITIVE_MOMENTUM,False
17244,Emerging Engagement,ENGAGED,United Kingdom,5,1826.04,53,365.208,954.9,0.0,1.0,1.0,109,POSITIVE_MOMENTUM,False
17245,Low-Activity / Long-Recency,DORMANT,United Kingdom,2,371.63,204,185.815,0.0,0.0,0.0,0.0,24,None,False
17246,Low-Activity / Long-Recency,DORMANT,United Kingdom,2,38.92,546,19.46,0.0,0.0,0.0,0.0,6,None,False
17247,Unsegmented (Insufficient History),EMERGING,United Kingdom,1,280.09,15,280.09,280.09,0.0,1.0,1.0,53,EMERGING_BROADENING,True
17248,Low-Activity / Long-Recency,DORMANT,United Kingdom,2,500.54,120,250.27,0.0,318.65,-1.0,-1.0,85,BROAD_ENGAGEMENT_SOFTENING,False
17249,Unsegmented (Insufficient History),DORMANT,United Kingdom,1,68.03,428,68.03,0.0,0.0,0.0,0.0,27,None,True
17250,Emerging Engagement,REACTIVATED,United Kingdom,2,381.97,3,190.985,219.32,0.0,1.0,1.0,55,POSITIVE_MOMENTUM,False
17251,Low-Activity / Long-Recency,DORMANT,United Kingdom,3,798.98,362,266.3267,0.0,0.0,0.0,0.0,65,None,False
17252,Low-Activity / Long-Recency,DORMANT,United Kingdom,2,348.91,116,174.455,0.0,11.9,-1.0,-1.0,86,BROAD_ENGAGEMENT_SOFTENING,False
17253,Unsegmented (Insufficient History),EMERGING,United Kingdom,1,178.26,18,178.26,178.26,0.0,1.0,1.0,18,EMERGING_BROADENING,True
17254,Emerging Engagement,ENGAGED,United Kingdom,3,469.48,4,156.4933,271.19,0.0,1.0,1.0,129,POSITIVE_MOMENTUM,False
17255,Emerging Engagement,ENGAGED,United Kingdom,4,781.7,40,195.425,183.22,0.0,1.0,1.0,163,POSITIVE_MOMENTUM,False
17256,Low-Activity / Long-Recency,DORMANT,United Kingdom,5,498.93,107,99.786,0.0,112.1,-1.0,-1.0,20,None,False
17257,Low-Activity / Long-Recency,DORMANT,United Kingdom,2,189.78,436,94.89,0.0,0.0,0.0,0.0,14,None,False
17258,Low-Activity / Long-Recency,DORMANT,United Kingdom,2,417.3,396,208.65,0.0,0.0,0.0,0.0,46,None,False
17259,Low-Activity / Long-Recency,DORMANT,United Kingdom,6,1452.39,148,242.065,0.0,213.28,-1.0,-1.0,179,BROAD_ENGAGEMENT_SOFTENING,False
17260,Unsegmented (Insufficient History),DORMANT,United Kingdom,1,120.95,411,120.95,0.0,0.0,0.0,0.0,6,None,True
17261,Unsegmented (Insufficient History),DORMANT,United Kingdom,1,221.59,509,221.59,0.0,0.0,0.0,0.0,43,None,True
17262,Emerging Engagement,ENGAGED,United Kingdom,11,2488.76,52,226.2509,298.0,0.0,1.0,1.0,12,POSITIVE_MOMENTUM,False
17263,Unsegmented (Insufficient History),DORMANT,United Kingdom,1,63.44,208,63.44,0.0,0.0,0.0,0.0,23,None,True
17264,Unsegmented (Insufficient History),DORMANT,United Kingdom,1,268.28,424,268.28,0.0,0.0,0.0,0.0,70,None,True
17265,Low-Activity / Long-Recency,DORMANT,United Kingdom,2,550.01,138,275.005,0.0,172.17,-1.0,-1.0,106,BROAD_ENGAGEMENT_SOFTENING,False
17266,Emerging Engagement,REACTIVATED,United Kingdom,5,501.72,2,100.344,183.52,113.06,0.6232,1.0,95,POSITIVE_MOMENTUM,False
17267,Low-Activity / Long-Recency,DORMANT,United Kingdom,2,317.2,127,158.6,0.0,317.2,-1.0,-1.0,37,None,False
17268,Low-Activity / Long-Recency,DORMANT,United Kingdom,11,1733.89,107,157.6264,0.0,487.16,-1.0,-1.0,26,HIGH_FREQUENCY_LOW_VALUE,False
17269,Unsegmented (Insufficient History),DORMANT,United Kingdom,1,491.81,385,491.81,0.0,0.0,0.0,0.0,110,None,True
17270,Low-Activity / Long-Recency,DORMANT,United Kingdom,2,601.45,469,300.725,0.0,0.0,0.0,0.0,45,None,False
17271,Unsegmented (Insufficient History),DORMANT,United Kingdom,1,204.3,736,204.3,0.0,0.0,0.0,0.0,46,None,True
17272,Emerging Engagement,ENGAGED,United Kingdom,4,2148.63,42,537.1575,739.19,0.0,1.0,1.0,70,POSITIVE_MOMENTUM,False
17273,Unsegmented (Insufficient History),DORMANT,United Kingdom,1,141.12,424,141.12,0.0,0.0,0.0,0.0,12,None,True
17274,Emerging Engagement,ENGAGED,United Kingdom,2,573.22,35,286.61,107.82,0.0,1.0,1.0,76,POSITIVE_MOMENTUM,False
17275,Unsegmented (Insufficient History),DORMANT,United Kingdom,1,114.1,383,114.1,0.0,0.0,0.0,0.0,23,None,True
17276,Unsegmented (Insufficient History),DORMANT,United Kingdom,1,502.49,402,502.49,0.0,0.0,0.0,0.0,50,None,True
17277,Low-Activity / Long-Recency,DORMANT,United Kingdom,2,1065.35,227,532.675,0.0,0.0,0.0,0.0,67,None,False
17278,Low-Activity / Long-Recency,DORMANT,United Kingdom,2,271.24,241,135.62,0.0,0.0,0.0,0.0,17,None,False
17279,Unsegmented (Insufficient History),EMERGING,United Kingdom,1,187.83,57,187.83,187.83,0.0,1.0,1.0,8,EMERGING_BROADENING,True
17280,Unsegmented (Insufficient History),DORMANT,United Kingdom,1,118.86,438,118.86,0.0,0.0,0.0,0.0,6,None,True
17281,Low-Activity / Long-Recency,DORMANT,United Kingdom,6,797.85,374,132.975,0.0,0.0,0.0,0.0,2,None,False
17282,Low-Activity / Long-Recency,DORMANT,United Kingdom,5,2308.54,130,461.708,0.0,961.56,-1.0,-1.0,168,BROAD_ENGAGEMENT_SOFTENING,False
17283,Unsegmented (Insufficient History),DORMANT,United Kingdom,1,188.46,378,188.46,0.0,0.0,0.0,0.0,15,None,True
17284,High-Value Stable,ENGAGED,United Kingdom,8,2788.06,60,348.5075,158.44,565.69,-0.7199,-0.6667,285,BROAD_ENGAGEMENT_SOFTENING,False
17285,Low-Activity / Long-Recency,DORMANT,United Kingdom,2,407.94,628,203.97,0.0,0.0,0.0,0.0,41,None,False
17286,Emerging Engagement,ENGAGED,United Kingdom,3,389.18,21,129.7267,151.37,0.0,1.0,1.0,89,POSITIVE_MOMENTUM,False
17287,High-Value Stable,SOFTENING,United Kingdom,21,3826.86,26,182.2314,346.65,202.07,0.7155,1.0,279,POSITIVE_MOMENTUM,False
17288,High-Value Stable,ENGAGED,United Kingdom,11,2468.43,9,224.4027,753.93,0.0,1.0,1.0,233,POSITIVE_MOMENTUM,False
17289,High-Value Stable,ENGAGED,United Kingdom,9,2041.8,31,226.8667,766.57,0.0,1.0,1.0,202,POSITIVE_MOMENTUM,False
17290,Emerging Engagement,ENGAGED,United Kingdom,8,1487.96,3,185.995,513.01,0.0,1.0,1.0,184,POSITIVE_MOMENTUM,False
17291,Unsegmented (Insufficient History),DORMANT,United Kingdom,1,550.8,308,550.8,0.0,0.0,0.0,0.0,1,None,True
17292,Low-Activity / Long-Recency,DORMANT,United Kingdom,2,271.75,472,135.875,0.0,0.0,0.0,0.0,14,None,False
17293,High-Value Stable,SOFTENING,United Kingdom,17,3750.63,8,220.6253,987.03,397.68,1.482,0.3333,148,HIGH_FREQUENCY_LOW_VALUE,False
17294,Low-Activity / Long-Recency,DORMANT,United Kingdom,2,467.79,669,233.895,0.0,0.0,0.0,0.0,17,None,False
17295,Unsegmented (Insufficient History),EMERGING,United Kingdom,3,547.0,28,182.3333,547.0,0.0,1.0,1.0,53,EMERGING_BROADENING,True
17296,Unsegmented (Insufficient History),DORMANT,United Kingdom,1,338.13,730,338.13,0.0,0.0,0.0,0.0,32,None,True
17297,Unsegmented (Insufficient History),EMERGING,United Kingdom,1,128.18,17,128.18,128.18,0.0,1.0,1.0,49,EMERGING_BROADENING,True
17298,Low-Activity / Long-Recency,DORMANT,United Kingdom,5,954.26,101,190.852,0.0,498.42,-1.0,-1.0,61,None,False
17299,Emerging Engagement,SOFTENING,United Kingdom,6,993.23,11,165.5383,388.42,268.19,0.4483,0.0,96,None,False
17300,Low-Activity / Long-Recency,DORMANT,United Kingdom,2,393.64,390,196.82,0.0,0.0,0.0,0.0,37,None,False
17301,Emerging Engagement,ENGAGED,United Kingdom,2,294.39,21,147.195,163.24,0.0,1.0,1.0,107,POSITIVE_MOMENTUM,False
17302,Emerging Engagement,ENGAGED,United Kingdom,5,1135.63,14,227.126,474.02,358.49,0.3223,1.0,68,POSITIVE_MOMENTUM,False
17303,Unsegmented (Insufficient History),DORMANT,United Kingdom,1,250.04,361,250.04,0.0,0.0,0.0,0.0,53,None,True
17304,Unsegmented (Insufficient History),DORMANT,United Kingdom,1,111.5,534,111.5,0.0,0.0,0.0,0.0,5,None,True
17305,Unsegmented (Insufficient History),DORMANT,United Kingdom,1,2135.46,648,2135.46,0.0,0.0,0.0,0.0,9,None,True
17306,High-Value Stable,SOFTENING,United Kingdom,21,9782.35,10,465.8262,1931.25,3504.4,-0.4489,-0.4286,17,HIGH_VALUE_SOFTENING,False
17307,Low-Activity / Long-Recency,DORMANT,United Kingdom,11,3999.89,395,363.6264,0.0,0.0,0.0,0.0,22,HISTORICAL_VALUE_DORMANT,False
17308,Low-Activity / Long-Recency,DORMANT,United Kingdom,2,4511.76,393,2255.88,0.0,0.0,0.0,0.0,5,HISTORICAL_VALUE_DORMANT,False
17309,Low-Activity / Long-Recency,SOFTENING,United Kingdom,3,320.39,95,106.7967,0.0,82.75,-1.0,-1.0,33,None,False
17310,Low-Activity / Long-Recency,DORMANT,United Kingdom,2,1025.1,387,512.55,0.0,0.0,0.0,0.0,1,None,False
17311,Emerging Engagement,SOFTENING,United Kingdom,6,3566.56,78,594.4267,828.39,0.0,1.0,1.0,124,POSITIVE_MOMENTUM,False
17312,Low-Activity / Long-Recency,DORMANT,United Kingdom,3,644.3,138,214.7667,0.0,644.3,-1.0,-1.0,11,None,False
17313,Unsegmented (Insufficient History),EMERGING,United Kingdom,1,2328.84,31,2328.84,2328.84,0.0,1.0,1.0,24,EMERGING_BROADENING,True
17314,High-Value Stable,ENGAGED,United Kingdom,17,4904.43,24,288.4959,1021.0,719.92,0.4182,0.5,200,POSITIVE_MOMENTUM,False
17315,High-Value Stable,SOFTENING,United Kingdom,43,9599.58,1,223.246,1913.14,1466.64,0.3044,-0.2,385,HIGH_FREQUENCY_LOW_VALUE,False
17316,Unsegmented (Insufficient History),DORMANT,United Kingdom,1,124.45,420,124.45,0.0,0.0,0.0,0.0,35,None,True
17317,Unsegmented (Insufficient History),ENGAGED,United Kingdom,3,2600.34,46,866.78,2600.34,0.0,1.0,1.0,8,POSITIVE_MOMENTUM,True
17318,Unsegmented (Insufficient History),DORMANT,United Kingdom,1,157.33,725,157.33,0.0,0.0,0.0,0.0,17,None,True
17319,Unsegmented (Insufficient History),DORMANT,United Kingdom,1,29.1,669,29.1,0.0,0.0,0.0,0.0,3,None,True
17320,Low-Activity / Long-Recency,DORMANT,United Kingdom,6,2444.85,100,407.475,0.0,290.52,-1.0,-1.0,86,BROAD_ENGAGEMENT_SOFTENING,False
17321,Emerging Engagement,ENGAGED,United Kingdom,6,1665.21,8,277.535,657.16,0.0,1.0,1.0,241,POSITIVE_MOMENTUM,False
17322,Low-Activity / Long-Recency,DORMANT,United Kingdom,5,922.59,376,184.518,0.0,0.0,0.0,0.0,115,None,False
17323,High-Value Stable,ENGAGED,United Kingdom,12,1551.04,15,129.2533,375.57,239.88,0.5657,0.5,168,HIGH_FREQUENCY_LOW_VALUE,False
17324,High-Value Stable,ENGAGED,United Kingdom,12,2171.07,17,180.9225,284.25,0.0,1.0,1.0,111,POSITIVE_MOMENTUM,False
17325,Low-Activity / Long-Recency,DORMANT,United Kingdom,3,609.57,280,203.19,0.0,0.0,0.0,0.0,39,None,False
17326,Low-Activity / Long-Recency,DORMANT,United Kingdom,2,312.35,408,156.175,0.0,0.0,0.0,0.0,82,None,False
17327,Low-Activity / Long-Recency,DORMANT,United Kingdom,2,152.35,409,76.175,0.0,0.0,0.0,0.0,3,None,False
17328,Unsegmented (Insufficient History),DORMANT,United Kingdom,1,104.7,673,104.7,0.0,0.0,0.0,0.0,6,None,True
17329,Emerging Engagement,ENGAGED,United Kingdom,5,998.53,14,199.706,279.75,0.0,1.0,1.0,80,POSITIVE_MOMENTUM,False
17330,Emerging Engagement,ENGAGED,United Kingdom,4,423.8,22,105.95,363.9,0.0,1.0,1.0,7,POSITIVE_MOMENTUM,False
17331,Unsegmented (Insufficient History),DORMANT,United Kingdom,1,175.2,123,175.2,0.0,175.2,-1.0,-1.0,1,None,True
17332,Low-Activity / Long-Recency,DORMANT,United Kingdom,5,838.27,528,167.654,0.0,0.0,0.0,0.0,82,None,False
17333,Unsegmented (Insufficient History),SOFTENING,United Kingdom,1,494.25,85,494.25,494.25,0.0,1.0,1.0,28,POSITIVE_MOMENTUM,True
17334,Low-Activity / Long-Recency,DORMANT,United Kingdom,3,635.15,302,211.7167,0.0,0.0,0.0,0.0,20,None,False
17335,Low-Activity / Long-Recency,DORMANT,United Kingdom,2,497.04,383,248.52,0.0,0.0,0.0,0.0,34,None,False
17336,Unsegmented (Insufficient History),DORMANT,United Kingdom,1,81.12,472,81.12,0.0,0.0,0.0,0.0,1,None,True
17337,Low-Activity / Long-Recency,DORMANT,United Kingdom,4,1981.06,151,495.265,0.0,32.95,-1.0,-1.0,421,BROAD_ENGAGEMENT_SOFTENING,False
17338,High-Value Stable,SOFTENING,United Kingdom,17,11889.33,17,699.3724,1329.62,1543.07,-0.1383,-0.5,590,BROAD_ENGAGEMENT_SOFTENING,False
17339,Low-Activity / Long-Recency,SOFTENING,United Kingdom,3,302.36,94,100.7867,0.0,183.36,-1.0,-1.0,10,None,False
17340,High-Value Stable,SOFTENING,United Kingdom,18,19617.95,29,1089.8861,4759.64,1790.84,1.6578,0.3333,322,POSITIVE_MOMENTUM,False
17341,Low-Activity / Long-Recency,DORMANT,United Kingdom,5,1272.21,156,254.442,0.0,265.68,-1.0,-1.0,200,BROAD_ENGAGEMENT_SOFTENING,False
17342,Low-Activity / Long-Recency,DORMANT,United Kingdom,4,1227.54,379,306.885,0.0,0.0,0.0,0.0,31,None,False
17343,Low-Activity / Long-Recency,DORMANT,United Kingdom,6,1259.94,355,209.99,0.0,0.0,0.0,0.0,61,None,False
17344,Emerging Engagement,ENGAGED,United Kingdom,2,457.36,46,228.68,157.62,0.0,1.0,1.0,64,POSITIVE_MOMENTUM,False
17345,High-Value Stable,ENGAGED,United Kingdom,10,1586.63,15,158.663,238.51,155.8,0.5309,0.0,174,HIGH_FREQUENCY_LOW_VALUE,False
17346,High-Value Stable,ENGAGED,United Kingdom,26,4998.61,3,192.2542,1394.1,298.94,3.6635,2.5,517,POSITIVE_MOMENTUM,False
17347,Unsegmented (Insufficient History),SOFTENING,United Kingdom,1,228.96,86,228.96,228.96,0.0,1.0,1.0,1,POSITIVE_MOMENTUM,True
17348,High-Value Stable,ENGAGED,United Kingdom,9,2442.29,14,271.3656,996.45,0.0,1.0,1.0,326,POSITIVE_MOMENTUM,False
17349,Low-Activity / Long-Recency,DORMANT,United Kingdom,5,772.41,179,154.482,0.0,98.25,-1.0,-1.0,74,None,False
17350,Emerging Engagement,ENGAGED,United Kingdom,7,1893.701,8,270.5287,1281.32,0.0,1.0,1.0,124,POSITIVE_MOMENTUM,False
17351,High-Value Stable,ENGAGED,United Kingdom,12,1988.23,36,165.6858,159.85,228.7,-0.301,0.0,45,HIGH_FREQUENCY_LOW_VALUE,False
17352,Unsegmented (Insufficient History),DORMANT,United Kingdom,1,36.25,696,36.25,0.0,0.0,0.0,0.0,5,None,True
17353,Low-Activity / Long-Recency,DORMANT,United Kingdom,4,3242.0,129,810.5,0.0,1740.0,-1.0,-1.0,7,HIGH_VALUE_SOFTENING,False
17354,Emerging Engagement,ENGAGED,United Kingdom,4,3133.96,50,783.49,1393.06,0.0,1.0,1.0,85,POSITIVE_MOMENTUM,False
17355,Unsegmented (Insufficient History),DORMANT,United Kingdom,1,273.31,386,273.31,0.0,0.0,0.0,0.0,28,None,True
17356,Low-Activity / Long-Recency,DORMANT,United Kingdom,5,946.47,311,189.294,0.0,0.0,0.0,0.0,73,None,False
17357,Unsegmented (Insufficient History),EMERGING,United Kingdom,2,384.39,24,192.195,384.39,0.0,1.0,1.0,41,EMERGING_BROADENING,True
17358,Low-Activity / Long-Recency,DORMANT,United Kingdom,5,861.01,303,172.202,0.0,0.0,0.0,0.0,126,None,False
17359,Emerging Engagement,ENGAGED,United Kingdom,2,284.46,11,142.23,127.86,0.0,1.0,1.0,36,POSITIVE_MOMENTUM,False
17360,Emerging Engagement,ENGAGED,United Kingdom,6,1200.51,17,200.085,247.34,0.0,1.0,1.0,189,POSITIVE_MOMENTUM,False
17361,Emerging Engagement,ENGAGED,United Kingdom,5,871.79,49,174.358,224.28,0.0,1.0,1.0,51,POSITIVE_MOMENTUM,False
17362,Low-Activity / Long-Recency,DORMANT,United Kingdom,7,1024.04,239,146.2914,0.0,0.0,0.0,0.0,99,None,False
17363,Low-Activity / Long-Recency,DORMANT,United Kingdom,3,920.46,395,306.82,0.0,0.0,0.0,0.0,34,None,False
17364,High-Value Stable,ENGAGED,United Kingdom,28,11972.92,0,427.6043,1845.27,531.96,2.4688,4.0,513,POSITIVE_MOMENTUM,False
17365,Emerging Engagement,ENGAGED,United Kingdom,15,8184.49,12,545.6327,2430.55,443.82,4.4764,2.0,395,POSITIVE_MOMENTUM,False
17366,Low-Activity / Long-Recency,DORMANT,United Kingdom,2,1077.24,432,538.62,0.0,0.0,0.0,0.0,120,None,False
17367,Unsegmented (Insufficient History),DORMANT,United Kingdom,1,167.55,238,167.55,0.0,0.0,0.0,0.0,33,None,True
17368,High-Value Stable,ENGAGED,United Kingdom,14,2758.29,23,197.0207,273.8,716.15,-0.6177,-0.3333,195,HIGH_FREQUENCY_LOW_VALUE,False
17369,Unsegmented (Insufficient History),DORMANT,United Kingdom,1,979.2,455,979.2,0.0,0.0,0.0,0.0,1,None,True
17370,Low-Activity / Long-Recency,SOFTENING,United Kingdom,4,446.18,72,111.545,218.12,228.06,-0.0436,0.0,31,None,False
17371,Emerging Engagement,ENGAGED,United Kingdom,6,655.37,17,109.2283,326.26,0.0,1.0,1.0,135,POSITIVE_MOMENTUM,False
17372,High-Value Stable,ENGAGED,United Kingdom,28,4347.31,40,155.2611,281.55,185.82,0.5152,1.0,412,POSITIVE_MOMENTUM,False
17373,Emerging Engagement,SOFTENING,United Kingdom,7,1167.5,40,166.7857,359.62,142.05,1.5316,1.0,65,POSITIVE_MOMENTUM,False
17374,Low-Activity / Long-Recency,DORMANT,United Kingdom,3,727.11,218,242.37,0.0,0.0,0.0,0.0,34,None,False
17375,Low-Activity / Long-Recency,DORMANT,United Kingdom,4,660.55,199,165.1375,0.0,0.0,0.0,0.0,77,None,False
17376,Emerging Engagement,SOFTENING,United Kingdom,4,453.64,70,113.41,97.35,0.0,1.0,1.0,41,POSITIVE_MOMENTUM,False
17377,High-Value Stable,ENGAGED,United Kingdom,78,17644.27,23,226.2086,2017.98,442.72,3.5581,4.5,505,POSITIVE_MOMENTUM,False
17378,Unsegmented (Insufficient History),DORMANT,United Kingdom,1,10.95,374,10.95,0.0,0.0,0.0,0.0,1,None,True
17379,Unsegmented (Insufficient History),EMERGING,United Kingdom,1,389.72,11,389.72,389.72,0.0,1.0,1.0,71,EMERGING_BROADENING,True
17380,Low-Activity / Long-Recency,DORMANT,United Kingdom,3,645.0,434,215.0,0.0,0.0,0.0,0.0,5,None,False
17381,High-Value Stable,ENGAGED,United Kingdom,38,36398.65,8,957.8592,2013.96,4443.52,-0.5468,-0.375,50,HIGH_VALUE_SOFTENING,False
17382,Emerging Engagement,ENGAGED,United Kingdom,8,902.28,65,112.785,65.4,0.0,1.0,1.0,16,HIGH_FREQUENCY_LOW_VALUE,False
17383,Emerging Engagement,REACTIVATED,United Kingdom,2,304.09,4,152.045,193.39,0.0,1.0,1.0,51,POSITIVE_MOMENTUM,False
17384,Emerging Engagement,ENGAGED,United Kingdom,3,507.55,19,169.1833,108.75,0.0,1.0,1.0,15,POSITIVE_MOMENTUM,False
17385,Unsegmented (Insufficient History),EMERGING,United Kingdom,1,256.11,14,256.11,256.11,0.0,1.0,1.0,42,EMERGING_BROADENING,True
17386,Low-Activity / Long-Recency,SOFTENING,United Kingdom,7,2812.77,7,401.8243,989.08,1697.34,-0.4173,-0.8,32,None,False
17387,Unsegmented (Insufficient History),EMERGING,United Kingdom,2,746.81,19,373.405,746.81,0.0,1.0,1.0,71,EMERGING_BROADENING,True
17388,High-Value Stable,SOFTENING,United Kingdom,11,2675.37,77,243.2155,306.53,189.83,0.6148,0.0,41,None,False
17389,High-Value Stable,ENGAGED,United Kingdom,61,57215.33,0,937.9562,22329.6,4376.54,4.1021,-0.1818,63,None,False
17390,Unsegmented (Insufficient History),DORMANT,United Kingdom,1,149.3,420,149.3,0.0,0.0,0.0,0.0,12,None,True
17391,Low-Activity / Long-Recency,DORMANT,United Kingdom,2,508.8,163,254.4,0.0,508.8,-1.0,-1.0,2,None,False
17392,Low-Activity / Long-Recency,DORMANT,United Kingdom,3,585.92,306,195.3067,0.0,0.0,0.0,0.0,66,None,False
17393,Low-Activity / Long-Recency,DORMANT,United Kingdom,2,381.15,410,190.575,0.0,0.0,0.0,0.0,45,None,False
17394,Unsegmented (Insufficient History),DORMANT,United Kingdom,1,203.87,219,203.87,0.0,0.0,0.0,0.0,4,None,True
17395,Unsegmented (Insufficient History),DORMANT,United Kingdom,1,97.5,508,97.5,0.0,0.0,0.0,0.0,3,None,True
17396,High-Value Stable,SOFTENING,United Kingdom,14,8409.6,39,600.6857,2529.0,4404.3,-0.4258,-0.6,29,HIGH_VALUE_SOFTENING,False
17397,Emerging Engagement,ENGAGED,United Kingdom,3,1198.28,22,399.4267,681.41,0.0,1.0,1.0,132,POSITIVE_MOMENTUM,False
17398,Low-Activity / Long-Recency,DORMANT,United Kingdom,3,653.38,114,217.7933,0.0,124.93,-1.0,-1.0,30,None,False
17400,High-Value Stable,DORMANT,United Kingdom,8,4623.28,126,577.91,0.0,791.22,-1.0,-1.0,345,HIGH_VALUE_SOFTENING,False
17401,Unsegmented (Insufficient History),DORMANT,United Kingdom,1,114.85,541,114.85,0.0,0.0,0.0,0.0,11,None,True
17402,High-Value Stable,ENGAGED,United Kingdom,23,4635.56,4,201.5461,901.4,721.8,0.2488,0.6667,105,HIGH_FREQUENCY_LOW_VALUE,False
17403,Emerging Engagement,ENGAGED,United Kingdom,2,382.87,36,191.435,263.92,0.0,1.0,1.0,45,POSITIVE_MOMENTUM,False
17404,High-Value Stable,ENGAGED,Sweden,23,47781.12,4,2077.44,10902.52,7150.68,0.5247,0.25,126,POSITIVE_MOMENTUM,False
17405,Emerging Engagement,SOFTENING,United Kingdom,3,1031.41,1,343.8033,638.1,393.31,0.6224,1.0,77,POSITIVE_MOMENTUM,False
17406,High-Value Stable,DORMANT,United Kingdom,13,4186.95,333,322.0731,0.0,0.0,0.0,0.0,155,HISTORICAL_VALUE_DORMANT,False
17407,Unsegmented (Insufficient History),DORMANT,United Kingdom,1,552.9,411,552.9,0.0,0.0,0.0,0.0,23,None,True
17408,Low-Activity / Long-Recency,DORMANT,United Kingdom,3,316.09,163,105.3633,0.0,32.65,-1.0,-1.0,7,None,False
17409,High-Value Stable,DORMANT,United Kingdom,10,7793.51,184,779.351,0.0,0.0,0.0,0.0,50,HISTORICAL_VALUE_DORMANT,False
17410,Emerging Engagement,ENGAGED,United Kingdom,5,1214.72,16,242.944,795.17,117.15,5.7876,2.0,57,POSITIVE_MOMENTUM,False
17411,Emerging Engagement,ENGAGED,United Kingdom,5,1425.38,12,285.076,493.36,0.0,1.0,1.0,69,POSITIVE_MOMENTUM,False
17412,High-Value Stable,ENGAGED,United Kingdom,16,4220.22,2,263.7637,548.24,0.0,1.0,1.0,161,POSITIVE_MOMENTUM,False
17413,Low-Activity / Long-Recency,DORMANT,United Kingdom,2,560.14,404,280.07,0.0,0.0,0.0,0.0,10,None,False
17414,Emerging Engagement,ENGAGED,United Kingdom,6,2249.52,43,374.92,180.0,0.0,1.0,1.0,6,POSITIVE_MOMENTUM,False
17415,Unsegmented (Insufficient History),SOFTENING,United Kingdom,1,507.84,79,507.84,507.84,0.0,1.0,1.0,14,POSITIVE_MOMENTUM,True
17416,High-Value Stable,SOFTENING,United Kingdom,22,17298.45,29,786.2932,1598.93,1846.48,-0.1341,0.0,324,None,False
17417,Unsegmented (Insufficient History),DORMANT,United Kingdom,1,164.18,548,164.18,0.0,0.0,0.0,0.0,16,None,True
17418,Emerging Engagement,ENGAGED,United Kingdom,3,670.06,42,223.3533,296.07,0.0,1.0,1.0,40,POSITIVE_MOMENTUM,False
17419,High-Value Stable,ENGAGED,United Kingdom,18,6126.25,11,340.3472,1566.57,614.2,1.5506,3.0,203,POSITIVE_MOMENTUM,False
17420,Low-Activity / Long-Recency,ENGAGED,United Kingdom,6,953.58,50,158.93,207.32,260.66,-0.2046,0.0,43,None,False
17421,Low-Activity / Long-Recency,DORMANT,United Kingdom,3,1059.41,386,353.1367,0.0,0.0,0.0,0.0,46,None,False
17422,High-Value Stable,SOFTENING,United Kingdom,11,3594.76,16,326.7964,280.4,695.86,-0.597,-0.5,149,HIGH_VALUE_SOFTENING,False
17423,Emerging Engagement,ENGAGED,United Kingdom,3,1118.95,46,372.9833,248.99,0.0,1.0,1.0,39,POSITIVE_MOMENTUM,False
17425,Unsegmented (Insufficient History),EMERGING,United Kingdom,2,759.17,19,379.585,759.17,0.0,1.0,1.0,42,EMERGING_BROADENING,True
17426,High-Value Stable,ENGAGED,United Kingdom,13,8077.77,8,621.3669,756.67,3086.71,-0.7549,-0.3333,248,HIGH_VALUE_SOFTENING,False
17427,Unsegmented (Insufficient History),SOFTENING,United Kingdom,1,100.8,71,100.8,100.8,0.0,1.0,1.0,2,POSITIVE_MOMENTUM,True
17428,High-Value Stable,ENGAGED,United Kingdom,45,31466.76,0,699.2613,6595.76,3372.27,0.9559,0.1429,422,None,False
17429,Low-Activity / Long-Recency,DORMANT,United Kingdom,5,1357.46,128,271.492,0.0,148.78,-1.0,-1.0,80,None,False
17430,Emerging Engagement,ENGAGED,United Kingdom,4,622.57,32,155.6425,153.16,0.0,1.0,1.0,30,POSITIVE_MOMENTUM,False
17431,Unsegmented (Insufficient History),DORMANT,United Kingdom,1,403.3,313,403.3,0.0,0.0,0.0,0.0,41,None,True
17432,Emerging Engagement,ENGAGED,United Kingdom,9,1728.99,18,192.11,365.76,0.0,1.0,1.0,213,POSITIVE_MOMENTUM,False
17433,Emerging Engagement,SOFTENING,United Kingdom,2,569.96,88,284.98,303.16,0.0,1.0,1.0,81,POSITIVE_MOMENTUM,False
17434,Unsegmented (Insufficient History),ENGAGED,United Kingdom,7,2373.82,2,339.1171,2373.82,0.0,1.0,1.0,100,POSITIVE_MOMENTUM,True
17435,Unsegmented (Insufficient History),DORMANT,United Kingdom,1,331.35,411,331.35,0.0,0.0,0.0,0.0,15,None,True
17436,Emerging Engagement,REACTIVATED,United Kingdom,5,534.06,1,106.812,93.9,0.0,1.0,1.0,8,POSITIVE_MOMENTUM,False
17437,Unsegmented (Insufficient History),DORMANT,United Kingdom,1,369.68,529,369.68,0.0,0.0,0.0,0.0,52,None,True
17438,Low-Activity / Long-Recency,DORMANT,United Kingdom,5,1422.77,253,284.554,0.0,0.0,0.0,0.0,49,None,False
17439,Unsegmented (Insufficient History),DORMANT,United Kingdom,1,325.74,655,325.74,0.0,0.0,0.0,0.0,8,None,True
17440,Low-Activity / Long-Recency,DORMANT,United Kingdom,4,323.58,156,80.895,0.0,61.8,-1.0,-1.0,4,None,False
17441,Unsegmented (Insufficient History),DORMANT,United Kingdom,1,293.35,732,293.35,0.0,0.0,0.0,0.0,21,None,True
17442,High-Value Stable,SOFTENING,United Kingdom,15,4620.3,36,308.02,326.87,1106.86,-0.7047,-0.6667,188,HIGH_VALUE_SOFTENING,False
17443,Unsegmented (Insufficient History),DORMANT,Canada,1,534.24,219,534.24,0.0,0.0,0.0,0.0,1,None,True
17444,Low-Activity / Long-Recency,DORMANT,Canada,3,2940.04,147,980.0133,0.0,2940.04,-1.0,-1.0,132,HIGH_VALUE_SOFTENING,False
17446,Low-Activity / Long-Recency,DORMANT,United Kingdom,2,120.9,176,60.45,0.0,52.8,-1.0,-1.0,6,None,False
17447,Unsegmented (Insufficient History),ENGAGED,United Kingdom,2,541.53,40,270.765,541.53,0.0,1.0,1.0,33,POSITIVE_MOMENTUM,True
17448,High-Value Stable,DORMANT,United Kingdom,46,14523.67,497,315.732,0.0,0.0,0.0,0.0,569,HISTORICAL_VALUE_DORMANT,False
17449,Emerging Engagement,ENGAGED,United Kingdom,13,4868.15,2,374.4731,1021.66,174.86,4.8427,2.0,292,POSITIVE_MOMENTUM,False
17450,High-Value Stable,SOFTENING,United Kingdom,51,244784.25,8,4799.6912,108089.25,30541.28,2.5391,1.5556,144,POSITIVE_MOMENTUM,False
17451,Emerging Engagement,ENGAGED,United Kingdom,7,1721.4,1,245.9143,1375.39,346.01,2.975,5.0,83,POSITIVE_MOMENTUM,False
17453,Unsegmented (Insufficient History),EMERGING,United Kingdom,2,486.72,17,243.36,486.72,0.0,1.0,1.0,19,EMERGING_BROADENING,True
17454,High-Value Stable,DORMANT,United Kingdom,10,1547.94,192,154.794,0.0,0.0,0.0,0.0,98,HIGH_FREQUENCY_LOW_VALUE,False
17455,Unsegmented (Insufficient History),DORMANT,United Kingdom,1,131.7,203,131.7,0.0,0.0,0.0,0.0,8,None,True
17456,Low-Activity / Long-Recency,DORMANT,United Kingdom,2,975.56,365,487.78,0.0,0.0,0.0,0.0,59,None,False
17457,High-Value Stable,DORMANT,United Kingdom,14,5984.81,126,427.4864,0.0,340.06,-1.0,-1.0,30,HIGH_VALUE_SOFTENING,False
17458,Emerging Engagement,ENGAGED,United Kingdom,2,529.58,15,264.79,316.5,0.0,1.0,1.0,81,POSITIVE_MOMENTUM,False
17459,Unsegmented (Insufficient History),EMERGING,United Kingdom,2,657.3,43,328.65,657.3,0.0,1.0,1.0,88,EMERGING_BROADENING,True
17460,High-Value Stable,SOFTENING,United Kingdom,16,2157.97,94,134.8731,0.0,159.85,-1.0,-1.0,93,HIGH_FREQUENCY_LOW_VALUE,False
17461,Unsegmented (Insufficient History),EMERGING,United Kingdom,3,735.82,22,245.2733,735.82,0.0,1.0,1.0,104,EMERGING_BROADENING,True
17462,Emerging Engagement,ENGAGED,United Kingdom,2,675.69,60,337.845,212.28,0.0,1.0,1.0,25,POSITIVE_MOMENTUM,False
17463,Emerging Engagement,ENGAGED,United Kingdom,7,2535.26,16,362.18,648.27,301.88,1.1474,1.0,234,POSITIVE_MOMENTUM,False
17464,Low-Activity / Long-Recency,DORMANT,United Kingdom,3,907.14,158,302.38,0.0,289.96,-1.0,-1.0,35,None,False
17465,Low-Activity / Long-Recency,DORMANT,United Kingdom,7,2542.79,425,363.2557,0.0,0.0,0.0,0.0,103,None,False
17466,Unsegmented (Insufficient History),ENGAGED,United Kingdom,2,763.28,10,381.64,763.28,0.0,1.0,1.0,41,POSITIVE_MOMENTUM,True
17467,Unsegmented (Insufficient History),DORMANT,United Kingdom,1,102.6,395,102.6,0.0,0.0,0.0,0.0,4,None,True
17468,Emerging Engagement,ENGAGED,United Kingdom,3,194.8,10,64.9333,137.0,0.0,1.0,1.0,8,POSITIVE_MOMENTUM,False
17469,High-Value Stable,SOFTENING,United Kingdom,17,5051.25,16,297.1324,820.7,744.91,0.1017,0.0,165,None,False
17470,High-Value Stable,ENGAGED,United Kingdom,11,2626.47,44,238.77,308.6,193.36,0.596,0.0,111,None,False
17471,Unsegmented (Insufficient History),DORMANT,United Kingdom,1,321.65,474,321.65,0.0,0.0,0.0,0.0,19,None,True
17472,Low-Activity / Long-Recency,DORMANT,United Kingdom,4,922.35,191,230.5875,0.0,0.0,0.0,0.0,183,None,False
17473,Low-Activity / Long-Recency,DORMANT,United Kingdom,2,607.0,408,303.5,0.0,0.0,0.0,0.0,33,None,False
17474,Unsegmented (Insufficient History),DORMANT,United Kingdom,1,1047.0,599,1047.0,0.0,0.0,0.0,0.0,6,None,True
17475,Unsegmented (Insufficient History),SOFTENING,United Kingdom,1,194.37,79,194.37,194.37,0.0,1.0,1.0,14,POSITIVE_MOMENTUM,True
17476,Low-Activity / Long-Recency,DORMANT,United Kingdom,2,489.86,395,244.93,0.0,0.0,0.0,0.0,29,None,False
17477,Low-Activity / Long-Recency,DORMANT,United Kingdom,2,1144.3,612,572.15,0.0,0.0,0.0,0.0,44,None,False
17478,Low-Activity / Long-Recency,DORMANT,United Kingdom,2,1272.8,408,636.4,0.0,0.0,0.0,0.0,40,None,False
17479,Unsegmented (Insufficient History),DORMANT,United Kingdom,1,389.26,632,389.26,0.0,0.0,0.0,0.0,18,None,True
17480,Emerging Engagement,SOFTENING,United Kingdom,2,882.23,77,441.115,511.82,0.0,1.0,1.0,50,POSITIVE_MOMENTUM,False
17481,Emerging Engagement,ENGAGED,United Kingdom,4,1255.59,3,313.8975,994.96,260.63,2.8175,2.0,69,POSITIVE_MOMENTUM,False
17482,Low-Activity / Long-Recency,DORMANT,United Kingdom,2,775.64,487,387.82,0.0,0.0,0.0,0.0,50,None,False
17483,Low-Activity / Long-Recency,ENGAGED,United Kingdom,4,591.73,65,147.9325,139.3,119.64,0.1643,0.0,23,None,False
17484,Low-Activity / Long-Recency,DORMANT,United Kingdom,2,209.57,576,104.785,0.0,0.0,0.0,0.0,14,None,False
17486,Unsegmented (Insufficient History),DORMANT,United Kingdom,1,396.87,261,396.87,0.0,0.0,0.0,0.0,24,None,True
17487,Unsegmented (Insufficient History),DORMANT,United Kingdom,1,160.55,728,160.55,0.0,0.0,0.0,0.0,8,None,True
17488,Unsegmented (Insufficient History),DORMANT,United Kingdom,1,336.5,641,336.5,0.0,0.0,0.0,0.0,18,None,True
17489,Emerging Engagement,ENGAGED,United Kingdom,2,376.64,58,188.32,168.08,0.0,1.0,1.0,28,POSITIVE_MOMENTUM,False
17490,Emerging Engagement,ENGAGED,United Kingdom,9,2750.5,0,305.6111,1787.12,305.2,4.8556,5.0,93,POSITIVE_MOMENTUM,False
17491,High-Value Stable,ENGAGED,United Kingdom,17,5653.67,1,332.5688,1440.76,793.25,0.8163,1.0,105,POSITIVE_MOMENTUM,False
17492,Low-Activity / Long-Recency,DORMANT,United Kingdom,3,1122.42,248,374.14,0.0,0.0,0.0,0.0,32,None,False
17493,Unsegmented (Insufficient History),DORMANT,United Kingdom,1,100.91,385,100.91,0.0,0.0,0.0,0.0,8,None,True
17494,Unsegmented (Insufficient History),DORMANT,United Kingdom,1,54.7,501,54.7,0.0,0.0,0.0,0.0,3,None,True
17495,Emerging Engagement,ENGAGED,United Kingdom,3,806.72,7,268.9067,497.56,0.0,1.0,1.0,38,POSITIVE_MOMENTUM,False
17496,Low-Activity / Long-Recency,DORMANT,United Kingdom,4,1412.89,358,353.2225,0.0,0.0,0.0,0.0,54,None,False
17497,Low-Activity / Long-Recency,DORMANT,United Kingdom,2,287.25,390,143.625,0.0,0.0,0.0,0.0,7,None,False
17498,Unsegmented (Insufficient History),SOFTENING,United Kingdom,1,272.22,75,272.22,272.22,0.0,1.0,1.0,17,POSITIVE_MOMENTUM,True
17499,Low-Activity / Long-Recency,DORMANT,United Kingdom,2,1341.39,289,670.695,0.0,0.0,0.0,0.0,66,None,False
17500,Unsegmented (Insufficient History),EMERGING,United Kingdom,3,1138.0,17,379.3333,1138.0,0.0,1.0,1.0,3,EMERGING_BROADENING,True
17501,Low-Activity / Long-Recency,DORMANT,United Kingdom,2,288.6,220,144.3,0.0,0.0,0.0,0.0,18,None,False
17502,Unsegmented (Insufficient History),EMERGING,United Kingdom,4,689.1,9,172.275,689.1,0.0,1.0,1.0,25,EMERGING_BROADENING,True
17503,Unsegmented (Insufficient History),EMERGING,United Kingdom,2,558.96,2,279.48,558.96,0.0,1.0,1.0,36,EMERGING_BROADENING,True
17504,High-Value Stable,DORMANT,United Kingdom,18,9490.17,206,527.2317,0.0,0.0,0.0,0.0,244,HISTORICAL_VALUE_DORMANT,False
17505,Low-Activity / Long-Recency,DORMANT,United Kingdom,5,2435.48,161,487.096,0.0,658.85,-1.0,-1.0,83,None,False
17506,Unsegmented (Insufficient History),SOFTENING,United Kingdom,1,302.2,75,302.2,302.2,0.0,1.0,1.0,14,POSITIVE_MOMENTUM,True
17507,Low-Activity / Long-Recency,DORMANT,United Kingdom,2,605.58,261,302.79,0.0,0.0,0.0,0.0,79,None,False
17508,High-Value Stable,DORMANT,Greece,8,4579.23,280,572.4037,0.0,0.0,0.0,0.0,199,HISTORICAL_VALUE_DORMANT,False
17509,Unsegmented (Insufficient History),EMERGING,United Kingdom,8,6083.64,57,760.455,6083.64,0.0,1.0,1.0,75,EMERGING_BROADENING,True
17510,Emerging Engagement,ENGAGED,United Kingdom,2,514.56,24,257.28,308.48,0.0,1.0,1.0,28,POSITIVE_MOMENTUM,False
17511,High-Value Stable,ENGAGED,United Kingdom,60,172132.87,2,2868.8812,31686.63,23625.35,0.3412,0.6667,657,POSITIVE_MOMENTUM,False
17512,High-Value Stable,ENGAGED,United Kingdom,18,5467.82,28,303.7678,1033.09,589.48,0.7525,0.0,102,None,False
17513,Emerging Engagement,SOFTENING,United Kingdom,3,1158.8,72,386.2667,513.2,0.0,1.0,1.0,18,POSITIVE_MOMENTUM,False
17514,Low-Activity / Long-Recency,DORMANT,United Kingdom,2,522.0,128,261.0,0.0,208.65,-1.0,-1.0,72,None,False
17515,Emerging Engagement,ENGAGED,United Kingdom,9,1602.51,31,178.0567,67.65,0.0,1.0,1.0,91,POSITIVE_MOMENTUM,False
17516,High-Value Stable,ENGAGED,United Kingdom,6,947.5,15,157.9167,159.23,153.64,0.0364,0.0,150,None,False
17517,Unsegmented (Insufficient History),DORMANT,United Kingdom,1,153.94,308,153.94,0.0,0.0,0.0,0.0,11,None,True
17518,Low-Activity / Long-Recency,DORMANT,United Kingdom,2,329.42,425,164.71,0.0,0.0,0.0,0.0,71,None,False
17519,High-Value Stable,ENGAGED,United Kingdom,15,4774.17,17,318.278,356.02,532.4,-0.3313,-0.5,142,BROAD_ENGAGEMENT_SOFTENING,False
17520,Unsegmented (Insufficient History),EMERGING,United Kingdom,1,546.81,53,546.81,546.81,0.0,1.0,1.0,30,EMERGING_BROADENING,True
17521,Emerging Engagement,ENGAGED,United Kingdom,5,1278.06,29,255.612,563.65,0.0,1.0,1.0,65,POSITIVE_MOMENTUM,False
17522,Low-Activity / Long-Recency,REACTIVATED,United Kingdom,5,1070.71,1,214.142,158.46,124.71,0.2706,0.0,59,None,False
17523,Unsegmented (Insufficient History),EMERGING,United Kingdom,4,652.74,11,163.185,652.74,0.0,1.0,1.0,25,EMERGING_BROADENING,True
17524,Low-Activity / Long-Recency,DORMANT,United Kingdom,3,539.14,361,179.7133,0.0,0.0,0.0,0.0,37,None,False
17525,Low-Activity / Long-Recency,DORMANT,United Kingdom,3,1161.9,359,387.3,0.0,0.0,0.0,0.0,19,None,False
17526,High-Value Stable,REACTIVATED,United Kingdom,12,3939.24,4,328.27,323.1,0.0,1.0,1.0,67,POSITIVE_MOMENTUM,False
17527,Emerging Engagement,SOFTENING,United Kingdom,4,939.37,53,234.8425,332.75,314.51,0.058,1.0,45,None,False
17528,Unsegmented (Insufficient History),ENGAGED,United Kingdom,8,3628.5,1,453.5625,3628.5,0.0,1.0,1.0,183,POSITIVE_MOMENTUM,True
17529,Low-Activity / Long-Recency,DORMANT,United Kingdom,2,1240.25,610,620.125,0.0,0.0,0.0,0.0,78,None,False
17530,High-Value Stable,ENGAGED,United Kingdom,12,2791.69,1,232.6408,1001.86,0.0,1.0,1.0,359,POSITIVE_MOMENTUM,False
17531,Low-Activity / Long-Recency,DORMANT,United Kingdom,3,1266.82,190,422.2733,0.0,0.0,0.0,0.0,54,None,False
17532,Unsegmented (Insufficient History),DORMANT,United Kingdom,1,65.34,385,65.34,0.0,0.0,0.0,0.0,4,None,True
17533,Unsegmented (Insufficient History),DORMANT,United Kingdom,1,34.8,434,34.8,0.0,0.0,0.0,0.0,1,None,True
17534,Emerging Engagement,ENGAGED,United Kingdom,5,1668.83,53,333.766,223.36,0.0,1.0,1.0,76,POSITIVE_MOMENTUM,False
17535,Unsegmented (Insufficient History),DORMANT,United Kingdom,1,164.4,280,164.4,0.0,0.0,0.0,0.0,13,None,True
17536,Low-Activity / Long-Recency,DORMANT,United Kingdom,3,364.83,177,121.61,0.0,76.5,-1.0,-1.0,16,None,False
17537,Emerging Engagement,ENGAGED,United Kingdom,2,887.67,29,443.835,266.92,0.0,1.0,1.0,74,POSITIVE_MOMENTUM,False
17538,Unsegmented (Insufficient History),EMERGING,United Kingdom,1,98.42,25,98.42,98.42,0.0,1.0,1.0,9,EMERGING_BROADENING,True
17539,Low-Activity / Long-Recency,DORMANT,United Kingdom,4,1176.84,617,294.21,0.0,0.0,0.0,0.0,132,None,False
17540,Emerging Engagement,ENGAGED,United Kingdom,6,1590.6,24,265.1,310.1,0.0,1.0,1.0,41,POSITIVE_MOMENTUM,False
17541,Unsegmented (Insufficient History),DORMANT,United Kingdom,1,119.86,509,119.86,0.0,0.0,0.0,0.0,31,None,True
17542,Low-Activity / Long-Recency,DORMANT,United Kingdom,3,340.85,269,113.6167,0.0,0.0,0.0,0.0,57,None,False
17543,Unsegmented (Insufficient History),DORMANT,United Kingdom,1,120.05,549,120.05,0.0,0.0,0.0,0.0,13,None,True
17544,Low-Activity / Long-Recency,DORMANT,United Kingdom,3,944.82,390,314.94,0.0,0.0,0.0,0.0,80,None,False
17545,Emerging Engagement,ENGAGED,United Kingdom,6,1409.86,43,234.9767,642.32,0.0,1.0,1.0,204,POSITIVE_MOMENTUM,False
17547,Low-Activity / Long-Recency,DORMANT,United Kingdom,2,727.85,375,363.925,0.0,0.0,0.0,0.0,22,None,False
17548,Low-Activity / Long-Recency,DORMANT,United Kingdom,4,731.26,233,182.815,0.0,0.0,0.0,0.0,22,None,False
17549,Unsegmented (Insufficient History),EMERGING,United Kingdom,2,148.86,23,74.43,148.86,0.0,1.0,1.0,5,EMERGING_BROADENING,True
17550,High-Value Stable,DORMANT,United Kingdom,9,2506.64,197,278.5156,0.0,0.0,0.0,0.0,250,None,False
17551,Unsegmented (Insufficient History),DORMANT,United Kingdom,1,290.34,359,290.34,0.0,0.0,0.0,0.0,39,None,True
17552,High-Value Stable,ENGAGED,United Kingdom,12,2786.77,60,232.2308,631.89,0.0,1.0,1.0,78,POSITIVE_MOMENTUM,False
17553,Low-Activity / Long-Recency,DORMANT,United Kingdom,4,3757.6,129,939.4,0.0,1487.6,-1.0,-1.0,2,HIGH_VALUE_SOFTENING,False
17554,High-Value Stable,ENGAGED,United Kingdom,5,1952.45,1,390.49,702.56,1249.89,-0.4379,0.5,58,None,False
17555,Emerging Engagement,ENGAGED,United Kingdom,5,1045.74,19,209.148,284.86,0.0,1.0,1.0,220,POSITIVE_MOMENTUM,False
17556,Low-Activity / Long-Recency,DORMANT,United Kingdom,2,300.67,205,150.335,0.0,0.0,0.0,0.0,13,None,False
17557,Emerging Engagement,ENGAGED,United Kingdom,4,575.46,14,143.865,541.46,0.0,1.0,1.0,28,POSITIVE_MOMENTUM,False
17558,Unsegmented (Insufficient History),DORMANT,United Kingdom,1,259.17,393,259.17,0.0,0.0,0.0,0.0,28,None,True
17559,Unsegmented (Insufficient History),DORMANT,United Kingdom,1,167.62,512,167.62,0.0,0.0,0.0,0.0,12,None,True
17560,Low-Activity / Long-Recency,SOFTENING,United Kingdom,8,1895.8,94,236.975,0.0,368.9,-1.0,-1.0,37,None,False
17561,Emerging Engagement,ENGAGED,United Kingdom,4,703.02,19,175.755,165.12,0.0,1.0,1.0,163,POSITIVE_MOMENTUM,False
17562,Low-Activity / Long-Recency,SOFTENING,United Kingdom,7,1122.38,14,160.34,461.28,661.1,-0.3023,-0.25,48,None,False
17563,Low-Activity / Long-Recency,DORMANT,United Kingdom,2,392.38,578,196.19,0.0,0.0,0.0,0.0,27,None,False
17564,Unsegmented (Insufficient History),ENGAGED,United Kingdom,3,454.01,24,151.3367,454.01,0.0,1.0,1.0,38,POSITIVE_MOMENTUM,True
17565,Unsegmented (Insufficient History),DORMANT,United Kingdom,1,131.83,586,131.83,0.0,0.0,0.0,0.0,30,None,True
17566,Unsegmented (Insufficient History),EMERGING,United Kingdom,2,869.77,8,434.885,869.77,0.0,1.0,1.0,113,EMERGING_BROADENING,True
17567,High-Value Stable,ENGAGED,United Kingdom,9,4838.08,7,537.5644,1406.03,1051.48,0.3372,0.0,128,None,False
17568,Unsegmented (Insufficient History),DORMANT,United Kingdom,1,374.45,633,374.45,0.0,0.0,0.0,0.0,61,None,True
17569,Unsegmented (Insufficient History),DORMANT,United Kingdom,1,344.14,332,344.14,0.0,0.0,0.0,0.0,29,None,True
17570,Unsegmented (Insufficient History),DORMANT,United Kingdom,1,100.0,381,100.0,0.0,0.0,0.0,0.0,1,None,True
17571,Emerging Engagement,ENGAGED,United Kingdom,5,1630.91,50,326.182,866.12,201.25,3.3037,0.0,290,None,False
17572,Low-Activity / Long-Recency,SOFTENING,United Kingdom,10,652.21,71,65.221,30.75,43.8,-0.2979,0.0,14,HIGH_FREQUENCY_LOW_VALUE,False
17573,Emerging Engagement,SOFTENING,United Kingdom,3,380.6,29,126.8667,205.89,174.71,0.1785,1.0,24,None,False
17574,Unsegmented (Insufficient History),DORMANT,United Kingdom,1,185.65,242,185.65,0.0,0.0,0.0,0.0,8,None,True
17575,Unsegmented (Insufficient History),DORMANT,United Kingdom,1,171.7,667,171.7,0.0,0.0,0.0,0.0,5,None,True
17576,High-Value Stable,SOFTENING,United Kingdom,41,8711.95,8,212.4866,1298.58,568.81,1.283,0.25,417,HIGH_FREQUENCY_LOW_VALUE,False
17577,Low-Activity / Long-Recency,DORMANT,United Kingdom,2,348.75,645,174.375,0.0,0.0,0.0,0.0,20,None,False
17578,Low-Activity / Long-Recency,DORMANT,United Kingdom,7,1047.33,218,149.6186,0.0,0.0,0.0,0.0,57,None,False
17579,Low-Activity / Long-Recency,REACTIVATED,United Kingdom,4,753.28,4,188.32,178.04,270.86,-0.3427,-0.5,89,BROAD_ENGAGEMENT_SOFTENING,False
17580,Low-Activity / Long-Recency,DORMANT,United Kingdom,5,541.02,252,108.204,0.0,0.0,0.0,0.0,78,None,False
17581,High-Value Stable,ENGAGED,United Kingdom,43,17951.17,0,417.4691,4502.95,3102.73,0.4513,0.1429,387,None,False
17582,Low-Activity / Long-Recency,DORMANT,United Kingdom,5,1446.95,236,289.39,0.0,0.0,0.0,0.0,92,None,False
17583,Unsegmented (Insufficient History),DORMANT,United Kingdom,1,135.95,560,135.95,0.0,0.0,0.0,0.0,7,None,True
17584,High-Value Stable,ENGAGED,United Kingdom,6,5309.42,7,884.9033,492.85,749.45,-0.3424,0.0,85,HIGH_VALUE_SOFTENING,False
17585,High-Value Stable,DORMANT,United Kingdom,7,2064.71,109,294.9586,0.0,595.15,-1.0,-1.0,295,BROAD_ENGAGEMENT_SOFTENING,False
17586,Unsegmented (Insufficient History),DORMANT,United Kingdom,1,167.4,619,167.4,0.0,0.0,0.0,0.0,8,None,True
17587,Unsegmented (Insufficient History),DORMANT,United Kingdom,1,176.71,628,176.71,0.0,0.0,0.0,0.0,42,None,True
17588,Low-Activity / Long-Recency,DORMANT,United Kingdom,7,2939.55,100,419.9357,0.0,843.0,-1.0,-1.0,35,HIGH_VALUE_SOFTENING,False
17589,High-Value Stable,ENGAGED,United Kingdom,18,13837.94,60,768.7744,561.1,631.65,-0.1117,0.0,601,None,False
17590,Unsegmented (Insufficient History),EMERGING,United Kingdom,3,1468.02,2,489.34,1468.02,0.0,1.0,1.0,162,EMERGING_BROADENING,True
17591,High-Value Stable,SOFTENING,United Kingdom,8,2339.32,73,292.415,362.8,213.6,0.6985,0.0,93,None,False
17592,Unsegmented (Insufficient History),DORMANT,United Kingdom,1,148.3,738,148.3,0.0,0.0,0.0,0.0,13,None,True
17593,High-Value Stable,SOFTENING,United Kingdom,11,8092.32,3,735.6655,678.2,2582.76,-0.7374,-0.6667,311,HIGH_VALUE_SOFTENING,False
17594,Emerging Engagement,SOFTENING,United Kingdom,4,2497.88,85,624.47,678.18,0.0,1.0,1.0,70,POSITIVE_MOMENTUM,False
17595,Unsegmented (Insufficient History),EMERGING,United Kingdom,2,386.69,12,193.345,386.69,0.0,1.0,1.0,68,EMERGING_BROADENING,True
17596,High-Value Stable,ENGAGED,United Kingdom,13,4491.46,23,345.4969,1069.61,449.87,1.3776,2.0,274,POSITIVE_MOMENTUM,False
17597,Low-Activity / Long-Recency,DORMANT,United Kingdom,5,3484.09,213,696.818,0.0,0.0,0.0,0.0,109,HISTORICAL_VALUE_DORMANT,False
17598,Unsegmented (Insufficient History),DORMANT,United Kingdom,1,409.98,381,409.98,0.0,0.0,0.0,0.0,10,None,True
17599,Unsegmented (Insufficient History),DORMANT,United Kingdom,1,52.05,477,52.05,0.0,0.0,0.0,0.0,3,None,True
17600,Unsegmented (Insufficient History),EMERGING,United Kingdom,1,161.67,17,161.67,161.67,0.0,1.0,1.0,13,EMERGING_BROADENING,True
17601,Low-Activity / Long-Recency,DORMANT,United Kingdom,2,413.08,239,206.54,0.0,0.0,0.0,0.0,69,None,False
17602,Emerging Engagement,ENGAGED,United Kingdom,14,7354.43,2,525.3164,4144.87,142.5,28.0868,3.0,450,POSITIVE_MOMENTUM,False
17603,Emerging Engagement,SOFTENING,United Kingdom,4,1788.38,78,447.095,394.72,0.0,1.0,1.0,104,POSITIVE_MOMENTUM,False
17604,Low-Activity / Long-Recency,DORMANT,United Kingdom,6,942.38,217,157.0633,0.0,0.0,0.0,0.0,142,None,False
17605,Unsegmented (Insufficient History),DORMANT,United Kingdom,1,160.75,590,160.75,0.0,0.0,0.0,0.0,13,None,True
17606,Unsegmented (Insufficient History),DORMANT,United Kingdom,1,87.3,737,87.3,0.0,0.0,0.0,0.0,6,None,True
17607,Unsegmented (Insufficient History),DORMANT,United Kingdom,1,333.81,376,333.81,0.0,0.0,0.0,0.0,22,None,True
17608,Emerging Engagement,ENGAGED,United Kingdom,4,488.06,33,122.015,191.99,0.0,1.0,1.0,134,POSITIVE_MOMENTUM,False
17609,High-Value Stable,ENGAGED,United Kingdom,11,1887.9,40,171.6273,574.53,0.0,1.0,1.0,317,POSITIVE_MOMENTUM,False
17610,Low-Activity / Long-Recency,DORMANT,United Kingdom,5,1511.94,540,302.388,0.0,0.0,0.0,0.0,114,None,False
17611,High-Value Stable,ENGAGED,United Kingdom,28,8337.53,7,297.7689,1259.97,702.31,0.794,1.0,722,POSITIVE_MOMENTUM,False
17612,High-Value Stable,SOFTENING,United Kingdom,18,5394.86,53,299.7144,365.51,1017.19,-0.6407,-0.6667,213,HIGH_VALUE_SOFTENING,False
17613,High-Value Stable,ENGAGED,United Kingdom,14,4544.55,22,324.6107,1567.86,464.28,2.377,1.5,211,POSITIVE_MOMENTUM,False
17614,Unsegmented (Insufficient History),EMERGING,United Kingdom,1,386.32,57,386.32,386.32,0.0,1.0,1.0,97,EMERGING_BROADENING,True
17615,Low-Activity / Long-Recency,DORMANT,United Kingdom,6,721.8,130,120.3,0.0,57.3,-1.0,-1.0,47,None,False
17616,Low-Activity / Long-Recency,DORMANT,United Kingdom,4,734.4,173,183.6,0.0,163.2,-1.0,-1.0,1,None,False
17617,Unsegmented (Insufficient History),DORMANT,United Kingdom,1,385.19,558,385.19,0.0,0.0,0.0,0.0,18,None,True
17618,High-Value Stable,REACTIVATED,United Kingdom,11,4001.64,5,363.7855,304.8,0.0,1.0,1.0,202,POSITIVE_MOMENTUM,False
17619,Unsegmented (Insufficient History),DORMANT,United Kingdom,1,214.37,312,214.37,0.0,0.0,0.0,0.0,71,None,True
17620,Unsegmented (Insufficient History),EMERGING,United Kingdom,1,81.44,59,81.44,81.44,0.0,1.0,1.0,4,EMERGING_BROADENING,True
17621,Emerging Engagement,ENGAGED,United Kingdom,6,3175.12,21,529.1867,478.12,0.0,1.0,1.0,61,POSITIVE_MOMENTUM,False
17622,Low-Activity / Long-Recency,DORMANT,United Kingdom,2,1130.21,597,565.105,0.0,0.0,0.0,0.0,19,None,False
17623,Emerging Engagement,ENGAGED,United Kingdom,7,2365.77,32,337.9671,527.05,0.0,1.0,1.0,130,POSITIVE_MOMENTUM,False
17624,Emerging Engagement,ENGAGED,United Kingdom,4,1568.63,14,392.1575,443.18,0.0,1.0,1.0,91,POSITIVE_MOMENTUM,False
17625,High-Value Stable,ENGAGED,United Kingdom,8,5978.9,18,747.3625,793.27,685.1,0.1579,1.0,429,None,False
17626,Unsegmented (Insufficient History),DORMANT,United Kingdom,1,254.0,602,254.0,0.0,0.0,0.0,0.0,18,None,True
17627,Unsegmented (Insufficient History),DORMANT,United Kingdom,1,296.36,478,296.36,0.0,0.0,0.0,0.0,10,None,True
17628,Unsegmented (Insufficient History),SOFTENING,United Kingdom,1,75.75,81,75.75,75.75,0.0,1.0,1.0,5,POSITIVE_MOMENTUM,True
17629,Emerging Engagement,ENGAGED,United Kingdom,10,2455.52,5,245.552,1015.74,192.19,4.2851,0.5,129,POSITIVE_MOMENTUM,False
17630,Low-Activity / Long-Recency,DORMANT,United Kingdom,2,503.6,169,251.8,0.0,168.1,-1.0,-1.0,24,None,False
17631,Low-Activity / Long-Recency,REACTIVATED,United Kingdom,7,998.49,1,142.6414,111.83,113.95,-0.0186,0.0,66,None,False
17633,High-Value Stable,SOFTENING,United Kingdom,7,2057.39,31,293.9129,676.23,648.61,0.0426,0.0,84,None,False
17634,High-Value Stable,ENGAGED,United Kingdom,9,2358.59,36,262.0656,281.52,265.78,0.0592,0.0,209,None,False
17635,Low-Activity / Long-Recency,DORMANT,United Kingdom,3,1265.58,424,421.86,0.0,0.0,0.0,0.0,60,None,False
17636,Unsegmented (Insufficient History),EMERGING,United Kingdom,1,285.56,19,285.56,285.56,0.0,1.0,1.0,20,EMERGING_BROADENING,True
17637,Low-Activity / Long-Recency,ENGAGED,United Kingdom,2,547.06,31,273.53,208.11,338.95,-0.386,0.0,35,None,False
17638,Low-Activity / Long-Recency,DORMANT,United Kingdom,2,842.4,647,421.2,0.0,0.0,0.0,0.0,2,None,False
17639,Low-Activity / Long-Recency,DORMANT,United Kingdom,6,615.17,276,102.5283,0.0,0.0,0.0,0.0,59,None,False
17640,Emerging Engagement,SOFTENING,United Kingdom,6,3168.94,86,528.1567,621.66,0.0,1.0,1.0,48,POSITIVE_MOMENTUM,False
17642,Low-Activity / Long-Recency,DORMANT,United Kingdom,5,1824.49,119,364.898,0.0,712.29,-1.0,-1.0,88,BROAD_ENGAGEMENT_SOFTENING,False
17643,Low-Activity / Long-Recency,DORMANT,United Kingdom,2,439.7,373,219.85,0.0,0.0,0.0,0.0,30,None,False
17644,High-Value Stable,SOFTENING,United Kingdom,20,6028.6,1,301.43,1270.01,703.86,0.8044,0.0,160,None,False
17646,High-Value Stable,DORMANT,United Kingdom,12,3898.79,219,324.8992,0.0,0.0,0.0,0.0,124,HISTORICAL_VALUE_DORMANT,False
17647,Emerging Engagement,ENGAGED,United Kingdom,3,331.66,65,110.5533,133.06,0.0,1.0,1.0,12,POSITIVE_MOMENTUM,False
17648,Emerging Engagement,ENGAGED,United Kingdom,5,2216.37,60,443.274,690.11,0.0,1.0,1.0,114,POSITIVE_MOMENTUM,False
17649,Low-Activity / Long-Recency,DORMANT,United Kingdom,3,1578.89,138,526.2967,0.0,868.49,-1.0,-1.0,88,BROAD_ENGAGEMENT_SOFTENING,False
17650,Unsegmented (Insufficient History),EMERGING,United Kingdom,1,166.08,21,166.08,166.08,0.0,1.0,1.0,8,EMERGING_BROADENING,True
17651,High-Value Stable,ENGAGED,United Kingdom,16,5703.52,11,356.47,2796.99,1148.01,1.4364,0.5,198,POSITIVE_MOMENTUM,False
17652,High-Value Stable,ENGAGED,United Kingdom,12,4867.72,25,405.6433,2154.15,1084.17,0.9869,2.0,118,POSITIVE_MOMENTUM,False
17653,Emerging Engagement,ENGAGED,United Kingdom,4,1207.56,36,301.89,864.22,343.34,1.5171,0.0,44,None,False
17654,Unsegmented (Insufficient History),DORMANT,United Kingdom,1,117.55,277,117.55,0.0,0.0,0.0,0.0,22,None,True
17655,Emerging Engagement,ENGAGED,United Kingdom,9,2976.38,10,330.7089,735.61,300.63,1.4469,1.0,75,POSITIVE_MOMENTUM,False
17656,Low-Activity / Long-Recency,SOFTENING,United Kingdom,5,1674.69,73,334.938,747.04,927.65,-0.1947,-0.3333,67,None,False
17657,Unsegmented (Insufficient History),DORMANT,United Kingdom,1,126.0,430,126.0,0.0,0.0,0.0,0.0,7,None,True
17658,Emerging Engagement,ENGAGED,United Kingdom,2,595.42,25,297.71,277.82,0.0,1.0,1.0,17,POSITIVE_MOMENTUM,False
17659,High-Value Stable,ENGAGED,United Kingdom,14,3586.99,17,256.2136,1346.43,525.01,1.5646,-0.25,150,BROAD_ENGAGEMENT_SOFTENING,False
17660,Low-Activity / Long-Recency,DORMANT,United Kingdom,2,342.22,141,171.11,0.0,178.75,-1.0,-1.0,75,None,False
17662,Low-Activity / Long-Recency,DORMANT,United Kingdom,2,412.92,661,206.46,0.0,0.0,0.0,0.0,14,None,False
17663,High-Value Stable,ENGAGED,United Kingdom,17,5175.83,25,304.4606,786.38,225.72,2.4839,2.0,153,POSITIVE_MOMENTUM,False
17664,Emerging Engagement,ENGAGED,United Kingdom,4,1166.23,18,291.5575,278.45,0.0,1.0,1.0,68,POSITIVE_MOMENTUM,False
17665,Unsegmented (Insufficient History),DORMANT,United Kingdom,1,563.1,493,563.1,0.0,0.0,0.0,0.0,19,None,True
17666,Emerging Engagement,ENGAGED,United Kingdom,5,2047.8,3,409.56,728.16,0.0,1.0,1.0,30,POSITIVE_MOMENTUM,False
17667,High-Value Stable,ENGAGED,United Kingdom,9,3950.7,66,438.9667,304.5,394.34,-0.2278,0.0,140,None,False
17668,Unsegmented (Insufficient History),EMERGING,United Kingdom,2,347.75,1,173.875,347.75,0.0,1.0,1.0,14,EMERGING_BROADENING,True
17669,High-Value Stable,SOFTENING,United Kingdom,10,6142.35,42,614.235,973.5,822.22,0.184,0.0,85,None,False
17670,Unsegmented (Insufficient History),DORMANT,United Kingdom,1,205.7,227,205.7,0.0,0.0,0.0,0.0,11,None,True
17671,Emerging Engagement,ENGAGED,United Kingdom,5,2009.16,15,401.832,474.16,311.82,0.5206,0.0,54,None,False
17672,High-Value Stable,ENGAGED,United Kingdom,7,5778.63,50,825.5186,2000.33,0.0,1.0,1.0,179,POSITIVE_MOMENTUM,False
17673,High-Value Stable,ENGAGED,United Kingdom,13,4173.88,1,321.0677,419.35,142.52,1.9424,1.0,195,POSITIVE_MOMENTUM,False
17674,Emerging Engagement,SOFTENING,United Kingdom,2,551.04,74,275.52,250.38,0.0,1.0,1.0,19,POSITIVE_MOMENTUM,False
17675,High-Value Stable,SOFTENING,United Kingdom,70,37642.48,1,537.7497,6300.09,6328.58,-0.0045,-0.2,345,None,False
17676,High-Value Stable,SOFTENING,United Kingdom,10,2448.64,4,244.864,640.34,430.14,0.4887,-0.3333,85,BROAD_ENGAGEMENT_SOFTENING,False
17677,High-Value Stable,ENGAGED,United Kingdom,54,35058.46,1,649.2307,4678.88,5421.42,-0.137,0.1111,346,None,False
17678,Low-Activity / Long-Recency,DORMANT,United Kingdom,2,599.76,263,299.88,0.0,0.0,0.0,0.0,27,None,False
17679,Emerging Engagement,ENGAGED,United Kingdom,7,3577.61,52,511.0871,1992.11,0.0,1.0,1.0,70,POSITIVE_MOMENTUM,False
17680,Emerging Engagement,ENGAGED,United Kingdom,3,497.45,23,165.8167,184.4,0.0,1.0,1.0,20,POSITIVE_MOMENTUM,False
17681,Low-Activity / Long-Recency,DORMANT,United Kingdom,5,731.2,597,146.24,0.0,0.0,0.0,0.0,12,None,False
17682,High-Value Stable,SOFTENING,United Kingdom,11,4065.28,10,369.5709,574.98,791.94,-0.274,-0.5,85,BROAD_ENGAGEMENT_SOFTENING,False
17683,Low-Activity / Long-Recency,DORMANT,United Kingdom,3,819.01,385,273.0033,0.0,0.0,0.0,0.0,41,None,False
17684,Unsegmented (Insufficient History),EMERGING,United Kingdom,1,239.41,43,239.41,239.41,0.0,1.0,1.0,15,EMERGING_BROADENING,True
17685,High-Value Stable,ENGAGED,United Kingdom,12,5454.95,16,454.5792,1643.11,0.0,1.0,1.0,124,POSITIVE_MOMENTUM,False
17686,High-Value Stable,SOFTENING,United Kingdom,9,8296.81,7,921.8678,1150.11,1552.6,-0.2592,1.0,283,HIGH_VALUE_SOFTENING,False
17687,Unsegmented (Insufficient History),DORMANT,United Kingdom,1,432.68,420,432.68,0.0,0.0,0.0,0.0,26,None,True
17688,Unsegmented (Insufficient History),DORMANT,United Kingdom,1,304.2,393,304.2,0.0,0.0,0.0,0.0,19,None,True
17689,Low-Activity / Long-Recency,DORMANT,United Kingdom,2,317.08,388,158.54,0.0,0.0,0.0,0.0,17,None,False
17690,High-Value Stable,ENGAGED,United Kingdom,20,6963.8,30,348.19,1231.27,462.75,1.6608,3.0,237,POSITIVE_MOMENTUM,False
17691,Low-Activity / Long-Recency,DORMANT,United Kingdom,4,637.55,358,159.3875,0.0,0.0,0.0,0.0,37,None,False
17692,High-Value Stable,DORMANT,United Kingdom,12,2975.8,127,247.9833,0.0,117.48,-1.0,-1.0,90,HIGH_VALUE_SOFTENING,False
17693,Unsegmented (Insufficient History),DORMANT,United Kingdom,1,200.47,137,200.47,0.0,200.47,-1.0,-1.0,16,None,True
17694,Low-Activity / Long-Recency,DORMANT,United Kingdom,3,1695.97,141,565.3233,0.0,283.12,-1.0,-1.0,54,None,False
17695,Low-Activity / Long-Recency,DORMANT,United Kingdom,5,1746.04,131,349.208,0.0,765.34,-1.0,-1.0,46,None,False
17696,High-Value Stable,SOFTENING,United Kingdom,27,7679.59,38,284.4293,370.12,1078.0,-0.6567,-0.6667,191,HIGH_VALUE_SOFTENING,False
17697,Unsegmented (Insufficient History),DORMANT,United Kingdom,1,338.95,236,338.95,0.0,0.0,0.0,0.0,19,None,True
17698,Unsegmented (Insufficient History),DORMANT,United Kingdom,1,154.95,260,154.95,0.0,0.0,0.0,0.0,8,None,True
17699,Low-Activity / Long-Recency,DORMANT,United Kingdom,2,442.0,476,221.0,0.0,0.0,0.0,0.0,17,None,False
17700,High-Value Stable,ENGAGED,United Kingdom,14,6679.97,16,477.1407,852.81,556.26,0.5331,0.0,259,None,False
17701,Unsegmented (Insufficient History),DORMANT,United Kingdom,1,417.95,252,417.95,0.0,0.0,0.0,0.0,24,None,True
17702,High-Value Stable,ENGAGED,United Kingdom,6,3144.04,30,524.0067,485.6,898.97,-0.4598,-0.5,120,HIGH_VALUE_SOFTENING,False
17703,Low-Activity / Long-Recency,SOFTENING,United Kingdom,4,1094.84,35,273.71,307.78,490.96,-0.3731,-0.5,63,None,False
17704,Low-Activity / Long-Recency,DORMANT,United Kingdom,2,885.19,168,442.595,0.0,497.9,-1.0,-1.0,27,None,False
17705,High-Value Stable,SOFTENING,United Kingdom,11,2083.9,3,189.4455,855.52,610.7,0.4009,0.0,74,HIGH_FREQUENCY_LOW_VALUE,False
17706,High-Value Stable,ENGAGED,United Kingdom,31,20272.15,4,653.9403,2476.99,6836.23,-0.6377,-0.2857,408,HIGH_VALUE_SOFTENING,False
17707,Low-Activity / Long-Recency,DORMANT,United Kingdom,8,609.3,185,76.1625,0.0,0.0,0.0,0.0,9,HIGH_FREQUENCY_LOW_VALUE,False
17708,Low-Activity / Long-Recency,DORMANT,United Kingdom,4,884.18,187,221.045,0.0,0.0,0.0,0.0,57,None,False
17709,Low-Activity / Long-Recency,DORMANT,United Kingdom,5,671.01,169,134.202,0.0,137.45,-1.0,-1.0,37,None,False
17710,Unsegmented (Insufficient History),DORMANT,United Kingdom,1,293.5,423,293.5,0.0,0.0,0.0,0.0,20,None,True
17711,Emerging Engagement,ENGAGED,United Kingdom,2,385.1,10,192.55,164.57,0.0,1.0,1.0,22,POSITIVE_MOMENTUM,False
17712,Unsegmented (Insufficient History),EMERGING,United Kingdom,1,522.91,44,522.91,522.91,0.0,1.0,1.0,29,EMERGING_BROADENING,True
17713,Low-Activity / Long-Recency,DORMANT,United Kingdom,4,1198.09,382,299.5225,0.0,0.0,0.0,0.0,55,None,False
17714,Low-Activity / Long-Recency,DORMANT,United Kingdom,5,1410.18,320,282.036,0.0,0.0,0.0,0.0,69,None,False
17715,Low-Activity / Long-Recency,DORMANT,United Kingdom,2,489.6,200,244.8,0.0,0.0,0.0,0.0,1,None,False
17716,High-Value Stable,SOFTENING,United Kingdom,24,15956.97,22,664.8737,1519.33,2685.04,-0.4341,-0.2,334,HIGH_VALUE_SOFTENING,False
17717,Unsegmented (Insufficient History),DORMANT,United Kingdom,1,376.92,421,376.92,0.0,0.0,0.0,0.0,26,None,True
17718,Low-Activity / Long-Recency,DORMANT,United Kingdom,2,439.18,232,219.59,0.0,0.0,0.0,0.0,22,None,False
17719,High-Value Stable,SOFTENING,United Kingdom,15,5396.04,37,359.736,918.64,2505.94,-0.6334,-0.5714,111,HIGH_VALUE_SOFTENING,False
17720,High-Value Stable,ENGAGED,United Kingdom,10,2666.91,26,266.691,308.34,355.22,-0.132,0.0,81,None,False
17721,Unsegmented (Insufficient History),DORMANT,United Kingdom,1,307.21,659,307.21,0.0,0.0,0.0,0.0,11,None,True
17722,High-Value Stable,SOFTENING,United Kingdom,5,3520.22,96,704.044,0.0,323.16,-1.0,-1.0,163,HIGH_VALUE_SOFTENING,False
17723,Low-Activity / Long-Recency,DORMANT,United Kingdom,7,3378.4,127,482.6286,0.0,2114.6,-1.0,-1.0,6,HIGH_VALUE_SOFTENING,False
17724,Emerging Engagement,SOFTENING,United Kingdom,3,1033.0,71,344.3333,659.9,373.1,0.7687,1.0,38,POSITIVE_MOMENTUM,False
17725,High-Value Stable,SOFTENING,United Kingdom,11,3439.08,16,312.6436,931.96,1237.49,-0.2469,-0.25,115,BROAD_ENGAGEMENT_SOFTENING,False
17726,Low-Activity / Long-Recency,DORMANT,United Kingdom,7,1092.06,395,156.0086,0.0,0.0,0.0,0.0,52,None,False
17727,Unsegmented (Insufficient History),EMERGING,United Kingdom,1,1060.25,15,1060.25,1060.25,0.0,1.0,1.0,66,EMERGING_BROADENING,True
17728,Emerging Engagement,ENGAGED,United Kingdom,5,4238.76,3,847.752,2876.01,0.0,1.0,1.0,196,POSITIVE_MOMENTUM,False
17729,Unsegmented (Insufficient History),DORMANT,United Kingdom,1,438.65,596,438.65,0.0,0.0,0.0,0.0,23,None,True
17730,High-Value Stable,ENGAGED,United Kingdom,20,7773.8,3,388.69,2242.71,1024.37,1.1894,0.6667,177,POSITIVE_MOMENTUM,False
17731,Low-Activity / Long-Recency,SOFTENING,United Kingdom,6,1708.99,79,284.8317,276.37,301.17,-0.0823,0.0,82,None,False
17732,Low-Activity / Long-Recency,DORMANT,United Kingdom,8,2166.42,372,270.8025,0.0,0.0,0.0,0.0,90,None,False
17733,Emerging Engagement,ENGAGED,United Kingdom,2,692.19,38,346.095,475.24,0.0,1.0,1.0,33,POSITIVE_MOMENTUM,False
17734,Low-Activity / Long-Recency,ENGAGED,United Kingdom,6,1442.32,53,240.3867,160.42,427.23,-0.6245,0.0,76,None,False
17735,High-Value Stable,SOFTENING,United Kingdom,26,16790.33,2,645.7819,2018.78,4970.08,-0.5938,-0.5,391,HIGH_VALUE_SOFTENING,False
17736,Low-Activity / Long-Recency,ENGAGED,United Kingdom,3,377.44,9,125.8133,69.95,307.49,-0.7725,1.0,24,None,False
17737,Unsegmented (Insufficient History),EMERGING,United Kingdom,2,168.24,9,84.12,168.24,0.0,1.0,1.0,8,EMERGING_BROADENING,True
17738,High-Value Stable,SOFTENING,United Kingdom,13,4183.56,19,321.8123,307.56,791.57,-0.6115,-0.5,173,HIGH_VALUE_SOFTENING,False
17739,High-Value Stable,ENGAGED,United Kingdom,18,7730.59,11,429.4772,1720.58,0.0,1.0,1.0,56,POSITIVE_MOMENTUM,False
17740,Low-Activity / Long-Recency,DORMANT,United Kingdom,6,426.9,389,71.15,0.0,0.0,0.0,0.0,5,None,False
17741,Low-Activity / Long-Recency,DORMANT,United Kingdom,2,101.1,406,50.55,0.0,0.0,0.0,0.0,6,None,False
17742,Low-Activity / Long-Recency,DORMANT,United Kingdom,11,2098.48,113,190.7709,0.0,52.54,-1.0,-1.0,52,HIGH_FREQUENCY_LOW_VALUE,False
17743,Unsegmented (Insufficient History),DORMANT,United Kingdom,1,229.2,448,229.2,0.0,0.0,0.0,0.0,3,None,True
17744,Emerging Engagement,ENGAGED,United Kingdom,7,2649.14,3,378.4486,1033.44,0.0,1.0,1.0,121,POSITIVE_MOMENTUM,False
17745,Low-Activity / Long-Recency,DORMANT,United Kingdom,2,600.34,477,300.17,0.0,0.0,0.0,0.0,27,None,False
17746,Low-Activity / Long-Recency,DORMANT,United Kingdom,4,904.18,240,226.045,0.0,0.0,0.0,0.0,32,None,False
17747,Unsegmented (Insufficient History),DORMANT,United Kingdom,1,71.4,112,71.4,0.0,71.4,-1.0,-1.0,1,None,True
17748,Unsegmented (Insufficient History),DORMANT,United Kingdom,1,358.15,527,358.15,0.0,0.0,0.0,0.0,17,None,True
17749,Low-Activity / Long-Recency,DORMANT,United Kingdom,3,1026.18,178,342.06,0.0,305.51,-1.0,-1.0,52,None,False
17750,High-Value Stable,SOFTENING,United Kingdom,9,1710.45,5,190.05,505.95,1204.5,-0.58,-0.2,101,HIGH_FREQUENCY_LOW_VALUE,False
17751,Unsegmented (Insufficient History),DORMANT,United Kingdom,1,157.86,421,157.86,0.0,0.0,0.0,0.0,31,None,True
17752,Unsegmented (Insufficient History),DORMANT,United Kingdom,1,80.64,359,80.64,0.0,0.0,0.0,0.0,1,None,True
17753,Low-Activity / Long-Recency,DORMANT,United Kingdom,4,382.06,464,95.515,0.0,0.0,0.0,0.0,63,None,False
17754,Emerging Engagement,ENGAGED,United Kingdom,13,4451.22,0,342.4015,1089.59,310.82,2.5055,2.0,185,POSITIVE_MOMENTUM,False
17756,Low-Activity / Long-Recency,DORMANT,United Kingdom,3,728.75,375,242.9167,0.0,0.0,0.0,0.0,54,None,False
17757,High-Value Stable,ENGAGED,United Kingdom,56,9074.05,1,162.0366,2284.84,878.81,1.5999,1.0,362,POSITIVE_MOMENTUM,False
17758,Emerging Engagement,ENGAGED,United Kingdom,12,4964.03,19,413.6692,1974.95,381.37,4.1786,3.0,403,POSITIVE_MOMENTUM,False
17759,Emerging Engagement,ENGAGED,United Kingdom,5,1261.88,17,252.376,652.81,167.15,2.9055,-0.5,114,BROAD_ENGAGEMENT_SOFTENING,False
17760,Emerging Engagement,ENGAGED,United Kingdom,6,746.39,21,124.3983,115.05,0.0,1.0,1.0,58,POSITIVE_MOMENTUM,False
17761,Unsegmented (Insufficient History),EMERGING,United Kingdom,1,712.78,32,712.78,712.78,0.0,1.0,1.0,19,EMERGING_BROADENING,True
17762,Unsegmented (Insufficient History),DORMANT,United Kingdom,1,129.75,456,129.75,0.0,0.0,0.0,0.0,16,None,True
17763,Low-Activity / Long-Recency,DORMANT,United Kingdom,4,86.15,263,21.5375,0.0,0.0,0.0,0.0,11,None,False
17764,Emerging Engagement,ENGAGED,United Kingdom,5,1513.57,50,302.714,541.88,0.0,1.0,1.0,126,POSITIVE_MOMENTUM,False
17765,Low-Activity / Long-Recency,DORMANT,United Kingdom,4,524.0,158,131.0,0.0,109.33,-1.0,-1.0,71,None,False
17766,Low-Activity / Long-Recency,DORMANT,United Kingdom,2,299.61,381,149.805,0.0,0.0,0.0,0.0,21,None,False
17767,Emerging Engagement,ENGAGED,United Kingdom,2,413.05,15,206.525,271.2,0.0,1.0,1.0,35,POSITIVE_MOMENTUM,False
17768,Emerging Engagement,ENGAGED,United Kingdom,7,3292.73,8,470.39,1696.07,385.83,3.3959,1.0,134,POSITIVE_MOMENTUM,False
17769,High-Value Stable,ENGAGED,United Kingdom,17,7053.38,12,414.9047,2139.55,941.12,1.2734,2.0,330,POSITIVE_MOMENTUM,False
17770,Low-Activity / Long-Recency,DORMANT,United Kingdom,5,1143.27,198,228.654,0.0,0.0,0.0,0.0,33,None,False
17771,Emerging Engagement,ENGAGED,United Kingdom,4,387.41,56,96.8525,130.01,0.0,1.0,1.0,63,POSITIVE_MOMENTUM,False
17772,Emerging Engagement,ENGAGED,United Kingdom,3,360.75,10,120.25,173.45,0.0,1.0,1.0,94,POSITIVE_MOMENTUM,False
17773,Low-Activity / Long-Recency,DORMANT,United Kingdom,2,575.37,514,287.685,0.0,0.0,0.0,0.0,48,None,False
17774,High-Value Stable,SOFTENING,United Kingdom,9,3273.83,96,363.7589,0.0,618.74,-1.0,-1.0,286,HIGH_VALUE_SOFTENING,False
17775,Unsegmented (Insufficient History),DORMANT,United Kingdom,1,56.4,254,56.4,0.0,0.0,0.0,0.0,3,None,True
17776,Low-Activity / Long-Recency,DORMANT,United Kingdom,2,330.56,386,165.28,0.0,0.0,0.0,0.0,74,None,False
17777,Emerging Engagement,ENGAGED,United Kingdom,3,647.56,24,215.8533,457.76,189.8,1.4118,1.0,141,POSITIVE_MOMENTUM,False
17778,Unsegmented (Insufficient History),DORMANT,United Kingdom,1,197.7,661,197.7,0.0,0.0,0.0,0.0,10,None,True
17779,Emerging Engagement,SOFTENING,United Kingdom,3,650.32,21,216.7733,327.23,323.09,0.0128,1.0,73,None,False
17780,Low-Activity / Long-Recency,DORMANT,United Kingdom,3,346.56,667,115.52,0.0,0.0,0.0,0.0,76,None,False
17781,Low-Activity / Long-Recency,DORMANT,United Kingdom,2,188.02,159,94.01,0.0,86.02,-1.0,-1.0,12,None,False
17782,Low-Activity / Long-Recency,DORMANT,United Kingdom,2,679.02,382,339.51,0.0,0.0,0.0,0.0,29,None,False
17783,Emerging Engagement,SOFTENING,United Kingdom,3,376.96,72,125.6533,171.06,0.0,1.0,1.0,91,POSITIVE_MOMENTUM,False
17784,Unsegmented (Insufficient History),DORMANT,United Kingdom,1,112.86,550,112.86,0.0,0.0,0.0,0.0,19,None,True
17785,Emerging Engagement,ENGAGED,United Kingdom,3,403.38,53,134.46,131.94,0.0,1.0,1.0,48,POSITIVE_MOMENTUM,False
17786,Emerging Engagement,SOFTENING,United Kingdom,2,266.85,85,133.425,163.5,0.0,1.0,1.0,57,POSITIVE_MOMENTUM,False
17787,Low-Activity / Long-Recency,DORMANT,United Kingdom,4,1817.54,152,454.385,0.0,149.02,-1.0,-1.0,94,BROAD_ENGAGEMENT_SOFTENING,False
17788,Emerging Engagement,SOFTENING,United Kingdom,2,1117.9,73,558.95,1101.2,16.7,64.9401,0.0,3,None,False
17789,Low-Activity / Long-Recency,DORMANT,United Kingdom,2,397.15,281,198.575,0.0,0.0,0.0,0.0,27,None,False
17790,High-Value Stable,SOFTENING,United Kingdom,20,2779.41,26,138.9705,600.79,466.5,0.2879,-0.3333,188,HIGH_FREQUENCY_LOW_VALUE,False
17791,Unsegmented (Insufficient History),EMERGING,United Kingdom,1,106.1,29,106.1,106.1,0.0,1.0,1.0,10,EMERGING_BROADENING,True
17792,Low-Activity / Long-Recency,DORMANT,United Kingdom,2,368.35,467,184.175,0.0,0.0,0.0,0.0,45,None,False
17793,Unsegmented (Insufficient History),EMERGING,United Kingdom,1,300.34,25,300.34,300.34,0.0,1.0,1.0,49,EMERGING_BROADENING,True
17794,Low-Activity / Long-Recency,DORMANT,United Kingdom,2,147.3,686,73.65,0.0,0.0,0.0,0.0,7,None,False
17795,Low-Activity / Long-Recency,DORMANT,United Kingdom,2,342.83,179,171.415,0.0,187.14,-1.0,-1.0,43,None,False
17796,Emerging Engagement,ENGAGED,United Kingdom,7,1236.39,40,176.6271,75.9,0.0,1.0,1.0,149,POSITIVE_MOMENTUM,False
17797,Emerging Engagement,ENGAGED,United Kingdom,8,1971.87,22,246.4837,508.02,0.0,1.0,1.0,222,POSITIVE_MOMENTUM,False
17798,Unsegmented (Insufficient History),DORMANT,United Kingdom,1,178.07,581,178.07,0.0,0.0,0.0,0.0,43,None,True
17799,High-Value Stable,ENGAGED,United Kingdom,20,6246.93,22,312.3465,524.18,1127.76,-0.5352,-0.6667,478,HIGH_VALUE_SOFTENING,False
17800,Low-Activity / Long-Recency,SOFTENING,United Kingdom,9,1187.21,37,131.9122,282.41,549.95,-0.4865,-0.5,51,HIGH_FREQUENCY_LOW_VALUE,False
17801,Low-Activity / Long-Recency,DORMANT,United Kingdom,3,770.03,451,256.6767,0.0,0.0,0.0,0.0,66,None,False
17802,High-Value Stable,SOFTENING,United Kingdom,10,4946.22,82,494.622,652.62,0.0,1.0,1.0,283,POSITIVE_MOMENTUM,False
17803,Unsegmented (Insufficient History),DORMANT,United Kingdom,1,184.66,392,184.66,0.0,0.0,0.0,0.0,27,None,True
17804,Low-Activity / Long-Recency,DORMANT,United Kingdom,3,383.78,376,127.9267,0.0,0.0,0.0,0.0,82,None,False
17805,Emerging Engagement,SOFTENING,United Kingdom,2,927.03,73,463.515,512.31,0.0,1.0,1.0,10,POSITIVE_MOMENTUM,False
17806,Unsegmented (Insufficient History),EMERGING,United Kingdom,1,546.04,11,546.04,546.04,0.0,1.0,1.0,43,EMERGING_BROADENING,True
17807,Low-Activity / Long-Recency,DORMANT,United Kingdom,3,437.87,395,145.9567,0.0,0.0,0.0,0.0,88,None,False
17808,Low-Activity / Long-Recency,DORMANT,United Kingdom,4,262.64,548,65.66,0.0,0.0,0.0,0.0,29,None,False
17809,Emerging Engagement,ENGAGED,United Kingdom,20,10085.89,16,504.2945,2555.2,206.01,11.4033,1.0,59,POSITIVE_MOMENTUM,False
17810,Low-Activity / Long-Recency,DORMANT,United Kingdom,2,373.16,668,186.58,0.0,0.0,0.0,0.0,51,None,False
17811,High-Value Stable,ENGAGED,United Kingdom,47,9519.8,4,202.5489,2927.51,798.63,2.6657,1.5,538,POSITIVE_MOMENTUM,False
17812,Emerging Engagement,ENGAGED,United Kingdom,7,911.99,12,130.2843,506.51,0.0,1.0,1.0,162,POSITIVE_MOMENTUM,False
17813,Unsegmented (Insufficient History),ENGAGED,United Kingdom,5,1698.07,14,339.614,1698.07,0.0,1.0,1.0,297,POSITIVE_MOMENTUM,True
17814,Low-Activity / Long-Recency,DORMANT,United Kingdom,2,1609.37,375,804.685,0.0,0.0,0.0,0.0,112,None,False
17815,Unsegmented (Insufficient History),DORMANT,United Kingdom,1,591.96,393,591.96,0.0,0.0,0.0,0.0,13,None,True
17816,Emerging Engagement,ENGAGED,United Kingdom,6,96.11,36,16.0183,15.25,0.0,1.0,1.0,41,POSITIVE_MOMENTUM,False
17817,Emerging Engagement,REACTIVATED,United Kingdom,6,788.15,4,131.3583,117.98,0.0,1.0,1.0,115,POSITIVE_MOMENTUM,False
17818,Unsegmented (Insufficient History),DORMANT,United Kingdom,1,124.78,737,124.78,0.0,0.0,0.0,0.0,42,None,True
17819,High-Value Stable,SOFTENING,United Kingdom,12,6021.05,71,501.7542,236.4,0.0,1.0,1.0,66,POSITIVE_MOMENTUM,False
17820,Unsegmented (Insufficient History),DORMANT,United Kingdom,1,180.61,374,180.61,0.0,0.0,0.0,0.0,39,None,True
17821,Unsegmented (Insufficient History),DORMANT,United Kingdom,1,334.62,406,334.62,0.0,0.0,0.0,0.0,6,None,True
17822,Low-Activity / Long-Recency,DORMANT,United Kingdom,5,2162.93,420,432.586,0.0,0.0,0.0,0.0,152,None,False
17823,Low-Activity / Long-Recency,DORMANT,United Kingdom,2,449.25,421,224.625,0.0,0.0,0.0,0.0,88,None,False
17824,Unsegmented (Insufficient History),EMERGING,United Kingdom,1,298.4,51,298.4,298.4,0.0,1.0,1.0,13,EMERGING_BROADENING,True
17825,Low-Activity / Long-Recency,DORMANT,United Kingdom,4,701.96,598,175.49,0.0,0.0,0.0,0.0,24,None,False
17826,Unsegmented (Insufficient History),DORMANT,United Kingdom,1,133.34,374,133.34,0.0,0.0,0.0,0.0,33,None,True
17827,Emerging Engagement,REACTIVATED,United Kingdom,6,2376.17,5,396.0283,406.86,0.0,1.0,1.0,240,POSITIVE_MOMENTUM,False
17828,Emerging Engagement,ENGAGED,Malta,4,1820.09,22,455.0225,743.43,243.5,2.0531,-0.5,54,None,False
17829,Low-Activity / Long-Recency,DORMANT,United Arab Emirates,5,4756.74,298,951.348,0.0,0.0,0.0,0.0,121,HISTORICAL_VALUE_DORMANT,False
17830,Emerging Engagement,REACTIVATED,United Kingdom,3,398.7,1,132.9,111.05,0.0,1.0,1.0,18,POSITIVE_MOMENTUM,False
17831,Unsegmented (Insufficient History),EMERGING,United Kingdom,1,35.4,33,35.4,35.4,0.0,1.0,1.0,2,EMERGING_BROADENING,True
17832,Unsegmented (Insufficient History),EMERGING,United Kingdom,1,155.37,49,155.37,155.37,0.0,1.0,1.0,61,EMERGING_BROADENING,True
17833,Unsegmented (Insufficient History),DORMANT,United Kingdom,1,338.46,723,338.46,0.0,0.0,0.0,0.0,28,None,True
17834,Low-Activity / Long-Recency,DORMANT,United Kingdom,2,689.67,414,344.835,0.0,0.0,0.0,0.0,54,None,False
17835,Unsegmented (Insufficient History),EMERGING,United Kingdom,3,342.24,2,114.08,342.24,0.0,1.0,1.0,45,EMERGING_BROADENING,True
17836,Unsegmented (Insufficient History),EMERGING,United Kingdom,1,110.21,47,110.21,110.21,0.0,1.0,1.0,23,EMERGING_BROADENING,True
17837,Emerging Engagement,ENGAGED,United Kingdom,8,1541.23,42,192.6538,1164.72,376.51,2.0935,0.6667,110,POSITIVE_MOMENTUM,False
17838,High-Value Stable,ENGAGED,United Kingdom,13,5604.64,26,431.1262,1065.8,0.0,1.0,1.0,141,POSITIVE_MOMENTUM,False
17839,Unsegmented (Insufficient History),EMERGING,United Kingdom,1,318.15,42,318.15,318.15,0.0,1.0,1.0,50,EMERGING_BROADENING,True
17840,Unsegmented (Insufficient History),DORMANT,United Kingdom,1,175.9,443,175.9,0.0,0.0,0.0,0.0,44,None,True
17841,High-Value Stable,ENGAGED,United Kingdom,211,68545.25,1,324.859,17192.25,10531.24,0.6325,0.3871,2116,POSITIVE_MOMENTUM,False
17842,Unsegmented (Insufficient History),DORMANT,United Kingdom,1,430.69,602,430.69,0.0,0.0,0.0,0.0,18,None,True
17843,Low-Activity / Long-Recency,DORMANT,United Kingdom,2,320.4,303,160.2,0.0,0.0,0.0,0.0,58,None,False
17844,Unsegmented (Insufficient History),DORMANT,Canada,1,51.56,106,51.56,0.0,51.56,-1.0,-1.0,5,None,True
17845,Low-Activity / Long-Recency,DORMANT,United Kingdom,4,596.09,555,149.0225,0.0,0.0,0.0,0.0,42,None,False
17846,Unsegmented (Insufficient History),SOFTENING,United Kingdom,1,2033.1,85,2033.1,2033.1,0.0,1.0,1.0,1,POSITIVE_MOMENTUM,True
17847,Low-Activity / Long-Recency,DORMANT,United Kingdom,2,129.69,515,64.845,0.0,0.0,0.0,0.0,9,None,False
17848,High-Value Stable,SOFTENING,United Kingdom,30,3559.11,81,118.637,79.6,433.23,-0.8163,-0.75,105,HIGH_VALUE_SOFTENING,False
17849,Low-Activity / Long-Recency,DORMANT,United Kingdom,8,1063.76,218,132.97,0.0,0.0,0.0,0.0,24,HIGH_FREQUENCY_LOW_VALUE,False
17850,High-Value Stable,DORMANT,United Kingdom,155,51208.87,372,330.3798,0.0,0.0,0.0,0.0,100,HISTORICAL_VALUE_DORMANT,False
17851,Low-Activity / Long-Recency,DORMANT,United Kingdom,6,1552.35,422,258.725,0.0,0.0,0.0,0.0,185,None,False
17852,Emerging Engagement,ENGAGED,United Kingdom,5,657.81,11,131.562,114.34,0.0,1.0,1.0,82,POSITIVE_MOMENTUM,False
17853,Low-Activity / Long-Recency,DORMANT,United Kingdom,3,1596.29,407,532.0967,0.0,0.0,0.0,0.0,84,None,False
17854,Low-Activity / Long-Recency,DORMANT,United Kingdom,6,1068.5,185,178.0833,0.0,0.0,0.0,0.0,113,None,False
17855,Unsegmented (Insufficient History),DORMANT,United Kingdom,1,208.97,372,208.97,0.0,0.0,0.0,0.0,17,None,True
17856,Emerging Engagement,REACTIVATED,United Kingdom,4,1418.03,1,354.5075,275.4,0.0,1.0,1.0,12,POSITIVE_MOMENTUM,False
17857,High-Value Stable,ENGAGED,United Kingdom,24,27347.04,4,1139.46,12624.52,5470.68,1.3077,0.8,21,POSITIVE_MOMENTUM,False
17858,High-Value Stable,SOFTENING,United Kingdom,30,12518.65,5,417.2883,1499.41,1036.45,0.4467,0.0,173,None,False
17859,Unsegmented (Insufficient History),DORMANT,United Kingdom,1,141.92,304,141.92,0.0,0.0,0.0,0.0,23,None,True
17860,Low-Activity / Long-Recency,DORMANT,United Kingdom,4,717.39,368,179.3475,0.0,0.0,0.0,0.0,127,None,False
17861,High-Value Stable,ENGAGED,United Kingdom,18,5088.29,3,282.6828,798.39,841.51,-0.0512,0.0,329,None,False
17862,Low-Activity / Long-Recency,DORMANT,United Kingdom,4,1254.89,323,313.7225,0.0,0.0,0.0,0.0,90,None,False
17863,High-Value Stable,SOFTENING,United Kingdom,12,5360.48,59,446.7067,1374.72,413.38,2.3256,1.0,154,POSITIVE_MOMENTUM,False
17864,Emerging Engagement,ENGAGED,United Kingdom,5,876.57,12,175.314,354.0,0.0,1.0,1.0,93,POSITIVE_MOMENTUM,False
17865,High-Value Stable,SOFTENING,United Kingdom,46,26312.19,30,572.0041,3508.98,2855.68,0.2288,0.6,391,None,False
17866,Low-Activity / Long-Recency,DORMANT,United Kingdom,3,1134.95,142,378.3167,0.0,329.65,-1.0,-1.0,20,None,False
17867,High-Value Stable,ENGAGED,United Kingdom,15,1582.05,30,105.47,200.39,353.43,-0.433,0.0,119,HIGH_FREQUENCY_LOW_VALUE,False
17868,Unsegmented (Insufficient History),DORMANT,United Kingdom,1,227.15,386,227.15,0.0,0.0,0.0,0.0,18,None,True
17869,Low-Activity / Long-Recency,DORMANT,United Kingdom,7,813.64,107,116.2343,0.0,117.22,-1.0,-1.0,72,None,False
17870,High-Value Stable,SOFTENING,United Kingdom,13,2753.29,2,211.7915,1120.52,418.97,1.6745,-0.1667,215,HIGH_FREQUENCY_LOW_VALUE,False
17871,Low-Activity / Long-Recency,DORMANT,United Kingdom,5,1068.95,204,213.79,0.0,0.0,0.0,0.0,64,None,False
17872,Unsegmented (Insufficient History),DORMANT,United Kingdom,1,235.87,381,235.87,0.0,0.0,0.0,0.0,15,None,True
17873,High-Value Stable,SOFTENING,United Kingdom,18,6265.33,80,348.0739,272.04,0.0,1.0,1.0,65,POSITIVE_MOMENTUM,False
17874,Low-Activity / Long-Recency,DORMANT,United Kingdom,6,683.46,185,113.91,0.0,0.0,0.0,0.0,37,None,False
17875,Unsegmented (Insufficient History),DORMANT,United Kingdom,1,167.1,688,167.1,0.0,0.0,0.0,0.0,25,None,True
17876,Low-Activity / Long-Recency,DORMANT,United Kingdom,3,3424.02,399,1141.34,0.0,0.0,0.0,0.0,3,HISTORICAL_VALUE_DORMANT,False
17877,Unsegmented (Insufficient History),DORMANT,United Kingdom,1,237.61,170,237.61,0.0,237.61,-1.0,-1.0,12,None,True
17878,Emerging Engagement,ENGAGED,United Kingdom,3,1378.93,43,459.6433,379.45,0.0,1.0,1.0,82,POSITIVE_MOMENTUM,False
17879,Unsegmented (Insufficient History),DORMANT,United Kingdom,1,178.52,173,178.52,0.0,178.52,-1.0,-1.0,6,None,True
17880,Low-Activity / Long-Recency,DORMANT,United Kingdom,3,824.92,364,274.9733,0.0,0.0,0.0,0.0,43,None,False
17881,Unsegmented (Insufficient History),DORMANT,United Kingdom,1,133.35,304,133.35,0.0,0.0,0.0,0.0,8,None,True
17882,Low-Activity / Long-Recency,DORMANT,United Kingdom,2,291.56,379,145.78,0.0,0.0,0.0,0.0,47,None,False
17883,Emerging Engagement,ENGAGED,United Kingdom,7,988.42,3,141.2029,544.99,0.0,1.0,1.0,155,POSITIVE_MOMENTUM,False
17884,High-Value Stable,REACTIVATED,United Kingdom,20,2698.47,3,134.9235,104.53,0.0,1.0,1.0,305,HIGH_FREQUENCY_LOW_VALUE,False
17885,Unsegmented (Insufficient History),EMERGING,United Kingdom,1,156.34,12,156.34,156.34,0.0,1.0,1.0,50,EMERGING_BROADENING,True
17886,Emerging Engagement,ENGAGED,United Kingdom,6,1572.55,31,262.0917,491.57,0.0,1.0,1.0,138,POSITIVE_MOMENTUM,False
17887,Unsegmented (Insufficient History),DORMANT,United Kingdom,1,111.35,129,111.35,0.0,111.35,-1.0,-1.0,10,None,True
17888,Emerging Engagement,ENGAGED,United Kingdom,25,1807.44,21,72.2976,419.0,128.27,2.2665,3.0,145,HIGH_FREQUENCY_LOW_VALUE,False
17889,Low-Activity / Long-Recency,DORMANT,United Kingdom,7,746.42,212,106.6314,0.0,0.0,0.0,0.0,97,None,False
17890,Low-Activity / Long-Recency,DORMANT,United Kingdom,2,586.89,322,293.445,0.0,0.0,0.0,0.0,88,None,False
17891,Unsegmented (Insufficient History),DORMANT,United Kingdom,1,203.86,162,203.86,0.0,203.86,-1.0,-1.0,34,None,True
17892,Low-Activity / Long-Recency,ENGAGED,United Kingdom,3,244.1,56,81.3667,102.0,142.1,-0.2822,1.0,27,None,False
17893,Unsegmented (Insufficient History),DORMANT,United Kingdom,1,107.21,225,107.21,0.0,0.0,0.0,0.0,15,None,True
17894,High-Value Stable,SOFTENING,United Kingdom,18,2304.58,71,128.0322,123.06,128.9,-0.0453,0.0,215,HIGH_FREQUENCY_LOW_VALUE,False
17895,Unsegmented (Insufficient History),EMERGING,United Kingdom,1,95.45,44,95.45,95.45,0.0,1.0,1.0,15,EMERGING_BROADENING,True
17896,Unsegmented (Insufficient History),EMERGING,United Kingdom,1,256.32,23,256.32,256.32,0.0,1.0,1.0,2,EMERGING_BROADENING,True
17897,High-Value Stable,DORMANT,United Kingdom,9,2099.89,172,233.3211,0.0,131.14,-1.0,-1.0,211,BROAD_ENGAGEMENT_SOFTENING,False
17898,Emerging Engagement,SOFTENING,United Kingdom,4,299.18,85,74.795,52.22,0.0,1.0,1.0,48,POSITIVE_MOMENTUM,False
17899,Unsegmented (Insufficient History),DORMANT,United Kingdom,1,154.55,159,154.55,0.0,154.55,-1.0,-1.0,29,None,True
17900,Low-Activity / Long-Recency,DORMANT,United Kingdom,2,112.2,190,56.1,0.0,0.0,0.0,0.0,4,None,False
17901,Emerging Engagement,ENGAGED,United Kingdom,3,260.08,29,86.6933,110.38,0.0,1.0,1.0,22,POSITIVE_MOMENTUM,False
17902,Unsegmented (Insufficient History),DORMANT,United Kingdom,1,216.4,546,216.4,0.0,0.0,0.0,0.0,24,None,True
17903,Unsegmented (Insufficient History),DORMANT,United Kingdom,1,381.09,394,381.09,0.0,0.0,0.0,0.0,44,None,True
17904,Unsegmented (Insufficient History),EMERGING,United Kingdom,1,181.07,21,181.07,181.07,0.0,1.0,1.0,33,EMERGING_BROADENING,True
17905,High-Value Stable,SOFTENING,United Kingdom,13,2178.87,71,167.6054,181.25,224.84,-0.1939,0.0,129,HIGH_FREQUENCY_LOW_VALUE,False
17906,Unsegmented (Insufficient History),DORMANT,United Kingdom,1,72.9,247,72.9,0.0,0.0,0.0,0.0,12,None,True
17907,Unsegmented (Insufficient History),DORMANT,United Kingdom,1,291.76,640,291.76,0.0,0.0,0.0,0.0,13,None,True
17908,Low-Activity / Long-Recency,DORMANT,United Kingdom,5,1142.47,373,228.494,0.0,0.0,0.0,0.0,178,None,False
17909,Unsegmented (Insufficient History),DORMANT,United Kingdom,1,110.05,737,110.05,0.0,0.0,0.0,0.0,8,None,True
17910,Unsegmented (Insufficient History),DORMANT,United Kingdom,1,261.7,726,261.7,0.0,0.0,0.0,0.0,25,None,True
17911,Unsegmented (Insufficient History),EMERGING,United Kingdom,1,366.23,9,366.23,366.23,0.0,1.0,1.0,39,EMERGING_BROADENING,True
17912,Low-Activity / Long-Recency,DORMANT,United Kingdom,6,374.55,310,62.425,0.0,0.0,0.0,0.0,48,None,False
17913,High-Value Stable,ENGAGED,United Kingdom,14,3429.29,58,244.9493,190.6,0.0,1.0,1.0,224,POSITIVE_MOMENTUM,False
17914,Unsegmented (Insufficient History),EMERGING,United Kingdom,1,329.36,3,329.36,329.36,0.0,1.0,1.0,72,EMERGING_BROADENING,True
17915,Unsegmented (Insufficient History),DORMANT,United Kingdom,1,225.78,551,225.78,0.0,0.0,0.0,0.0,27,None,True
17916,Low-Activity / Long-Recency,DORMANT,United Kingdom,2,43.87,628,21.935,0.0,0.0,0.0,0.0,15,None,False
17917,Emerging Engagement,ENGAGED,United Kingdom,3,335.03,45,111.6767,108.32,0.0,1.0,1.0,77,POSITIVE_MOMENTUM,False
17918,Low-Activity / Long-Recency,DORMANT,United Kingdom,3,396.39,500,132.13,0.0,0.0,0.0,0.0,34,None,False
17919,Emerging Engagement,SOFTENING,United Kingdom,2,1840.32,88,920.16,1304.04,0.0,1.0,1.0,37,POSITIVE_MOMENTUM,False
17920,High-Value Stable,ENGAGED,United Kingdom,54,23581.78,4,436.6996,1790.7,816.16,1.1941,1.0,715,POSITIVE_MOMENTUM,False
17921,High-Value Stable,ENGAGED,United Kingdom,10,2394.36,64,239.436,224.76,317.4,-0.2919,-0.5,230,BROAD_ENGAGEMENT_SOFTENING,False
17922,Unsegmented (Insufficient History),DORMANT,United Kingdom,1,170.4,543,170.4,0.0,0.0,0.0,0.0,8,None,True
17923,Low-Activity / Long-Recency,DORMANT,United Kingdom,3,497.0,282,165.6667,0.0,0.0,0.0,0.0,2,None,False
17924,Emerging Engagement,ENGAGED,United Kingdom,8,3257.7,11,407.2125,2460.3,0.0,1.0,1.0,27,POSITIVE_MOMENTUM,False
17925,Unsegmented (Insufficient History),DORMANT,United Kingdom,1,244.08,372,244.08,0.0,0.0,0.0,0.0,1,None,True
17926,Low-Activity / Long-Recency,DORMANT,United Kingdom,5,1035.49,133,207.098,0.0,185.56,-1.0,-1.0,27,None,False
17927,Unsegmented (Insufficient History),DORMANT,United Kingdom,1,294.0,721,294.0,0.0,0.0,0.0,0.0,10,None,True
17928,Emerging Engagement,ENGAGED,United Kingdom,3,341.24,45,113.7467,134.28,0.0,1.0,1.0,27,POSITIVE_MOMENTUM,False
17929,Low-Activity / Long-Recency,ENGAGED,United Kingdom,12,3082.1,11,256.8417,136.0,272.0,-0.5,0.0,6,HIGH_VALUE_SOFTENING,False
17930,Emerging Engagement,ENGAGED,United Kingdom,13,4275.22,35,328.8631,1046.34,303.54,2.4471,2.0,39,POSITIVE_MOMENTUM,False
17931,High-Value Stable,DORMANT,United Kingdom,14,3402.24,134,243.0171,0.0,111.16,-1.0,-1.0,274,HIGH_VALUE_SOFTENING,False
17932,Low-Activity / Long-Recency,ENGAGED,United Kingdom,3,1331.57,29,443.8567,397.06,345.5,0.1492,0.0,84,None,False
17933,Unsegmented (Insufficient History),DORMANT,United Kingdom,1,114.69,632,114.69,0.0,0.0,0.0,0.0,12,None,True
17934,Emerging Engagement,ENGAGED,United Kingdom,3,1049.15,51,349.7167,704.25,0.0,1.0,1.0,36,POSITIVE_MOMENTUM,False
17935,Low-Activity / Long-Recency,DORMANT,United Kingdom,7,686.14,138,98.02,0.0,145.79,-1.0,-1.0,60,None,False
17936,Unsegmented (Insufficient History),EMERGING,United Kingdom,1,380.13,5,380.13,380.13,0.0,1.0,1.0,68,EMERGING_BROADENING,True
17937,Emerging Engagement,ENGAGED,United Kingdom,7,4301.22,8,614.46,686.7,287.04,1.3923,1.0,19,POSITIVE_MOMENTUM,False
17938,Unsegmented (Insufficient History),DORMANT,United Kingdom,1,144.29,420,144.29,0.0,0.0,0.0,0.0,29,None,True
17939,Unsegmented (Insufficient History),DORMANT,United Kingdom,1,99.14,159,99.14,0.0,99.14,-1.0,-1.0,12,None,True
17940,High-Value Stable,SOFTENING,United Kingdom,16,30306.79,49,1894.1744,192.0,452.5,-0.5757,-0.75,11,HIGH_VALUE_SOFTENING,False
17941,Low-Activity / Long-Recency,DORMANT,United Kingdom,4,1433.28,130,358.32,0.0,304.56,-1.0,-1.0,5,None,False
17942,Unsegmented (Insufficient History),EMERGING,United Kingdom,1,77.5,7,77.5,77.5,0.0,1.0,1.0,2,EMERGING_BROADENING,True
17944,Unsegmented (Insufficient History),DORMANT,United Kingdom,1,74.99,423,74.99,0.0,0.0,0.0,0.0,24,None,True
17945,Low-Activity / Long-Recency,DORMANT,United Kingdom,3,360.35,696,120.1167,0.0,0.0,0.0,0.0,66,None,False
17946,Low-Activity / Long-Recency,DORMANT,United Kingdom,2,149.58,233,74.79,0.0,0.0,0.0,0.0,18,None,False
17947,Unsegmented (Insufficient History),EMERGING,United Kingdom,1,176.68,37,176.68,176.68,0.0,1.0,1.0,9,EMERGING_BROADENING,True
17948,Unsegmented (Insufficient History),DORMANT,United Kingdom,1,358.56,147,358.56,0.0,358.56,-1.0,-1.0,1,None,True
17949,High-Value Stable,SOFTENING,United Kingdom,118,117314.08,1,994.1871,10301.28,37577.2,-0.7259,-0.3333,58,HIGH_VALUE_SOFTENING,False
17950,Emerging Engagement,SOFTENING,United Kingdom,7,1166.29,72,166.6129,219.03,0.0,1.0,1.0,133,POSITIVE_MOMENTUM,False
17951,Emerging Engagement,ENGAGED,United Kingdom,4,1340.58,39,335.145,599.04,0.0,1.0,1.0,24,POSITIVE_MOMENTUM,False
17952,Low-Activity / Long-Recency,DORMANT,United Kingdom,4,788.46,378,197.115,0.0,0.0,0.0,0.0,85,None,False
17953,Unsegmented (Insufficient History),DORMANT,United Kingdom,1,159.17,540,159.17,0.0,0.0,0.0,0.0,20,None,True
17954,High-Value Stable,ENGAGED,United Kingdom,19,3804.38,5,200.2305,428.92,368.77,0.1631,0.0,479,HIGH_FREQUENCY_LOW_VALUE,False
17955,Low-Activity / Long-Recency,DORMANT,United Kingdom,6,949.9,198,158.3167,0.0,0.0,0.0,0.0,16,None,False
17956,Unsegmented (Insufficient History),DORMANT,United Kingdom,1,12.75,249,12.75,0.0,0.0,0.0,0.0,1,None,True
17957,Unsegmented (Insufficient History),EMERGING,United Kingdom,1,111.68,66,111.68,111.68,0.0,1.0,1.0,31,EMERGING_BROADENING,True
17958,Low-Activity / Long-Recency,DORMANT,United Kingdom,2,973.88,116,486.94,0.0,508.46,-1.0,-1.0,35,None,False
17959,Unsegmented (Insufficient History),DORMANT,United Kingdom,1,140.75,592,140.75,0.0,0.0,0.0,0.0,2,None,True
17960,Low-Activity / Long-Recency,DORMANT,United Kingdom,3,135.08,171,45.0267,0.0,73.78,-1.0,-1.0,37,None,False
17961,High-Value Stable,SOFTENING,United Kingdom,100,2866.74,21,28.6674,116.82,243.02,-0.5193,-0.1111,486,HIGH_FREQUENCY_LOW_VALUE,False
17962,Low-Activity / Long-Recency,DORMANT,United Kingdom,4,666.96,142,166.74,0.0,102.41,-1.0,-1.0,146,BROAD_ENGAGEMENT_SOFTENING,False
17963,Low-Activity / Long-Recency,DORMANT,United Kingdom,4,643.16,471,160.79,0.0,0.0,0.0,0.0,98,None,False
17964,Emerging Engagement,ENGAGED,United Kingdom,2,463.21,31,231.605,201.45,0.0,1.0,1.0,84,POSITIVE_MOMENTUM,False
17965,High-Value Stable,SOFTENING,United Kingdom,29,7006.65,37,241.6086,347.78,927.63,-0.6251,-0.6667,588,HIGH_VALUE_SOFTENING,False
17966,High-Value Stable,SOFTENING,United Kingdom,10,1963.92,37,196.392,504.0,310.93,0.6209,-0.5,82,HIGH_FREQUENCY_LOW_VALUE,False
17967,Low-Activity / Long-Recency,DORMANT,United Kingdom,2,223.42,371,111.71,0.0,0.0,0.0,0.0,59,None,False
17968,Low-Activity / Long-Recency,DORMANT,United Kingdom,4,590.44,373,147.61,0.0,0.0,0.0,0.0,106,None,False
17969,High-Value Stable,DORMANT,United Kingdom,20,2354.29,166,117.7145,0.0,103.0,-1.0,-1.0,113,HIGH_FREQUENCY_LOW_VALUE,False
17970,Unsegmented (Insufficient History),DORMANT,United Kingdom,1,562.79,211,562.79,0.0,0.0,0.0,0.0,27,None,True
17971,Unsegmented (Insufficient History),DORMANT,United Kingdom,1,161.94,548,161.94,0.0,0.0,0.0,0.0,21,None,True
17972,Unsegmented (Insufficient History),DORMANT,United Kingdom,1,135.19,241,135.19,0.0,0.0,0.0,0.0,30,None,True
17973,Unsegmented (Insufficient History),EMERGING,United Kingdom,1,337.04,51,337.04,337.04,0.0,1.0,1.0,15,EMERGING_BROADENING,True
17974,Emerging Engagement,ENGAGED,United Kingdom,6,1739.09,24,289.8483,539.92,0.0,1.0,1.0,279,POSITIVE_MOMENTUM,False
17975,High-Value Stable,SOFTENING,United Kingdom,24,6696.33,15,279.0138,532.81,1170.28,-0.5447,-0.5,243,HIGH_VALUE_SOFTENING,False
17976,Unsegmented (Insufficient History),DORMANT,United Kingdom,1,321.79,372,321.79,0.0,0.0,0.0,0.0,56,None,True
17977,Emerging Engagement,ENGAGED,United Kingdom,2,1511.45,29,755.725,288.14,0.0,1.0,1.0,94,POSITIVE_MOMENTUM,False
17978,Low-Activity / Long-Recency,DORMANT,United Kingdom,4,1159.99,365,289.9975,0.0,0.0,0.0,0.0,62,None,False
17979,Low-Activity / Long-Recency,ENGAGED,United Kingdom,4,732.41,35,183.1025,237.87,262.87,-0.0951,0.0,116,None,False
17980,Low-Activity / Long-Recency,DORMANT,United Kingdom,4,1012.72,165,253.18,0.0,248.7,-1.0,-1.0,41,None,False
17981,Unsegmented (Insufficient History),DORMANT,United Kingdom,1,239.12,410,239.12,0.0,0.0,0.0,0.0,17,None,True
17982,Unsegmented (Insufficient History),DORMANT,United Kingdom,1,138.18,680,138.18,0.0,0.0,0.0,0.0,13,None,True
17983,Unsegmented (Insufficient History),DORMANT,United Kingdom,1,171.71,395,171.71,0.0,0.0,0.0,0.0,23,None,True
17984,Low-Activity / Long-Recency,DORMANT,United Kingdom,5,1152.19,145,230.438,0.0,152.68,-1.0,-1.0,209,BROAD_ENGAGEMENT_SOFTENING,False
17985,Unsegmented (Insufficient History),EMERGING,United Kingdom,1,631.35,22,631.35,631.35,0.0,1.0,1.0,20,EMERGING_BROADENING,True
17986,Unsegmented (Insufficient History),EMERGING,United Kingdom,1,20.8,56,20.8,20.8,0.0,1.0,1.0,1,EMERGING_BROADENING,True
17987,Low-Activity / Long-Recency,DORMANT,United Kingdom,5,965.44,185,193.088,0.0,0.0,0.0,0.0,139,None,False
17988,High-Value Stable,SOFTENING,United Kingdom,14,489.54,11,34.9671,55.12,81.01,-0.3196,-0.5,115,HIGH_FREQUENCY_LOW_VALUE,False
17989,Unsegmented (Insufficient History),DORMANT,United Kingdom,1,207.33,379,207.33,0.0,0.0,0.0,0.0,26,None,True
17990,Low-Activity / Long-Recency,DORMANT,United Kingdom,6,1527.61,236,254.6017,0.0,0.0,0.0,0.0,40,None,False
17991,Low-Activity / Long-Recency,DORMANT,United Kingdom,3,300.3,225,100.1,0.0,0.0,0.0,0.0,37,None,False
17992,Unsegmented (Insufficient History),DORMANT,United Kingdom,1,252.88,389,252.88,0.0,0.0,0.0,0.0,49,None,True
17993,Unsegmented (Insufficient History),DORMANT,United Kingdom,1,225.99,617,225.99,0.0,0.0,0.0,0.0,60,None,True
17994,High-Value Stable,DORMANT,United Kingdom,11,2270.03,121,206.3664,0.0,120.71,-1.0,-1.0,227,BROAD_ENGAGEMENT_SOFTENING,False
17995,Low-Activity / Long-Recency,DORMANT,United Kingdom,3,495.48,281,165.16,0.0,0.0,0.0,0.0,28,None,False
17996,Low-Activity / Long-Recency,DORMANT,United Kingdom,3,482.33,379,160.7767,0.0,0.0,0.0,0.0,63,None,False
17997,High-Value Stable,SOFTENING,United Kingdom,8,1962.46,74,245.3075,250.71,1711.75,-0.8535,-0.6667,133,BROAD_ENGAGEMENT_SOFTENING,False
17998,Low-Activity / Long-Recency,DORMANT,United Kingdom,3,639.24,380,213.08,0.0,0.0,0.0,0.0,57,None,False
17999,Emerging Engagement,ENGAGED,United Kingdom,3,528.46,37,176.1533,190.05,0.0,1.0,1.0,125,POSITIVE_MOMENTUM,False
18000,Unsegmented (Insufficient History),DORMANT,United Kingdom,1,124.25,564,124.25,0.0,0.0,0.0,0.0,6,None,True
18001,Emerging Engagement,ENGAGED,United Kingdom,6,924.14,12,154.0233,415.13,0.0,1.0,1.0,120,POSITIVE_MOMENTUM,False
18002,Low-Activity / Long-Recency,DORMANT,United Kingdom,4,244.37,375,61.0925,0.0,0.0,0.0,0.0,52,None,False
18003,Unsegmented (Insufficient History),DORMANT,United Kingdom,1,353.51,376,353.51,0.0,0.0,0.0,0.0,23,None,True
18004,Unsegmented (Insufficient History),DORMANT,United Kingdom,1,157.92,362,157.92,0.0,0.0,0.0,0.0,32,None,True
18005,Unsegmented (Insufficient History),EMERGING,United Kingdom,2,226.47,3,113.235,226.47,0.0,1.0,1.0,52,EMERGING_BROADENING,True
18006,Emerging Engagement,ENGAGED,United Kingdom,4,969.51,23,242.3775,444.68,0.0,1.0,1.0,57,POSITIVE_MOMENTUM,False
18007,Unsegmented (Insufficient History),DORMANT,United Kingdom,1,215.22,392,215.22,0.0,0.0,0.0,0.0,46,None,True
18008,High-Value Stable,SOFTENING,United Kingdom,23,19759.08,70,859.0904,50.78,0.0,1.0,1.0,77,POSITIVE_MOMENTUM,False
18009,High-Value Stable,DORMANT,United Kingdom,8,2144.23,235,268.0288,0.0,0.0,0.0,0.0,145,None,False
18010,Unsegmented (Insufficient History),DORMANT,United Kingdom,1,174.8,256,174.8,0.0,0.0,0.0,0.0,14,None,True
18011,Low-Activity / Long-Recency,DORMANT,United Kingdom,2,410.79,373,205.395,0.0,0.0,0.0,0.0,63,None,False
18012,Unsegmented (Insufficient History),DORMANT,United Kingdom,1,115.3,723,115.3,0.0,0.0,0.0,0.0,13,None,True
18013,Low-Activity / Long-Recency,DORMANT,United Kingdom,2,187.29,155,93.645,0.0,187.29,-1.0,-1.0,31,None,False
18014,Unsegmented (Insufficient History),EMERGING,United Kingdom,1,162.22,28,162.22,162.22,0.0,1.0,1.0,29,EMERGING_BROADENING,True
18015,Unsegmented (Insufficient History),EMERGING,United Kingdom,1,120.03,4,120.03,120.03,0.0,1.0,1.0,46,EMERGING_BROADENING,True
18016,Emerging Engagement,ENGAGED,United Kingdom,7,1954.56,32,279.2229,994.8,0.0,1.0,1.0,115,POSITIVE_MOMENTUM,False
18017,Low-Activity / Long-Recency,SOFTENING,United Kingdom,4,688.0,81,172.0,179.0,179.0,0.0,0.0,1,None,False
18018,Low-Activity / Long-Recency,DORMANT,United Kingdom,4,297.99,108,74.4975,0.0,84.69,-1.0,-1.0,43,None,False
18019,Unsegmented (Insufficient History),EMERGING,United Kingdom,1,38.45,51,38.45,38.45,0.0,1.0,1.0,5,EMERGING_BROADENING,True
18020,Unsegmented (Insufficient History),DORMANT,United Kingdom,1,190.48,543,190.48,0.0,0.0,0.0,0.0,12,None,True
18021,Low-Activity / Long-Recency,DORMANT,United Kingdom,2,216.41,509,108.205,0.0,0.0,0.0,0.0,32,None,False
18022,Emerging Engagement,ENGAGED,United Kingdom,5,1507.25,35,301.45,612.72,0.0,1.0,1.0,306,POSITIVE_MOMENTUM,False
18024,Low-Activity / Long-Recency,DORMANT,United Kingdom,2,389.78,152,194.89,0.0,389.78,-1.0,-1.0,21,None,False
18025,Low-Activity / Long-Recency,DORMANT,United Kingdom,6,1177.72,379,196.2867,0.0,0.0,0.0,0.0,83,None,False
18026,Low-Activity / Long-Recency,DORMANT,United Kingdom,2,2074.07,500,1037.035,0.0,0.0,0.0,0.0,12,None,False
18027,Unsegmented (Insufficient History),SOFTENING,United Kingdom,1,115.31,98,115.31,0.0,115.31,-1.0,-1.0,21,None,True
18028,Unsegmented (Insufficient History),DORMANT,United Kingdom,1,192.05,583,192.05,0.0,0.0,0.0,0.0,4,None,True
18029,Unsegmented (Insufficient History),DORMANT,United Kingdom,1,433.77,642,433.77,0.0,0.0,0.0,0.0,18,None,True
18030,Unsegmented (Insufficient History),EMERGING,United Kingdom,2,230.65,4,115.325,230.65,0.0,1.0,1.0,8,EMERGING_BROADENING,True
18031,Unsegmented (Insufficient History),DORMANT,United Kingdom,1,451.3,378,451.3,0.0,0.0,0.0,0.0,49,None,True
18032,Unsegmented (Insufficient History),DORMANT,United Kingdom,1,73.5,334,73.5,0.0,0.0,0.0,0.0,5,None,True
18033,Unsegmented (Insufficient History),EMERGING,United Kingdom,1,93.82,65,93.82,93.82,0.0,1.0,1.0,32,EMERGING_BROADENING,True
18034,Emerging Engagement,ENGAGED,United Kingdom,3,754.2,21,251.4,418.68,0.0,1.0,1.0,182,POSITIVE_MOMENTUM,False
18035,Emerging Engagement,ENGAGED,United Kingdom,5,1260.23,35,252.046,713.89,0.0,1.0,1.0,52,POSITIVE_MOMENTUM,False
18036,High-Value Stable,ENGAGED,United Kingdom,11,1545.49,32,140.4991,149.43,143.74,0.0396,0.0,221,HIGH_FREQUENCY_LOW_VALUE,False
18037,Low-Activity / Long-Recency,DORMANT,United Kingdom,15,167.42,154,11.1613,0.0,9.2,-1.0,-1.0,31,HIGH_FREQUENCY_LOW_VALUE,False
18038,Unsegmented (Insufficient History),DORMANT,United Kingdom,1,141.48,556,141.48,0.0,0.0,0.0,0.0,25,None,True
18039,Low-Activity / Long-Recency,DORMANT,United Kingdom,4,548.22,374,137.055,0.0,0.0,0.0,0.0,137,None,False
18040,Emerging Engagement,ENGAGED,United Kingdom,2,357.2,19,178.6,118.2,0.0,1.0,1.0,18,POSITIVE_MOMENTUM,False
18041,High-Value Stable,SOFTENING,United Kingdom,38,8018.77,11,211.0203,1099.26,341.5,2.2189,1.5,464,POSITIVE_MOMENTUM,False
18042,Emerging Engagement,ENGAGED,United Kingdom,2,281.15,53,140.575,165.05,0.0,1.0,1.0,13,POSITIVE_MOMENTUM,False
18043,Emerging Engagement,ENGAGED,United Kingdom,3,529.29,24,176.43,107.7,0.0,1.0,1.0,106,POSITIVE_MOMENTUM,False
18044,Emerging Engagement,ENGAGED,United Kingdom,18,3505.61,4,194.7561,983.07,222.32,3.4219,2.0,128,POSITIVE_MOMENTUM,False
18045,Unsegmented (Insufficient History),EMERGING,United Kingdom,1,178.34,45,178.34,178.34,0.0,1.0,1.0,43,EMERGING_BROADENING,True
18046,Unsegmented (Insufficient History),DORMANT,United Kingdom,1,189.63,649,189.63,0.0,0.0,0.0,0.0,26,None,True
18047,Low-Activity / Long-Recency,DORMANT,United Kingdom,2,326.09,381,163.045,0.0,0.0,0.0,0.0,74,None,False
18048,Low-Activity / Long-Recency,DORMANT,United Kingdom,3,394.93,203,131.6433,0.0,0.0,0.0,0.0,56,None,False
18049,Low-Activity / Long-Recency,DORMANT,United Kingdom,2,500.92,437,250.46,0.0,0.0,0.0,0.0,82,None,False
18050,Low-Activity / Long-Recency,DORMANT,United Kingdom,2,412.06,359,206.03,0.0,0.0,0.0,0.0,22,None,False
18051,Low-Activity / Long-Recency,DORMANT,United Kingdom,7,2282.28,634,326.04,0.0,0.0,0.0,0.0,41,None,False
18052,Unsegmented (Insufficient History),DORMANT,United Kingdom,1,10877.18,564,10877.18,0.0,0.0,0.0,0.0,16,HISTORICAL_VALUE_DORMANT,True
18053,Emerging Engagement,SOFTENING,United Kingdom,3,571.07,70,190.3567,300.02,0.0,1.0,1.0,29,POSITIVE_MOMENTUM,False
18054,Unsegmented (Insufficient History),DORMANT,United Kingdom,1,176.5,392,176.5,0.0,0.0,0.0,0.0,11,None,True
18055,Emerging Engagement,ENGAGED,United Kingdom,14,10142.64,7,724.4743,3088.48,310.33,8.9522,2.0,320,POSITIVE_MOMENTUM,False
18056,Low-Activity / Long-Recency,DORMANT,United Kingdom,2,554.6,288,277.3,0.0,0.0,0.0,0.0,28,None,False
18057,Low-Activity / Long-Recency,DORMANT,United Kingdom,3,1188.46,393,396.1533,0.0,0.0,0.0,0.0,121,None,False
18058,Emerging Engagement,ENGAGED,United Kingdom,3,774.06,9,258.02,170.16,0.0,1.0,1.0,12,POSITIVE_MOMENTUM,False
18059,Unsegmented (Insufficient History),EMERGING,United Kingdom,3,306.46,23,102.1533,306.46,0.0,1.0,1.0,17,EMERGING_BROADENING,True
18060,Low-Activity / Long-Recency,DORMANT,United Kingdom,2,1185.46,408,592.73,0.0,0.0,0.0,0.0,74,None,False
18061,High-Value Stable,ENGAGED,United Kingdom,28,6083.81,21,217.2789,325.9,455.14,-0.284,0.0,30,HIGH_VALUE_SOFTENING,False
18062,Low-Activity / Long-Recency,DORMANT,United Kingdom,6,1632.67,173,272.1117,0.0,234.6,-1.0,-1.0,46,None,False
18063,Low-Activity / Long-Recency,DORMANT,United Kingdom,2,186.6,390,93.3,0.0,0.0,0.0,0.0,2,None,False
18064,High-Value Stable,DORMANT,United Kingdom,11,4481.83,133,407.4391,0.0,406.0,-1.0,-1.0,53,HIGH_VALUE_SOFTENING,False
18065,High-Value Stable,ENGAGED,United Kingdom,29,5866.63,5,202.2976,980.68,0.0,1.0,1.0,193,POSITIVE_MOMENTUM,False
18066,Emerging Engagement,SOFTENING,United Kingdom,3,1440.4,75,480.1333,318.0,0.0,1.0,1.0,37,POSITIVE_MOMENTUM,False
18067,Unsegmented (Insufficient History),EMERGING,United Kingdom,1,396.33,40,396.33,396.33,0.0,1.0,1.0,36,EMERGING_BROADENING,True
18068,Unsegmented (Insufficient History),DORMANT,United Kingdom,1,101.7,289,101.7,0.0,0.0,0.0,0.0,1,None,True
18069,High-Value Stable,ENGAGED,United Kingdom,11,4464.92,26,405.9018,1030.92,0.0,1.0,1.0,602,POSITIVE_MOMENTUM,False
18070,Unsegmented (Insufficient History),DORMANT,United Kingdom,1,314.1,669,314.1,0.0,0.0,0.0,0.0,9,None,True
18071,Low-Activity / Long-Recency,DORMANT,United Kingdom,6,1169.68,257,194.9467,0.0,0.0,0.0,0.0,52,None,False
18072,Unsegmented (Insufficient History),DORMANT,United Kingdom,1,247.44,185,247.44,0.0,0.0,0.0,0.0,18,None,True
18073,Low-Activity / Long-Recency,DORMANT,United Kingdom,12,3859.82,114,321.6517,0.0,3355.58,-1.0,-1.0,23,HIGH_VALUE_SOFTENING,False
18074,Low-Activity / Long-Recency,DORMANT,United Kingdom,2,1019.44,373,509.72,0.0,0.0,0.0,0.0,37,None,False
18075,High-Value Stable,ENGAGED,United Kingdom,20,5783.29,23,289.1645,654.0,687.03,-0.0481,0.0,180,None,False
18076,Unsegmented (Insufficient History),DORMANT,United Kingdom,1,151.49,380,151.49,0.0,0.0,0.0,0.0,8,None,True
18077,High-Value Stable,ENGAGED,United Kingdom,18,4078.79,8,226.5994,962.07,742.96,0.2949,0.3333,141,HIGH_FREQUENCY_LOW_VALUE,False
18078,Low-Activity / Long-Recency,DORMANT,United Kingdom,4,725.53,217,181.3825,0.0,0.0,0.0,0.0,65,None,False
18079,Emerging Engagement,ENGAGED,United Kingdom,5,4203.93,45,840.786,1406.97,593.35,1.3712,1.0,107,POSITIVE_MOMENTUM,False
18080,Emerging Engagement,ENGAGED,United Kingdom,2,1231.5,18,615.75,390.0,0.0,1.0,1.0,2,POSITIVE_MOMENTUM,False
18081,Low-Activity / Long-Recency,SOFTENING,United Kingdom,3,343.45,36,114.4833,135.4,208.05,-0.3492,-0.5,14,None,False
18082,Unsegmented (Insufficient History),EMERGING,United Kingdom,1,680.84,25,680.84,680.84,0.0,1.0,1.0,62,EMERGING_BROADENING,True
18083,Unsegmented (Insufficient History),DORMANT,United Kingdom,1,463.53,397,463.53,0.0,0.0,0.0,0.0,36,None,True
18084,Emerging Engagement,ENGAGED,United Kingdom,3,795.23,16,265.0767,90.48,0.0,1.0,1.0,7,POSITIVE_MOMENTUM,False
18085,Low-Activity / Long-Recency,DORMANT,United Kingdom,4,1341.85,330,335.4625,0.0,0.0,0.0,0.0,42,None,False
18086,Unsegmented (Insufficient History),DORMANT,United Kingdom,1,101.34,274,101.34,0.0,0.0,0.0,0.0,7,None,True
18087,High-Value Stable,SOFTENING,United Kingdom,17,14761.52,98,868.3247,0.0,852.8,-1.0,-1.0,44,HIGH_VALUE_SOFTENING,False
18088,Unsegmented (Insufficient History),EMERGING,United Kingdom,1,166.03,61,166.03,166.03,0.0,1.0,1.0,35,EMERGING_BROADENING,True
18089,Unsegmented (Insufficient History),DORMANT,United Kingdom,1,428.45,446,428.45,0.0,0.0,0.0,0.0,9,None,True
18090,Unsegmented (Insufficient History),DORMANT,United Kingdom,1,321.9,421,321.9,0.0,0.0,0.0,0.0,47,None,True
18091,Unsegmented (Insufficient History),DORMANT,United Kingdom,1,360.85,593,360.85,0.0,0.0,0.0,0.0,25,None,True
18092,High-Value Stable,ENGAGED,United Kingdom,18,14693.72,2,816.3178,3216.78,1181.44,1.7228,2.0,42,POSITIVE_MOMENTUM,False
18093,Low-Activity / Long-Recency,SOFTENING,United Kingdom,8,4452.71,93,556.5888,0.0,989.0,-1.0,-1.0,43,HIGH_VALUE_SOFTENING,False
18094,High-Value Stable,SOFTENING,United Kingdom,13,6391.52,81,491.6554,615.0,625.1,-0.0162,0.0,55,None,False
18095,Low-Activity / Long-Recency,DORMANT,United Kingdom,5,2303.09,312,460.618,0.0,0.0,0.0,0.0,37,None,False
18096,Emerging Engagement,ENGAGED,United Kingdom,6,1657.87,11,276.3117,849.06,0.0,1.0,1.0,299,POSITIVE_MOMENTUM,False
18097,High-Value Stable,SOFTENING,United Kingdom,11,4627.92,7,420.72,676.2,529.64,0.2767,-0.5,86,BROAD_ENGAGEMENT_SOFTENING,False
18098,Unsegmented (Insufficient History),DORMANT,United Kingdom,1,527.94,396,527.94,0.0,0.0,0.0,0.0,85,None,True
18099,Unsegmented (Insufficient History),DORMANT,United Kingdom,1,168.31,127,168.31,0.0,168.31,-1.0,-1.0,19,None,True
18100,Unsegmented (Insufficient History),DORMANT,United Kingdom,1,451.56,550,451.56,0.0,0.0,0.0,0.0,30,None,True
18101,Low-Activity / Long-Recency,ENGAGED,United Kingdom,5,622.01,11,124.402,112.17,110.23,0.0176,0.0,89,None,False
18102,High-Value Stable,ENGAGED,United Kingdom,145,580987.04,0,4006.8072,124206.55,43321.12,1.8671,2.3,382,POSITIVE_MOMENTUM,False
18103,Unsegmented (Insufficient History),DORMANT,United Kingdom,1,105.8,549,105.8,0.0,0.0,0.0,0.0,10,None,True
18104,Unsegmented (Insufficient History),EMERGING,United Kingdom,1,754.64,37,754.64,754.64,0.0,1.0,1.0,38,EMERGING_BROADENING,True
18105,Unsegmented (Insufficient History),EMERGING,United Kingdom,1,113.48,37,113.48,113.48,0.0,1.0,1.0,18,EMERGING_BROADENING,True
18106,Low-Activity / Long-Recency,DORMANT,United Kingdom,6,1441.06,329,240.1767,0.0,0.0,0.0,0.0,126,None,False
18107,Unsegmented (Insufficient History),DORMANT,United Kingdom,1,165.88,442,165.88,0.0,0.0,0.0,0.0,38,None,True
18108,Low-Activity / Long-Recency,DORMANT,United Kingdom,3,848.81,254,282.9367,0.0,0.0,0.0,0.0,43,None,False
18109,High-Value Stable,ENGAGED,United Kingdom,38,9555.71,1,251.4661,3178.05,1937.86,0.64,0.3333,203,POSITIVE_MOMENTUM,False
18110,Emerging Engagement,ENGAGED,United Kingdom,2,392.28,19,196.14,198.8,0.0,1.0,1.0,58,POSITIVE_MOMENTUM,False
18111,Unsegmented (Insufficient History),DORMANT,United Kingdom,1,405.85,589,405.85,0.0,0.0,0.0,0.0,27,None,True
18112,Low-Activity / Long-Recency,ENGAGED,United Kingdom,4,773.36,12,193.34,156.05,196.64,-0.2064,0.0,59,None,False
18113,Unsegmented (Insufficient History),DORMANT,United Kingdom,1,76.32,368,76.32,0.0,0.0,0.0,0.0,1,None,True
18114,Unsegmented (Insufficient History),DORMANT,United Kingdom,1,220.1,290,220.1,0.0,0.0,0.0,0.0,28,None,True
18115,Unsegmented (Insufficient History),DORMANT,United Kingdom,1,9.7,697,9.7,0.0,0.0,0.0,0.0,3,None,True
18116,High-Value Stable,ENGAGED,United Kingdom,13,2134.49,67,164.1915,163.56,0.0,1.0,1.0,311,POSITIVE_MOMENTUM,False
18117,Unsegmented (Insufficient History),EMERGING,United Kingdom,1,315.65,25,315.65,315.65,0.0,1.0,1.0,68,EMERGING_BROADENING,True
18118,High-Value Stable,ENGAGED,United Kingdom,29,6221.02,10,214.5179,1402.14,719.6,0.9485,0.75,444,POSITIVE_MOMENTUM,False
18119,Unsegmented (Insufficient History),DORMANT,United Kingdom,1,180.7,367,180.7,0.0,0.0,0.0,0.0,29,None,True
18120,Unsegmented (Insufficient History),DORMANT,United Kingdom,1,111.15,214,111.15,0.0,0.0,0.0,0.0,17,None,True
18121,Low-Activity / Long-Recency,DORMANT,United Kingdom,2,653.3,149,326.65,0.0,653.3,-1.0,-1.0,28,None,False
18122,Emerging Engagement,ENGAGED,United Kingdom,6,1793.06,8,298.8433,1673.87,119.19,13.0437,4.0,239,POSITIVE_MOMENTUM,False
18123,Emerging Engagement,ENGAGED,United Kingdom,3,666.64,24,222.2133,574.44,0.0,1.0,1.0,53,POSITIVE_MOMENTUM,False
18124,Unsegmented (Insufficient History),DORMANT,United Kingdom,1,102.65,472,102.65,0.0,0.0,0.0,0.0,20,None,True
18125,Emerging Engagement,ENGAGED,United Kingdom,4,1131.75,29,282.9375,197.85,0.0,1.0,1.0,164,POSITIVE_MOMENTUM,False
18126,Unsegmented (Insufficient History),EMERGING,United Kingdom,1,200.92,60,200.92,200.92,0.0,1.0,1.0,52,EMERGING_BROADENING,True
18127,Emerging Engagement,ENGAGED,United Kingdom,4,556.13,19,139.0325,207.48,139.6,0.4862,1.0,56,POSITIVE_MOMENTUM,False
18128,Unsegmented (Insufficient History),DORMANT,United Kingdom,1,399.29,537,399.29,0.0,0.0,0.0,0.0,42,None,True
18129,Unsegmented (Insufficient History),DORMANT,United Kingdom,1,112.55,243,112.55,0.0,0.0,0.0,0.0,13,None,True
18130,Unsegmented (Insufficient History),EMERGING,United Kingdom,3,1059.39,15,353.13,1059.39,0.0,1.0,1.0,58,EMERGING_BROADENING,True
18131,Unsegmented (Insufficient History),DORMANT,United Kingdom,1,222.96,631,222.96,0.0,0.0,0.0,0.0,4,None,True
18132,Unsegmented (Insufficient History),DORMANT,United Kingdom,1,220.13,504,220.13,0.0,0.0,0.0,0.0,60,None,True
18133,Unsegmented (Insufficient History),DORMANT,United Kingdom,1,931.5,212,931.5,0.0,0.0,0.0,0.0,1,None,True
18134,Low-Activity / Long-Recency,DORMANT,United Kingdom,2,445.0,598,222.5,0.0,0.0,0.0,0.0,27,None,False
18135,Emerging Engagement,ENGAGED,United Kingdom,10,1249.62,29,124.962,572.09,0.0,1.0,1.0,23,HIGH_FREQUENCY_LOW_VALUE,False
18136,Emerging Engagement,ENGAGED,United Kingdom,5,1631.36,63,326.272,183.48,0.0,1.0,1.0,77,POSITIVE_MOMENTUM,False
18137,Low-Activity / Long-Recency,DORMANT,United Kingdom,2,145.99,551,72.995,0.0,0.0,0.0,0.0,26,None,False
18138,Unsegmented (Insufficient History),DORMANT,United Kingdom,1,152.65,295,152.65,0.0,0.0,0.0,0.0,8,None,True
18139,Unsegmented (Insufficient History),EMERGING,United Kingdom,6,8438.34,17,1406.39,8438.34,0.0,1.0,1.0,35,EMERGING_BROADENING,True
18140,Unsegmented (Insufficient History),DORMANT,West Indies,1,536.41,473,536.41,0.0,0.0,0.0,0.0,49,None,True
18141,Low-Activity / Long-Recency,DORMANT,United Kingdom,2,882.47,401,441.235,0.0,0.0,0.0,0.0,38,None,False
18142,Low-Activity / Long-Recency,DORMANT,United Kingdom,2,1019.52,157,509.76,0.0,737.04,-1.0,-1.0,9,None,False
18143,Low-Activity / Long-Recency,DORMANT,United Kingdom,2,1000.16,116,500.08,0.0,1000.16,-1.0,-1.0,59,None,False
18144,High-Value Stable,SOFTENING,United Kingdom,19,4892.95,7,257.5237,723.2,559.9,0.2917,0.5,51,POSITIVE_MOMENTUM,False
18145,High-Value Stable,ENGAGED,United Kingdom,11,5609.74,12,509.9764,1837.77,0.0,1.0,1.0,250,POSITIVE_MOMENTUM,False
18146,Low-Activity / Long-Recency,DORMANT,United Kingdom,2,160.35,140,80.175,0.0,83.7,-1.0,-1.0,10,None,False
18147,Low-Activity / Long-Recency,ENGAGED,United Kingdom,2,179.34,45,89.67,80.46,98.88,-0.1863,0.0,7,None,False
18148,Unsegmented (Insufficient History),DORMANT,United Kingdom,1,112.85,646,112.85,0.0,0.0,0.0,0.0,9,None,True
18149,Emerging Engagement,ENGAGED,United Kingdom,7,1553.96,50,221.9943,62.4,0.0,1.0,1.0,54,POSITIVE_MOMENTUM,False
18150,Low-Activity / Long-Recency,ENGAGED,United Kingdom,3,566.58,32,188.86,153.3,185.7,-0.1745,0.0,29,None,False
18151,Low-Activity / Long-Recency,DORMANT,United Kingdom,6,1879.44,134,313.24,0.0,340.8,-1.0,-1.0,99,BROAD_ENGAGEMENT_SOFTENING,False
18152,Unsegmented (Insufficient History),DORMANT,United Kingdom,1,426.69,646,426.69,0.0,0.0,0.0,0.0,10,None,True
18153,Unsegmented (Insufficient History),DORMANT,United Kingdom,1,246.22,659,246.22,0.0,0.0,0.0,0.0,17,None,True
18154,Emerging Engagement,ENGAGED,United Kingdom,5,932.6,3,186.52,399.19,0.0,1.0,1.0,34,POSITIVE_MOMENTUM,False
18155,Low-Activity / Long-Recency,SOFTENING,United Kingdom,3,371.62,75,123.8733,105.06,152.63,-0.3117,0.0,19,None,False
18156,Emerging Engagement,ENGAGED,United Kingdom,2,675.64,12,337.82,488.76,0.0,1.0,1.0,100,POSITIVE_MOMENTUM,False
18157,Unsegmented (Insufficient History),DORMANT,United Kingdom,1,213.9,571,213.9,0.0,0.0,0.0,0.0,25,None,True
18158,Unsegmented (Insufficient History),ENGAGED,United Kingdom,2,453.4,9,226.7,453.4,0.0,1.0,1.0,24,POSITIVE_MOMENTUM,True
18159,Unsegmented (Insufficient History),DORMANT,United Kingdom,1,530.15,301,530.15,0.0,0.0,0.0,0.0,23,None,True
18160,Emerging Engagement,ENGAGED,United Kingdom,3,1003.88,57,334.6267,319.51,0.0,1.0,1.0,56,POSITIVE_MOMENTUM,False
18161,Emerging Engagement,ENGAGED,United Kingdom,6,1803.1,15,300.5167,847.43,224.94,2.7674,1.0,57,POSITIVE_MOMENTUM,False
18162,Unsegmented (Insufficient History),DORMANT,United Kingdom,1,371.51,732,371.51,0.0,0.0,0.0,0.0,45,None,True
18163,Unsegmented (Insufficient History),DORMANT,United Kingdom,1,728.84,584,728.84,0.0,0.0,0.0,0.0,33,None,True
18164,Unsegmented (Insufficient History),EMERGING,United Kingdom,1,399.65,37,399.65,399.65,0.0,1.0,1.0,24,EMERGING_BROADENING,True
18165,Unsegmented (Insufficient History),DORMANT,United Kingdom,1,302.46,177,302.46,0.0,302.46,-1.0,-1.0,10,None,True
18166,Unsegmented (Insufficient History),DORMANT,United Kingdom,1,175.5,623,175.5,0.0,0.0,0.0,0.0,10,None,True
18167,Emerging Engagement,ENGAGED,United Kingdom,3,1384.86,23,461.62,886.38,498.48,0.7782,1.0,24,POSITIVE_MOMENTUM,False
18168,High-Value Stable,DORMANT,United Kingdom,16,3435.5,176,214.7188,0.0,115.15,-1.0,-1.0,209,HIGH_VALUE_SOFTENING,False
18169,Unsegmented (Insufficient History),EMERGING,United Kingdom,1,202.65,60,202.65,202.65,0.0,1.0,1.0,9,EMERGING_BROADENING,True
18170,High-Value Stable,ENGAGED,United Kingdom,9,2878.0,33,319.7778,324.8,351.3,-0.0754,0.0,59,None,False
18171,High-Value Stable,ENGAGED,United Kingdom,9,2437.31,58,270.8122,237.0,529.72,-0.5526,-0.5,76,None,False
18172,High-Value Stable,ENGAGED,United Kingdom,52,17467.24,14,335.9085,1926.4,1915.12,0.0059,1.25,176,None,False
18173,Emerging Engagement,SOFTENING,United Kingdom,5,2696.36,86,539.272,378.0,0.0,1.0,1.0,34,POSITIVE_MOMENTUM,False
18174,Emerging Engagement,REACTIVATED,United Kingdom,2,162.5,7,81.25,104.0,0.0,1.0,1.0,1,POSITIVE_MOMENTUM,False
18175,Unsegmented (Insufficient History),DORMANT,United Kingdom,1,176.1,675,176.1,0.0,0.0,0.0,0.0,7,None,True
18176,Unsegmented (Insufficient History),DORMANT,United Kingdom,1,476.35,358,476.35,0.0,0.0,0.0,0.0,30,None,True
18177,High-Value Stable,ENGAGED,United Kingdom,9,2216.32,31,246.2578,303.6,324.17,-0.0635,0.0,66,None,False
18178,High-Value Stable,DORMANT,United Kingdom,11,6103.74,128,554.8855,0.0,490.87,-1.0,-1.0,204,HIGH_VALUE_SOFTENING,False
18179,Emerging Engagement,ENGAGED,United Kingdom,8,2547.55,9,318.4438,690.01,0.0,1.0,1.0,101,POSITIVE_MOMENTUM,False
18180,Emerging Engagement,SOFTENING,United Kingdom,6,1843.75,4,307.2917,1241.9,601.85,1.0635,1.0,108,POSITIVE_MOMENTUM,False
18181,Emerging Engagement,ENGAGED,United Kingdom,5,1188.34,24,237.668,366.85,0.0,1.0,1.0,139,POSITIVE_MOMENTUM,False
18182,Unsegmented (Insufficient History),DORMANT,United Kingdom,1,291.13,463,291.13,0.0,0.0,0.0,0.0,10,None,True
18183,Low-Activity / Long-Recency,DORMANT,United Kingdom,2,632.07,227,316.035,0.0,0.0,0.0,0.0,36,None,False
18184,Unsegmented (Insufficient History),EMERGING,United Kingdom,1,49.8,15,49.8,49.8,0.0,1.0,1.0,1,EMERGING_BROADENING,True
18185,Unsegmented (Insufficient History),DORMANT,United Kingdom,1,304.25,249,304.25,0.0,0.0,0.0,0.0,17,None,True
18186,Unsegmented (Insufficient History),DORMANT,United Kingdom,1,329.58,722,329.58,0.0,0.0,0.0,0.0,11,None,True
18187,Unsegmented (Insufficient History),DORMANT,United Kingdom,1,724.89,631,724.89,0.0,0.0,0.0,0.0,48,None,True
18188,Emerging Engagement,ENGAGED,United Kingdom,6,3280.59,15,546.765,1574.44,0.0,1.0,1.0,95,POSITIVE_MOMENTUM,False
18189,Emerging Engagement,SOFTENING,United Kingdom,3,1403.73,77,467.91,457.14,0.0,1.0,1.0,79,POSITIVE_MOMENTUM,False
18190,Low-Activity / Long-Recency,DORMANT,United Kingdom,5,745.62,192,149.124,0.0,0.0,0.0,0.0,34,None,False
18191,Low-Activity / Long-Recency,DORMANT,United Kingdom,2,529.4,261,264.7,0.0,0.0,0.0,0.0,15,None,False
18192,Unsegmented (Insufficient History),SOFTENING,United Kingdom,1,957.97,71,957.97,957.97,0.0,1.0,1.0,45,POSITIVE_MOMENTUM,True
18193,Low-Activity / Long-Recency,DORMANT,United Kingdom,3,1207.35,165,402.45,0.0,243.76,-1.0,-1.0,66,None,False
18194,Emerging Engagement,SOFTENING,United Kingdom,6,4162.04,82,693.6733,973.84,0.0,1.0,1.0,23,POSITIVE_MOMENTUM,False
18195,Unsegmented (Insufficient History),DORMANT,United Kingdom,1,101.16,387,101.16,0.0,0.0,0.0,0.0,5,None,True
18196,Low-Activity / Long-Recency,SOFTENING,United Kingdom,4,1457.19,95,364.2975,0.0,235.85,-1.0,-1.0,210,BROAD_ENGAGEMENT_SOFTENING,False
18197,Unsegmented (Insufficient History),DORMANT,United Kingdom,1,230.1,575,230.1,0.0,0.0,0.0,0.0,9,None,True
18198,High-Value Stable,SOFTENING,United Kingdom,17,5425.56,4,319.1506,998.17,926.6,0.0772,0.0,81,None,False
18199,Unsegmented (Insufficient History),DORMANT,United Kingdom,1,344.75,683,344.75,0.0,0.0,0.0,0.0,20,None,True
18200,Unsegmented (Insufficient History),DORMANT,United Kingdom,1,150.35,106,150.35,0.0,150.35,-1.0,-1.0,29,None,True
18201,Unsegmented (Insufficient History),DORMANT,United Kingdom,1,447.53,722,447.53,0.0,0.0,0.0,0.0,27,None,True
18202,Low-Activity / Long-Recency,DORMANT,United Kingdom,3,1396.99,199,465.6633,0.0,0.0,0.0,0.0,55,None,False
18203,Low-Activity / Long-Recency,DORMANT,United Kingdom,4,492.52,157,123.13,0.0,160.42,-1.0,-1.0,40,None,False
18204,Low-Activity / Long-Recency,SOFTENING,United Kingdom,3,1975.35,71,658.45,616.48,817.89,-0.2463,0.0,159,None,False
18205,Unsegmented (Insufficient History),ENGAGED,United Kingdom,2,517.36,36,258.68,517.36,0.0,1.0,1.0,30,POSITIVE_MOMENTUM,True
18206,Unsegmented (Insufficient History),DORMANT,United Kingdom,1,314.66,553,314.66,0.0,0.0,0.0,0.0,19,None,True
18207,Unsegmented (Insufficient History),DORMANT,United Kingdom,1,544.47,499,544.47,0.0,0.0,0.0,0.0,31,None,True
18208,Unsegmented (Insufficient History),DORMANT,United Kingdom,1,360.08,565,360.08,0.0,0.0,0.0,0.0,17,None,True
18209,Unsegmented (Insufficient History),EMERGING,United Kingdom,1,139.1,28,139.1,139.1,0.0,1.0,1.0,8,EMERGING_BROADENING,True
18210,Emerging Engagement,ENGAGED,United Kingdom,7,2768.83,1,395.5471,2478.98,0.0,1.0,1.0,116,POSITIVE_MOMENTUM,False
18211,Emerging Engagement,ENGAGED,United Kingdom,5,600.07,25,120.014,331.37,130.8,1.5334,2.0,37,POSITIVE_MOMENTUM,False
18212,Low-Activity / Long-Recency,DORMANT,United Kingdom,2,514.37,326,257.185,0.0,0.0,0.0,0.0,40,None,False
18213,Unsegmented (Insufficient History),DORMANT,United Kingdom,1,232.48,236,232.48,0.0,0.0,0.0,0.0,15,None,True
18214,Low-Activity / Long-Recency,DORMANT,United Kingdom,4,1780.34,530,445.085,0.0,0.0,0.0,0.0,38,None,False
18215,Emerging Engagement,SOFTENING,United Kingdom,5,2232.49,89,446.498,299.34,0.0,1.0,1.0,53,POSITIVE_MOMENTUM,False
18216,Unsegmented (Insufficient History),EMERGING,United Kingdom,1,481.75,31,481.75,481.75,0.0,1.0,1.0,26,EMERGING_BROADENING,True
18217,Emerging Engagement,ENGAGED,United Kingdom,4,945.04,29,236.26,621.75,0.0,1.0,1.0,33,POSITIVE_MOMENTUM,False
18218,Low-Activity / Long-Recency,DORMANT,United Kingdom,4,1121.84,211,280.46,0.0,0.0,0.0,0.0,25,None,False
18219,High-Value Stable,ENGAGED,United Kingdom,17,3352.7,2,197.2176,702.64,454.82,0.5449,-0.3333,87,HIGH_FREQUENCY_LOW_VALUE,False
18220,Low-Activity / Long-Recency,DORMANT,United Kingdom,6,1921.76,226,320.2933,0.0,0.0,0.0,0.0,17,None,False
18221,Emerging Engagement,ENGAGED,United Kingdom,6,1424.94,22,237.49,334.75,169.85,0.9709,1.0,71,POSITIVE_MOMENTUM,False
18222,Unsegmented (Insufficient History),SOFTENING,United Kingdom,1,443.0,92,443.0,0.0,443.0,-1.0,-1.0,19,None,True
18223,High-Value Stable,ENGAGED,United Kingdom,26,14000.85,4,538.4942,2448.2,1278.86,0.9144,-0.25,192,BROAD_ENGAGEMENT_SOFTENING,False
18224,Unsegmented (Insufficient History),DORMANT,United Kingdom,1,158.95,263,158.95,0.0,0.0,0.0,0.0,10,None,True
18225,High-Value Stable,ENGAGED,United Kingdom,26,13014.8,3,500.5692,2774.18,1062.71,1.6105,1.5,266,POSITIVE_MOMENTUM,False
18226,High-Value Stable,SOFTENING,United Kingdom,26,11878.88,44,456.88,977.02,1650.69,-0.4081,-0.3333,299,BROAD_ENGAGEMENT_SOFTENING,False
18227,Low-Activity / Long-Recency,DORMANT,United Kingdom,2,388.75,217,194.375,0.0,0.0,0.0,0.0,6,None,False
18228,Unsegmented (Insufficient History),ENGAGED,United Kingdom,2,779.9,56,389.95,779.9,0.0,1.0,1.0,23,POSITIVE_MOMENTUM,True
18229,High-Value Stable,SOFTENING,United Kingdom,28,10150.51,11,362.5182,2064.84,2002.16,0.0313,0.2,73,None,False
18230,High-Value Stable,ENGAGED,United Kingdom,9,4291.06,9,476.7844,663.84,892.06,-0.2558,0.0,42,HIGH_VALUE_SOFTENING,False
18231,High-Value Stable,DORMANT,United Kingdom,28,6854.17,192,244.7918,0.0,0.0,0.0,0.0,218,HISTORICAL_VALUE_DORMANT,False
18232,Low-Activity / Long-Recency,SOFTENING,United Kingdom,4,592.97,81,148.2425,92.35,129.64,-0.2876,0.0,31,None,False
18233,Unsegmented (Insufficient History),DORMANT,United Kingdom,1,440.0,325,440.0,0.0,0.0,0.0,0.0,1,None,True
18234,Unsegmented (Insufficient History),DORMANT,United Kingdom,1,179.6,551,179.6,0.0,0.0,0.0,0.0,30,None,True
18235,Emerging Engagement,SOFTENING,United Kingdom,3,1796.48,71,598.8267,1046.68,319.34,2.2776,0.0,100,None,False
18236,High-Value Stable,SOFTENING,United Kingdom,12,1795.35,29,149.6125,241.05,336.69,-0.2841,0.0,80,HIGH_FREQUENCY_LOW_VALUE,False
18237,Low-Activity / Long-Recency,SOFTENING,United Kingdom,5,987.1,2,197.42,261.55,725.55,-0.6395,-0.3333,40,None,False
18238,Unsegmented (Insufficient History),DORMANT,United Kingdom,1,270.92,515,270.92,0.0,0.0,0.0,0.0,14,None,True
18239,Low-Activity / Long-Recency,DORMANT,United Kingdom,6,1712.26,218,285.3767,0.0,0.0,0.0,0.0,85,None,False
18240,Unsegmented (Insufficient History),EMERGING,United Kingdom,1,422.58,46,422.58,422.58,0.0,1.0,1.0,6,EMERGING_BROADENING,True
18241,High-Value Stable,SOFTENING,United Kingdom,21,2986.99,9,142.2376,723.51,983.75,-0.2645,-0.4,101,HIGH_VALUE_SOFTENING,False
18242,High-Value Stable,SOFTENING,United Kingdom,8,3605.21,72,450.6513,1538.41,0.0,1.0,1.0,113,POSITIVE_MOMENTUM,False
18243,Unsegmented (Insufficient History),DORMANT,United Kingdom,1,515.78,414,515.78,0.0,0.0,0.0,0.0,26,None,True
18244,Low-Activity / Long-Recency,DORMANT,United Kingdom,2,568.64,430,284.32,0.0,0.0,0.0,0.0,19,None,False
18245,High-Value Stable,REACTIVATED,United Kingdom,20,6324.98,7,316.249,894.25,366.52,1.4398,-0.5,336,BROAD_ENGAGEMENT_SOFTENING,False
18246,Emerging Engagement,ENGAGED,United Kingdom,3,758.82,23,252.94,363.2,0.0,1.0,1.0,3,POSITIVE_MOMENTUM,False
18247,Low-Activity / Long-Recency,DORMANT,United Kingdom,3,839.73,414,279.91,0.0,0.0,0.0,0.0,28,None,False
18248,Low-Activity / Long-Recency,DORMANT,United Kingdom,2,804.02,122,402.01,0.0,307.56,-1.0,-1.0,39,None,False
18249,Unsegmented (Insufficient History),EMERGING,United Kingdom,1,95.34,17,95.34,95.34,0.0,1.0,1.0,8,EMERGING_BROADENING,True
18250,Unsegmented (Insufficient History),DORMANT,United Kingdom,1,349.27,310,349.27,0.0,0.0,0.0,0.0,21,None,True
18251,High-Value Stable,SOFTENING,United Kingdom,9,26278.86,87,2919.8733,4314.72,0.0,1.0,1.0,87,POSITIVE_MOMENTUM,False
18252,Emerging Engagement,ENGAGED,United Kingdom,7,1533.69,50,219.0986,448.37,69.9,5.4144,0.0,125,None,False
18253,Unsegmented (Insufficient History),DORMANT,United Kingdom,1,317.88,642,317.88,0.0,0.0,0.0,0.0,7,None,True
18254,Unsegmented (Insufficient History),DORMANT,United Kingdom,1,267.9,581,267.9,0.0,0.0,0.0,0.0,16,None,True
18255,Emerging Engagement,SOFTENING,United Kingdom,2,303.15,89,151.575,103.3,0.0,1.0,1.0,16,POSITIVE_MOMENTUM,False
18256,Unsegmented (Insufficient History),DORMANT,United Kingdom,1,110.7,387,110.7,0.0,0.0,0.0,0.0,10,None,True
18257,High-Value Stable,ENGAGED,United Kingdom,12,4600.15,39,383.3458,774.76,841.67,-0.0795,0.5,219,None,False
18258,Low-Activity / Long-Recency,DORMANT,United Kingdom,6,2059.67,464,343.2783,0.0,0.0,0.0,0.0,30,None,False
18259,Emerging Engagement,ENGAGED,United Kingdom,7,3941.9,24,563.1286,1962.3,0.0,1.0,1.0,51,POSITIVE_MOMENTUM,False
18260,High-Value Stable,DORMANT,United Kingdom,23,9947.26,172,432.4896,0.0,427.13,-1.0,-1.0,212,HIGH_VALUE_SOFTENING,False
18261,Low-Activity / Long-Recency,ENGAGED,United Kingdom,2,324.24,43,162.12,99.44,224.8,-0.5577,0.0,19,None,False
18262,Low-Activity / Long-Recency,DORMANT,United Kingdom,3,577.54,140,192.5133,0.0,149.48,-1.0,-1.0,40,None,False
18263,Low-Activity / Long-Recency,ENGAGED,United Kingdom,3,1213.16,25,404.3867,401.76,503.8,-0.2025,0.0,59,None,False
18264,Unsegmented (Insufficient History),DORMANT,United Kingdom,1,603.25,498,603.25,0.0,0.0,0.0,0.0,36,None,True
18265,Low-Activity / Long-Recency,SOFTENING,United Kingdom,2,801.51,72,400.755,312.96,488.55,-0.3594,0.0,44,None,False
18266,Unsegmented (Insufficient History),DORMANT,United Kingdom,1,251.1,434,251.1,0.0,0.0,0.0,0.0,14,None,True
18267,Unsegmented (Insufficient History),DORMANT,United Kingdom,1,269.37,672,269.37,0.0,0.0,0.0,0.0,17,None,True
18268,Low-Activity / Long-Recency,DORMANT,United Kingdom,6,1490.23,134,248.3717,0.0,25.5,-1.0,-1.0,36,None,False
18269,Unsegmented (Insufficient History),DORMANT,United Kingdom,1,168.6,366,168.6,0.0,0.0,0.0,0.0,7,None,True
18270,Emerging Engagement,ENGAGED,United Kingdom,3,444.55,38,148.1833,171.2,0.0,1.0,1.0,17,POSITIVE_MOMENTUM,False
18271,Low-Activity / Long-Recency,DORMANT,United Kingdom,2,680.85,609,340.425,0.0,0.0,0.0,0.0,19,None,False
18272,High-Value Stable,ENGAGED,United Kingdom,9,4385.98,2,487.3311,972.13,1125.91,-0.1366,0.0,145,None,False
18273,Low-Activity / Long-Recency,ENGAGED,United Kingdom,4,357.0,2,89.25,51.0,102.0,-0.5,0.0,1,None,False
18274,Unsegmented (Insufficient History),EMERGING,United Kingdom,1,175.92,30,175.92,175.92,0.0,1.0,1.0,11,EMERGING_BROADENING,True
18275,Low-Activity / Long-Recency,DORMANT,United Kingdom,2,741.85,578,370.925,0.0,0.0,0.0,0.0,19,None,False
18276,Emerging Engagement,ENGAGED,United Kingdom,6,1656.52,43,276.0867,335.86,0.0,1.0,1.0,81,POSITIVE_MOMENTUM,False
18277,Emerging Engagement,ENGAGED,United Kingdom,5,1180.05,58,236.01,110.38,0.0,1.0,1.0,53,POSITIVE_MOMENTUM,False
18278,Emerging Engagement,SOFTENING,United Kingdom,2,414.2,73,207.1,173.9,0.0,1.0,1.0,22,POSITIVE_MOMENTUM,False
18279,Unsegmented (Insufficient History),DORMANT,United Kingdom,1,231.34,519,231.34,0.0,0.0,0.0,0.0,13,None,True
18280,Low-Activity / Long-Recency,DORMANT,United Kingdom,2,488.15,277,244.075,0.0,0.0,0.0,0.0,28,None,False
18281,Low-Activity / Long-Recency,DORMANT,United Kingdom,2,201.14,180,100.57,0.0,0.0,0.0,0.0,17,None,False
18282,Low-Activity / Long-Recency,ENGAGED,United Kingdom,2,178.05,7,89.025,77.84,100.21,-0.2232,0.0,12,None,False
18283,High-Value Stable,ENGAGED,United Kingdom,22,2664.9,3,121.1318,958.7,571.31,0.6781,0.2,352,HIGH_FREQUENCY_LOW_VALUE,False
18284,Unsegmented (Insufficient History),DORMANT,United Kingdom,1,461.68,431,461.68,0.0,0.0,0.0,0.0,28,None,True
18285,Unsegmented (Insufficient History),DORMANT,United Kingdom,1,427.0,660,427.0,0.0,0.0,0.0,0.0,12,None,True
18286,Low-Activity / Long-Recency,DORMANT,United Kingdom,2,1296.43,476,648.215,0.0,0.0,0.0,0.0,67,None,False
18287,Emerging Engagement,ENGAGED,United Kingdom,7,4182.99,42,597.57,1072.0,0.0,1.0,1.0,120,POSITIVE_MOMENTUM,False
